id_municipio,risco_previsto,risco_real,n_alunos,diferenca
2919900,0.9601364166708131,0.875,40,0.08513641667081306
1718501,0.9546007041216252,0.5,48,0.45460070412162523
2205581,0.9463142275103218,0.5454545454545454,55,0.4008596820557764
2406908,0.9452537625492694,0.5714285714285714,21,0.373825191120698
1716307,0.9424274767316393,0.6206896551724138,58,0.3217378215592255
1715705,0.9403353969901269,0.691358024691358,81,0.24897737229876893
1718006,0.9403353969901269,0.6170212765957447,47,0.32331412039438223
3167509,0.9372535071471467,0.5,24,0.4372535071471467
2505808,0.9203690979850693,0.4,35,0.5203690979850693
2804300,0.9201881384209868,0.7714285714285715,35,0.14875956699241533
2907400,0.9179648493298629,0.7428571428571429,35,0.17510770647272
2805901,0.9152060091285685,0.6847826086956522,92,0.23042340043291631
2505238,0.9137809067172334,0.7692307692307693,65,0.14455013748646417
2515005,0.9137809067172334,0.0,23,0.9137809067172334
1717800,0.9127421974016704,0.5476190476190477,42,0.3651231497826227
1703073,0.909397606833561,0.8194444444444444,72,0.08995316238911655
2514602,0.9074169537068065,0.7096774193548387,31,0.19773953435196778
1707702,0.8980846374020219,0.8727272727272727,55,0.02535736467474925
2408706,0.8972287027524144,0.8571428571428571,14,0.0400858456095573
2410108,0.8972287027524144,0.7538461538461538,65,0.14338254890626057
1709005,0.8955624459192769,0.6141732283464567,127,0.2813892175728202
2506608,0.8905554753560928,0.41379310344827586,29,0.47676237190781695
2513158,0.8905554753560928,0.5185185185185185,54,0.3720369568375743
2907202,0.8904344785684424,0.7906976744186046,430,0.09973680414983777
2205599,0.8904344785684424,0.37037037037037035,27,0.520064108198072
2408953,0.8899382929027125,0.6931818181818182,88,0.1967564747208943
2401602,0.8899382929027124,0.7090909090909091,55,0.18084738381180332
2515807,0.8891306454127238,0.14285714285714285,14,0.7462735025555809
2208601,0.8890082697227936,0.52,50,0.36900826972279355
2202307,0.8890082697227936,0.6681614349775785,223,0.22084683474521505
2929800,0.8890082697227936,0.7926829268292683,82,0.09632534289352523
2916302,0.8890082697227936,0.765625,64,0.12338326972279356
2101939,0.8884035512686135,0.12121212121212122,33,0.7671914300564923
2111250,0.8884035512686134,0.4383561643835616,73,0.45004738688505175
5214804,0.8857901336257081,0.15789473684210525,19,0.7278953967836028
2805109,0.8852998040515364,0.8870967741935484,62,-0.0017969701420119666
2203271,0.8837583676251363,0.5205479452054794,73,0.36321042241965684
2929701,0.8832699192571204,0.6931818181818182,88,0.19008810107530216
2911006,0.8832699192571203,0.5897435897435898,78,0.2935263295135305
3125309,0.8780210348074925,0.3076923076923077,13,0.5703287271151848
2405504,0.8764050723495533,0.6842105263157895,38,0.19219454603376385
2407609,0.8764050723495533,0.7368421052631579,38,0.13956296708639548
2414704,0.8764050723495533,0.5428571428571428,35,0.3335479294924105
2807303,0.875960712535068,0.5897435897435898,39,0.28621712279147826
2804904,0.8759607125350679,0.6981132075471698,106,0.17784750498789814
2805406,0.8759607125350678,0.7333333333333333,345,0.14262737920173452
2515609,0.8743065652675193,0.5172413793103449,29,0.3570651859571744
1703867,0.8734253011483626,0.47368421052631576,57,0.3997410906220468
1700400,0.8734253011483626,0.5238095238095238,126,0.34961577733883875
2902252,0.8717355324159424,0.8688524590163934,61,0.0028830733995489632
1718865,0.871698873249812,0.6857142857142857,70,0.18598458753552627
1703909,0.871698873249812,0.6833333333333333,60,0.18836553991647864
2805208,0.8704334486828774,0.6190476190476191,42,0.25138582963525835
2803609,0.8704334486828774,0.7351598173515982,219,0.13527363133127923
2404705,0.8665320678096088,0.6,130,0.2665320678096088
1703842,0.8613659110395837,0.6148648648648649,148,0.2465010461747188
2202174,0.8588343251621171,0.36666666666666664,60,0.49216765849545047
2804706,0.8581080934899014,0.4166666666666667,60,0.4414414268232347
2204352,0.8568808151625736,0.46511627906976744,43,0.3917645360928062
2202059,0.8568808151625736,0.47619047619047616,84,0.3806903389720975
1718659,0.8564956715310971,0.8,35,0.056495671531097025
1718709,0.8564956715310971,0.5384615384615384,39,0.31803413306955863
1712801,0.8563876124459879,0.7894736842105263,38,0.0669139282354616
1713957,0.8563876124459878,0.5,32,0.3563876124459878
1713809,0.8563876124459878,0.5,82,0.3563876124459878
1718303,0.8563876124459878,0.6153846153846154,39,0.2410029970613724
2412807,0.8545376167588005,0.7073170731707317,41,0.1472205435880688
2403509,0.8541212383665759,0.5138888888888888,72,0.3402323494776871
2400505,0.853939985288013,0.41044776119402987,134,0.4434922240939831
2414209,0.853939985288013,0.7453703703703703,216,0.10856961491764261
2415008,0.8538303301901383,0.6,50,0.25383033019013834
2802403,0.8534539361189618,0.6276595744680851,94,0.22579436165087674
2803104,0.8534539361189617,0.65,20,0.20345393611896168
2802304,0.8534539361189617,0.6344086021505376,93,0.21904533396842407
2906824,0.8526457141553149,0.6987179487179487,156,0.1539277654373662
2901908,0.8526457141553148,0.8347826086956521,230,0.01786310545966263
2931103,0.8526457141553148,0.6933333333333334,75,0.1593123808219814
2910859,0.8526457141553148,0.6323529411764706,136,0.2202927729788442
2919603,0.8526457141553148,0.6986301369863014,146,0.15401557716901337
2900306,0.8526457141553148,0.40860215053763443,93,0.4440435636176803
2911105,0.8526457141553148,0.717948717948718,234,0.1346969962065968
2926103,0.8526457141553148,0.7642276422764228,123,0.08841807187889195
2507002,0.8514135126929612,0.5153374233128835,163,0.3360760893800777
2516151,0.8514135126929611,0.32727272727272727,55,0.5241407854202338
2910503,0.8505202714378539,0.6745098039215687,255,0.17601046751628524
1505205,0.8470639188562239,0.6863270777479893,373,0.1607368411082346
2804805,0.8443949670722043,0.7027932960893855,1790,0.14160167098281884
1304260,0.843457419154272,0.8090452261306532,199,0.03441219302361875
2202653,0.8424500995298907,0.5348837209302325,43,0.3075663785996582
2706109,0.8401021120592688,0.4642857142857143,112,0.37581639777355447
2414308,0.8399147760501477,0.6,15,0.23991477605014777
2403400,0.8399147760501477,0.40425531914893614,47,0.4356594569012116
1718451,0.8389004341158763,0.5909090909090909,22,0.2479913432067854
1711951,0.8389004341158763,0.8461538461538461,52,-0.007253412037969809
1718907,0.8389004341158763,0.6266666666666667,75,0.21223376744920963
1703008,0.8389004341158763,0.8088235294117647,68,0.030076904704111618
2910602,0.838638696135298,0.7604456824512534,359,0.07819301368404452
2900405,0.8386386961352978,0.6956521739130435,69,0.1429865222222544
2927507,0.8386386961352978,0.6842105263157895,133,0.15442816981950835
2920809,0.8386386961352978,0.8142857142857143,70,0.024352981849583566
2915353,0.8386386961352978,0.672,125,0.1666386961352978
2915403,0.8386386961352978,0.847457627118644,59,-0.008818930983346185
2912608,0.8386386961352978,0.84375,32,-0.005111303864702155
2924108,0.8386386961352978,0.8666666666666667,30,-0.02802797053136885
2923704,0.8386386961352978,0.7553648068669528,233,0.083273889268345
2930105,0.8386386961352978,0.7597535934291582,487,0.07888510270613969
2902104,0.8386386961352978,0.7552870090634441,331,0.0833516870718537
2802502,0.8382868710313799,0.78125,32,0.05703687103137989
2802601,0.8382868710313799,0.8333333333333334,12,0.004953537698046517
2508406,0.8373117143210588,0.1724137931034483,29,0.6648979212176105
2409803,0.8361531551317052,0.75,80,0.08615315513170518
2405405,0.8351768413202446,0.7368421052631579,57,0.09833473605708676
2805703,0.8289702454855236,0.6446700507614214,197,0.1843001947241022
2400604,0.8274254663236437,0.5961538461538461,52,0.23127162016979752
2804003,0.8247366964670345,0.6910569105691057,123,0.13367978589792884
2800209,0.8247366964670344,0.7931034482758621,87,0.0316332481911723
1715259,0.8238622621736715,0.38235294117647056,34,0.44150932099720097
1717503,0.8238622621736715,0.5625,64,0.26136226217367153
1722107,0.8238622621736715,0.5714285714285714,119,0.25243369074510014
2404200,0.8232179762340633,0.646112600536193,373,0.17710537569787033
2405801,0.8232179762340632,0.6353790613718412,277,0.18783891486222204
5005152,0.8229038388339152,0.51875,160,0.3041538388339151
2801603,0.8228590784218912,0.53125,32,0.2916090784218912
1718550,0.8221648704286056,0.45098039215686275,51,0.3711844782717429
2922904,0.8218370339220038,0.6859504132231405,242,0.13588662069886326
2922052,0.8218370339220038,0.7117117117117117,111,0.11012532221029214
2905305,0.8218370339220038,0.6962962962962963,135,0.1255407376257075
2923050,0.8218370339220038,0.609375,64,0.2124620339220038
2915809,0.8218370339220038,0.7301587301587301,252,0.09167830376327368
2932457,0.8218370339220038,0.7704918032786885,122,0.05134523064331531
2905503,0.8218370339220038,0.7181208053691275,149,0.10371622855287632
2206001,0.8218370339220038,0.19047619047619047,63,0.6313608434458133
2923357,0.8218370339220038,0.6595744680851063,141,0.16226256583689747
2903607,0.8218370339220038,0.7017543859649122,57,0.12008264795709156
2902203,0.8218370339220038,0.8205128205128205,78,0.0013242134091833169
2206753,0.8218370339220038,0.047619047619047616,21,0.7742179863029561
2205557,0.8218370339220038,0.4148936170212766,94,0.4069434169007272
2925600,0.8218370339220038,0.8,100,0.021837033922003757
2920908,0.8218370339220038,0.7326732673267327,101,0.08916376659527114
2200509,0.8218370339220038,0.6717171717171717,198,0.1501198622048321
2919108,0.8218370339220037,0.8043478260869565,46,0.01748920783504715
2501401,0.8208638039338185,0.5472972972972973,148,0.27356650663652127
2406205,0.8200322799932823,0.7111111111111111,45,0.10892116888217118
1503408,0.8193489767925668,0.5510204081632653,98,0.26832856862930154
2110658,0.818793333434268,0.6293103448275862,116,0.18948298860668178
2801207,0.8175422082240599,0.7316017316017316,462,0.08594047662232829
1704105,0.8169880755791605,0.3333333333333333,30,0.4836547422458272
2929370,0.8164963282475484,0.7159090909090909,88,0.10058723733845742
2911907,0.8164963282475484,0.714828897338403,263,0.10166743090914532
2918506,0.8164963282475484,0.5655737704918032,122,0.2509225577557451
2925253,0.8164963282475484,0.630057803468208,173,0.1864385247793403
2931707,0.8164963282475484,0.7157894736842105,95,0.10070685456333783
2922300,0.8164963282475484,0.4827586206896552,174,0.33373770755789317
2911808,0.8164963282475483,0.7735849056603774,159,0.042911422587170844
2411205,0.8163422203508426,0.6443850267379679,374,0.17195719361287465
2512036,0.8155004736826426,0.18604651162790697,43,0.6294539620547356
2507200,0.8155004736826424,0.6329113924050633,79,0.1825890812775791
2409704,0.8153356127268537,0.6666666666666666,36,0.1486689460601871
2703601,0.814992329562259,0.7653061224489796,98,0.049686207113279424
2100550,0.8133821063489446,0.5686274509803921,102,0.24475465536855245
2508109,0.8130329714492582,0.4,30,0.4130329714492582
2505600,0.8130329714492582,0.2857142857142857,28,0.5273186857349725
2501153,0.8130329714492582,0.6363636363636364,22,0.17666933508562188
2412302,0.8127490111581746,0.4891304347826087,92,0.32361857637556585
2502201,0.8121241375300307,0.3157894736842105,19,0.49633466384582015
5101209,0.8114754880904114,0.0,10,0.8114754880904114
2410702,0.8102366097231201,0.625,16,0.18523660972312006
2800605,0.8090150571812872,0.7204301075268817,279,0.08858494965440544
2404002,0.808543602269161,0.4772727272727273,44,0.3312708749964337
2402600,0.8081693006037748,0.6529051987767585,654,0.15526410182701633
2805604,0.8080520913900566,0.8245614035087719,228,-0.016509312118715314
2413201,0.8079659806244014,0.7254901960784313,51,0.08247578454597004
2402105,0.8079659806244014,0.5961538461538461,52,0.21181213447055525
2408409,0.8079659806244014,0.6923076923076923,13,0.1156582883167091
2402907,0.8079659806244013,0.525,40,0.28296598062440126
2915908,0.8079503766169356,0.7547169811320755,53,0.05323339548486006
2207900,0.807902377169677,0.5722070844686649,367,0.2356952927010122
2205102,0.807902377169677,0.140625,64,0.667277377169677
2401206,0.8072957175657206,0.6845637583892618,149,0.12273195917645885
5004809,0.8072422191024611,0.5537190082644629,121,0.2535232108379982
5005202,0.8071109414405584,0.6626506024096386,332,0.14446033903091982
2412906,0.8070497368510189,0.5079365079365079,63,0.299113228914511
2413409,0.8068110479704292,0.6875,48,0.11931104797042924
1712504,0.8066800185838165,0.6379310344827587,58,0.16874898410105788
1701309,0.8066800185838165,0.4727272727272727,55,0.33395274585654383
1718881,0.8066800185838165,0.5853658536585366,41,0.22131416492528
2927101,0.806197551305216,0.7160493827160493,162,0.09014816858916663
2903235,0.8061671451218386,0.7024793388429752,121,0.10368780627886343
2918308,0.8061671451218386,0.5918367346938775,98,0.21433041042796108
2206100,0.8061671451218386,0.4774774774774775,111,0.32868966764436114
2908804,0.8061671451218386,0.59375,32,0.21241714512183862
2210383,0.8061671451218386,0.2,15,0.6061671451218387
2924405,0.8061671451218386,0.7749360613810742,391,0.031231083740764443
2206654,0.8061671451218386,0.8055555555555556,72,0.000611589566283044
2926004,0.805971433399527,0.6474164133738601,329,0.1585550200256669
2928000,0.8059714333995269,0.7085427135678392,199,0.09742871983168777
2919157,0.8059714333995269,0.7475083056478405,301,0.05846312775168638
2905156,0.8059714333995268,0.5357142857142857,28,0.2702571476852411
2806503,0.805924923023915,0.7380952380952381,42,0.06782968492867691
2904902,0.8054921150056699,0.6694214876033058,242,0.13607062740236409
2924009,0.8054921150056699,0.6949152542372882,944,0.11057686076838169
2804201,0.8054455174682776,0.6449704142011834,169,0.16047510326709424
2801504,0.8054455174682776,0.8378378378378378,148,-0.03239232036956019
2801702,0.8054455174682776,0.654054054054054,185,0.1513914634142236
2803203,0.8046470896780219,0.603988603988604,351,0.2006584856894179
2707107,0.8039195847966301,0.7493333333333333,375,0.054586251463296764
2804409,0.803474813164999,0.696078431372549,204,0.10739638179245004
5001508,0.8031473648367977,0.4765625,128,0.3265848648367977
2111078,0.8029199392992441,0.4658385093167702,161,0.3370814299824739
1721307,0.8028456057588144,0.46153846153846156,26,0.3413071442203528
1712454,0.8028456057588144,0.5106382978723404,47,0.292207307886474
1703883,0.8028456057588143,0.7222222222222222,36,0.08062338353659204
2930808,0.8024876466369597,0.6818181818181818,132,0.12066946481877794
2930501,0.8024876466369597,0.8008213552361396,487,0.0016662914008200858
2928950,0.8024876466369597,0.47058823529411764,51,0.33189941134284207
2927606,0.8024876466369597,0.7161290322580646,155,0.08635861437889514
2920205,0.8024876466369597,0.6631578947368421,190,0.13932975190011765
2917805,0.8024876466369597,0.5314685314685315,143,0.27101911516842825
2806305,0.8024405058648165,0.782258064516129,124,0.02018244134868752
2807600,0.8024405058648165,0.6086956521739131,184,0.19374485369090344
2805307,0.8024405058648165,0.61,100,0.19244050586481654
2414407,0.8023281843276173,0.6151079136690647,278,0.18722027065855262
2108702,0.8022363747987358,0.3607305936073059,219,0.44150578119142986
2913101,0.8019901861172578,0.72,100,0.08199018611725784
2905800,0.8019901861172577,0.7161016949152542,236,0.08588849120200348
2210623,0.8019901861172577,0.5,56,0.3019901861172577
2211357,0.8019901861172577,0.6875,48,0.1144901861172577
2205300,0.8019901861172577,0.24561403508771928,57,0.5563761510295384
2906873,0.8019901861172577,0.7066115702479339,242,0.09537861586932384
2803401,0.8019429559180166,0.6058394160583942,137,0.19610353985962237
2800670,0.8016110080770181,0.6445783132530121,166,0.15703269482400606
2401404,0.8010412598843051,0.6486486486486487,74,0.1523926112356564
1703305,0.8008121206559398,0.711864406779661,59,0.08894771387627876
1711902,0.8008121206559398,0.6440677966101694,177,0.15674432404577032
1717206,0.8008121206559398,0.45454545454545453,22,0.34626666611048523
1502806,0.8007934264158262,0.7411764705882353,510,0.059616955827590856
1600501,0.8002075866873329,0.7864583333333334,384,0.013749253353999569
1714880,0.7993196691924356,0.5792682926829268,164,0.2200513765095088
1700301,0.7993196691924355,0.5974025974025974,77,0.2019170717898381
2400802,0.7986244228168475,0.449438202247191,89,0.34918622056965654
2409100,0.7986110697811608,0.5656565656565656,99,0.23295450412459517
1507003,0.7972400574016336,0.6827794561933535,331,0.11446060120828017
2904704,0.7953815078511101,0.7142857142857143,140,0.08109579356539576
1503101,0.7928286237902991,0.6342494714587738,473,0.1585791523315253
2701308,0.7921759082694576,0.6609442060085837,233,0.13123170226087388
2506905,0.7915833875875146,0.4620253164556962,158,0.32955807113181834
5005608,0.7913527245872518,0.6035353535353535,396,0.18781737105189833
5007802,0.7913527245872518,0.4020618556701031,97,0.3892908689171487
1302801,0.7911015476546958,0.483695652173913,184,0.30740589548078273
3551405,0.7906690374271865,0.5384615384615384,91,0.2522074989656481
2406601,0.7906040769344393,0.35185185185185186,54,0.4387522250825875
3137007,0.7904172569081174,0.43529411764705883,85,0.35512313926105854
2907004,0.7901443285378318,0.6695652173913044,115,0.12057911114652742
2930774,0.7901443285378318,0.6556291390728477,302,0.1345151894649841
2211100,0.7901443285378318,0.6591375770020534,487,0.13100675153577834
2928505,0.7901443285378318,0.7236842105263158,76,0.06646011801151597
2930204,0.7901443285378318,0.7575757575757576,429,0.03256857096207422
2922102,0.7901443285378318,0.6666666666666666,126,0.12347766187116516
1500701,0.7901179192925433,0.6578171091445427,339,0.13230081014800055
2413300,0.7869598020640756,0.5813953488372093,43,0.20556445322686623
2705606,0.7867151816683515,0.6014492753623188,138,0.18526590630603268
1720200,0.7859094383413068,0.6303030303030303,165,0.15560640803827652
2209872,0.785369471885557,0.5555555555555556,45,0.22981391633000137
2902708,0.785369471885557,0.7151898734177216,474,0.07017959846783539
2918100,0.785369471885557,0.7046632124352331,193,0.08070625945032384
2802700,0.7853193384610503,0.8434782608695652,115,-0.058158922408514946
2501575,0.7833898957144788,0.5081967213114754,61,0.2751931744030034
2517209,0.7833898957144788,0.358974358974359,39,0.42441553674011984
2928307,0.7832105086998311,0.7704918032786885,61,0.012718705421142618
1709807,0.7825719331884106,0.7857142857142857,14,-0.003142352525875136
1705607,0.7825719331884106,0.6376811594202898,69,0.14489077376812076
1718758,0.7825719331884106,0.7323943661971831,71,0.05017756699122744
1712702,0.7825719331884106,0.9090909090909091,22,-0.1265189759024985
1703826,0.7825719331884106,0.36,25,0.4225719331884106
1714203,0.7823153517073125,0.5576923076923077,104,0.22462304401500477
2209203,0.7820258837359737,0.38,100,0.4020258837359737
2925808,0.7820258837359737,0.6968085106382979,188,0.08521737309767585
2911501,0.7820258837359736,0.5,68,0.2820258837359736
2210938,0.7820258837359736,0.43548387096774194,62,0.34654201276823166
2211209,0.7820258837359736,0.6821428571428572,280,0.09988302659311643
2912202,0.7820258837359736,0.6746987951807228,249,0.10732708855525075
2204907,0.7820258837359736,0.6555555555555556,90,0.12647032818041803
2925402,0.7820258837359736,0.7246376811594203,69,0.057388202576553304
2917003,0.7820258837359735,0.7894736842105263,247,-0.007447800474552846
1501204,0.7819987347043049,0.6091954022988506,261,0.1728033324054543
2800506,0.7819751861263716,0.5503355704697986,149,0.23163961565657298
2800704,0.7819751861263716,0.6546762589928058,139,0.12729892713356583
1720309,0.7817802583145288,0.40816326530612246,49,0.37361699300840634
2916500,0.781768837569678,0.48773006134969327,326,0.2940387762199847
2900207,0.781768837569678,0.8176100628930818,159,-0.035841225323403836
2931509,0.781768837569678,0.7043010752688172,186,0.07746776230086072
2907905,0.7817688375696779,0.689119170984456,193,0.09264966658522189
1500347,0.7800059867872081,0.5135135135135135,185,0.26649247327369463
2406809,0.7799577737782808,0.53125,32,0.2487077737782808
2914307,0.7798427156095996,0.6363636363636364,33,0.14347907924596326
2904852,0.7798427156095996,0.6722689075630253,119,0.10757380804657435
2400901,0.7797659230281692,0.5,48,0.27976592302816916
2802908,0.7794765474065484,0.5997458703939009,787,0.17973067701264744
3120300,0.7794246820943832,0.45098039215686275,51,0.32844428993752045
2405207,0.7768632681376635,0.627906976744186,43,0.14895629139347744
2707008,0.7768355696224926,0.5185185185185185,27,0.25831705110397407
2703106,0.7763726595588109,0.7644628099173554,242,0.011909849641455472
2406106,0.7742579378806042,0.5357142857142857,112,0.23854365216631845
2402303,0.7734296366131252,0.584,125,0.18942963661312529
2410306,0.7727267633022405,0.5909090909090909,66,0.1818176723931496
2502102,0.772621349915378,0.52,50,0.252621349915378
5003504,0.772391652753759,0.3137254901960784,51,0.45866616255768056
2413706,0.7721573557682604,0.5128205128205128,39,0.2593368429477476
2911659,0.7709432661742934,0.632183908045977,87,0.1387593581283164
2906303,0.7709432661742934,0.7132352941176471,272,0.05770797205664635
2908408,0.7709432661742934,0.6905829596412556,446,0.08036030653303783
2906204,0.7709432661742934,0.6627450980392157,255,0.10819816813507777
2926509,0.7709432661742934,0.6604938271604939,162,0.11044943901379956
2929404,0.7709432661742934,0.6323529411764706,68,0.13859032499782287
2930303,0.7709432661742934,0.6691176470588235,136,0.10182561911546995
2924207,0.7709432661742934,0.7954545454545454,132,-0.024511279280251985
2900603,0.7709432661742934,0.7368421052631579,57,0.034101160911135575
2907103,0.7709432661742934,0.680379746835443,316,0.09056351933885043
2931905,0.7709432661742934,0.64453125,256,0.12641201617429343
2909208,0.7709432661742934,0.6396396396396397,111,0.13130362653465377
2206670,0.7709432661742934,0.5974025974025974,77,0.17354066877169605
2806404,0.7708907460819322,0.7802197802197802,91,-0.009329034137848025
2919207,0.7704717450052724,0.7125,1280,0.05797174500527236
2906808,0.7704717450052724,0.7680722891566265,332,0.0023994558486458706
2922706,0.7704717450052724,0.5,16,0.2704717450052724
2912400,0.7704717450052724,0.63125,160,0.1392217450052724
2913705,0.7704717450052724,0.6986899563318777,229,0.07178178867339469
2919553,0.7704717450052724,0.6428027418126429,1313,0.12766900319262953
2932200,0.7704717450052724,0.6887417218543046,151,0.08173002315096778
2920007,0.7704717450052724,0.6744186046511628,86,0.09605314035410961
2909901,0.7704717450052724,0.770618556701031,388,-0.00014681169575858632
2806800,0.770419148994118,0.7021276595744681,47,0.06829148941964991
2802205,0.7704191489941179,0.7471264367816092,87,0.023292712212508726
5215801,0.7704050782185483,0.35294117647058826,17,0.41746390174796005
2407104,0.7698228800602912,0.6942446043165468,556,0.07557827574374443
1706258,0.7694482453837758,0.17391304347826086,23,0.5955352019055149
1713700,0.7694482453837757,0.5384615384615384,26,0.23098670692223722
2502607,0.7692127806742448,0.20408163265306123,49,0.5651311480211836
2505204,0.7692127806742448,0.7543859649122807,57,0.014826815761964096
2507606,0.7692127806742448,0.66,50,0.10921278067424478
2406007,0.769068901008105,0.5,42,0.269068901008105
1703602,0.7689745689004165,0.3103448275862069,29,0.4586297413142096
2913309,0.7689498358101886,0.6785714285714286,28,0.09037840723876
1504406,0.7688510256323566,0.5502645502645502,189,0.2185864753678064
1600808,0.7687760068724016,0.6411764705882353,170,0.1275995362841662
1600402,0.7687760068724014,0.5648414985590778,347,0.2039345083133236
2514008,0.7687387658199779,0.3902439024390244,41,0.3784948633809535
1508209,0.7683764915013234,0.6174496644295302,447,0.15092682707179317
2111003,0.7683014332224666,0.4044943820224719,89,0.3638070511999947
2406700,0.768224117908773,0.6666666666666666,75,0.10155745124210636
2405702,0.765073326943043,0.3611111111111111,72,0.40396221583193187
2407203,0.7636764647827394,0.6815642458100558,179,0.08211221897268361
3503356,0.7598528055612714,0.22727272727272727,22,0.5325800782885441
3149150,0.7595752304312468,0.5066666666666667,75,0.25290856376458004
3150307,0.7595752304312466,0.36363636363636365,55,0.395938866794883
3115904,0.7595752304312466,0.5510204081632653,49,0.2085548222679814
3150109,0.7590876205115838,0.25,32,0.5090876205115838
3113800,0.7590876205115838,0.36666666666666664,30,0.3924209538449172
2804508,0.7571075155872401,0.6247139588100686,437,0.13239355677717146
2707404,0.7570107162382091,0.7293233082706767,133,0.02768740796753244
2705200,0.7570107162382091,0.5800865800865801,231,0.17692413615162905
2700508,0.7570107162382091,0.6723404255319149,235,0.08467029070629428
2702405,0.7570107162382091,0.7160714285714286,560,0.040939287666780566
2701209,0.7570107162382091,0.4585987261146497,157,0.29841199012355946
2705309,0.7570107162382091,0.71875,64,0.03826071623820915
2410603,0.7563695984143204,0.3157894736842105,19,0.4405801247301099
2401859,0.7563695984143204,0.7230769230769231,65,0.033292675337397326
5006309,0.7562705781219504,0.44789356984478934,451,0.3083770082771611
5006903,0.7562705781219504,0.32456140350877194,228,0.4317091746131785
2800308,0.7555088570057564,0.5631875503085592,3727,0.19232130669719727
2411007,0.755457277492061,0.5454545454545454,44,0.21000273203751563
2414605,0.75515489016086,0.6333333333333333,60,0.12182155682752671
2932903,0.7550980639296945,0.6810551558752997,417,0.07404290805439473
2914000,0.7550980639296945,0.655421686746988,415,0.0996763771827065
2900900,0.7550980639296945,0.7608695652173914,46,-0.0057715012876968785
2925709,0.7550980639296944,0.6822429906542056,107,0.07285507327548879
2906402,0.7550980639296944,0.6923076923076923,52,0.06279037162200207
2920452,0.7550980639296944,0.6271186440677966,59,0.12797941986189776
2917706,0.7550980639296944,0.592274678111588,233,0.1628233858181064
2932705,0.7550980639296944,0.7358490566037735,159,0.01924900732592083
2207702,0.7550980639296944,0.6126187245590231,1474,0.14247933937067125
2921500,0.7550980639296944,0.7250996015936255,251,0.029998462336068843
2917508,0.7550980639296944,0.7150537634408602,558,0.04004430048883412
2907608,0.7550980639296944,0.7435897435897436,78,0.01150832033995075
2922250,0.7550980639296944,0.7796610169491526,118,-0.02456295301945821
2907806,0.7550980639296944,0.6346153846153846,156,0.12048267931430978
2913457,0.7550980639296944,0.5636363636363636,55,0.19146170029333076
2933604,0.7550980639296944,0.6774809160305344,524,0.07761714789915997
2916203,0.7550980639296944,0.6461538461538462,65,0.10894421777584817
2210409,0.7550980639296944,0.5480769230769231,104,0.20702114085277123
2914653,0.7550980639296944,0.7507987220447284,313,0.004299341884965946
2908903,0.7550980639296944,0.7869822485207101,169,-0.03188418459101572
2910305,0.7550980639296944,0.6470588235294118,34,0.10803924040028257
2918407,0.7550980639296944,0.7068965517241379,2494,0.04820151220555646
2916609,0.7550980639296944,0.6338028169014085,71,0.12129524702828587
2929206,0.7550980639296943,0.7426900584795322,342,0.012408005450162074
2928208,0.7550980639296943,0.6130434782608696,230,0.14205458566882467
2805505,0.7550430650900959,0.5961538461538461,156,0.15888921893624974
2800407,0.7550430650900959,0.7129629629629629,108,0.04208010212713298
5106778,0.7541880773883628,0.47468354430379744,158,0.27950453308456535
2922656,0.7534956888628161,0.7386363636363636,176,0.014859325226452502
2912707,0.7534956888628161,0.7794117647058824,204,-0.02591607584306621
2407005,0.7534074049903304,0.6142857142857143,70,0.1391216907046161
2407252,0.7532261575272854,0.4,45,0.35322615752728537
1702901,0.7531853123943628,0.5979381443298969,97,0.15524716806446592
1701101,0.7531853123943627,0.6428571428571429,70,0.1103281695372198
2104081,0.7528290200197827,0.2054794520547945,73,0.5473495679649882
2709202,0.7528179587176677,0.525,160,0.22781795871766763
2706802,0.7528179587176677,0.5752212389380531,226,0.17759671977961455
2700607,0.7528179587176677,0.6147540983606558,122,0.1380638603570119
1507474,0.752559512648041,0.5945945945945946,222,0.15796491805344637
2930402,0.7519435975176317,0.6333333333333333,90,0.11861026418429843
2921609,0.7519435975176317,0.7111111111111111,90,0.040832486406520596
2910800,0.7519435975176317,0.6680839002267573,3528,0.08385969729087439
2914802,0.7519435975176316,0.7024704618689581,931,0.049473135648673505
2929354,0.7519435975176316,0.7272727272727273,77,0.02467087024490433
2100832,0.7519435975176316,0.6121212121212121,165,0.13982238539641956
2102309,0.7519435975176316,0.42857142857142855,245,0.3233721689462031
2922854,0.7519435975176316,0.7297297297297297,37,0.02221386778790191
2908200,0.7519435975176316,0.7253521126760564,142,0.026591484841575252
2204402,0.7519435975176316,0.6102941176470589,136,0.14164947987057275
2911857,0.7519435975176316,0.6363636363636364,66,0.11557996115399527
2932309,0.7519435975176316,0.580952380952381,105,0.17099121656525063
1303601,0.7518340438286237,0.6323529411764706,136,0.11948110265215317
2500304,0.7516758475309633,0.7147435897435898,312,0.036932257787373524
1706506,0.751574539739073,0.5487804878048781,82,0.20279405193419486
2707909,0.7513678715056243,0.6176470588235294,68,0.1337208126820949
5000708,0.7513303630983711,0.5851851851851851,405,0.16614517791318595
1502905,0.7511069163894083,0.6603174603174603,315,0.090789456071948
1507201,0.7511069163894083,0.6739130434782609,184,0.07719387291114743
1500503,0.7511069163894083,0.6084507042253521,355,0.14265621216405622
1500305,0.7511069163894083,0.6097560975609756,615,0.1413508188284327
5101852,0.7510257546036067,0.17699115044247787,113,0.5740346041611288
5106505,0.7510257546036065,0.6145552560646901,371,0.13647049853891646
1600105,0.7506267167294854,0.8035714285714286,112,-0.05294471184194316
2703809,0.7498902005355594,0.7258883248730964,197,0.024001875662463035
3515806,0.7497750864899746,0.7272727272727273,11,0.022502359217247303
1501782,0.7494870911045856,0.48906560636182905,503,0.2604214847427565
2706307,0.7492935187492423,0.6089743589743589,624,0.1403191597748834
2409308,0.7488838353074528,0.6705882352941176,85,0.07829560001333524
2408201,0.7486342221815548,0.5156794425087108,287,0.23295477967284406
3301157,0.7486290256981648,0.6380368098159509,163,0.1105922158822139
2401453,0.7484346881780941,0.5573770491803278,183,0.1910576389977663
4204178,0.748409404037703,0.5,26,0.24840940403770295
3126604,0.7483427740878095,0.625,16,0.12334277408780947
2402501,0.7479813555297091,0.5277777777777778,72,0.22020357775193133
2408300,0.7476947658735941,0.7159090909090909,176,0.03178567496450313
2407302,0.7475365064039724,0.7368421052631579,38,0.010694401140814547
2901155,0.7471355854838823,0.5677083333333334,192,0.1794272521505489
2933000,0.7471355854838823,0.6274509803921569,102,0.1196846050917254
2111763,0.7471355854838821,0.3533834586466165,133,0.3937521268372656
2929008,0.7471355854838821,0.6867469879518072,83,0.06038859753207493
2918605,0.7471355854838821,0.6666666666666666,39,0.08046891881721552
5209408,0.7462059568003147,0.3541666666666667,48,0.39203929013364797
1715002,0.7451816313951943,0.4482758620689655,29,0.2969057693262288
1600709,0.743814236140448,0.09507042253521127,284,0.6487438136052367
3509809,0.7437786595416338,0.13114754098360656,61,0.6126311185580272
3149507,0.7434887770692196,0.30952380952380953,42,0.43396496754541003
1504604,0.7430588294960384,0.6292517006802721,294,0.11380712881576627
1504703,0.7430588294960383,0.657997399219766,769,0.08506143027627233
1300680,0.7430152061053453,0.6179775280898876,178,0.12503767801545773
5002605,0.7426367411746327,0.41208791208791207,182,0.3305488290867207
2401800,0.7421341859017635,0.46601941747572817,103,0.27611476842603533
2405603,0.7388808180343909,0.4329896907216495,97,0.3058911273127414
2933059,0.7383579734314767,0.7926829268292683,82,-0.05432495339779164
2901809,0.7383579734314767,0.7468354430379747,79,-0.008477469606497978
2914901,0.7383579734314767,0.6880733944954128,218,0.05028457893606386
2906501,0.7383579734314767,0.6333333333333333,510,0.10502464009814338
2200103,0.7383579734314767,0.3968253968253968,63,0.3415325766060799
2203255,0.7383579734314767,0.7317073170731707,41,0.006650656358305973
2928109,0.7383579734314767,0.7370517928286853,251,0.001306180602791418
2928802,0.7383579734314767,0.6813627254509018,499,0.05699524798057487
1100346,0.7380094443482178,0.3125,144,0.4255094443482178
2913606,0.7379206223689995,0.7336719883889695,1378,0.004248633980029948
2700409,0.737761712426819,0.5565819861431871,433,0.18117972628363188
2704500,0.737761712426819,0.5416666666666666,408,0.19609504576015235
5102702,0.7374074165860396,0.5775577557755776,303,0.15984966081046204
2503555,0.7364654629267234,0.5238095238095238,105,0.2126559391171996
2801306,0.735188981895208,0.6415094339622641,318,0.09367954793294386
2801405,0.735188981895208,0.6587301587301587,126,0.07645882316504926
2806206,0.7351889818952079,0.5511363636363636,176,0.18405261825884422
2400406,0.7351432874036711,0.5862068965517241,29,0.148936390851947
2407906,0.7351432874036711,0.6774193548387096,31,0.057723932564961444
2413359,0.7351432874036711,0.7159090909090909,88,0.019234196494580136
2411700,0.7351432874036711,0.6666666666666666,42,0.06847662073700445
5004403,0.7350386621110715,0.48360655737704916,122,0.25143210473402233
5006408,0.7350386621110715,0.43636363636363634,110,0.29867502574743515
3535903,0.7349258621081098,0.1724137931034483,58,0.5625120690046616
2921401,0.7337999596950207,0.7058823529411765,119,0.027917606753844137
2922805,0.7337999596950207,0.6534653465346535,101,0.08033461316036716
2203354,0.7337999596950205,0.8863636363636364,44,-0.1525636766686158
2930600,0.7337999596950205,0.7430555555555556,144,-0.009255595860535037
2916906,0.7337999596950205,0.7,60,0.03379995969502059
2929255,0.7337999596950205,0.6645569620253164,158,0.0692429976697041
2208403,0.7337999596950205,0.4519230769230769,728,0.2818768827719436
2111052,0.7337999596950205,0.5504587155963303,109,0.18334124409869024
2928059,0.7337999596950205,0.7157894736842105,95,0.018010486010810012
2111532,0.7337999596950205,0.43312101910828027,157,0.3006789405867403
2900702,0.7337999596950205,0.6336032388663968,988,0.10019672082862374
2915304,0.7337999596950205,0.75,80,-0.016200040304979457
2931301,0.7337999596950205,0.5818181818181818,110,0.15198177787683875
2110278,0.7337999596950205,0.5967741935483871,124,0.13702576614663342
2911204,0.7337999596950205,0.5280373831775701,214,0.20576257651745045
2101905,0.7337999596950205,0.38961038961038963,77,0.3441895700846309
2102150,0.7337999596950205,0.5053763440860215,93,0.22842361560899904
2209658,0.7337999596950205,0.631578947368421,57,0.10222101232659953
2932408,0.7337999596950205,0.7228915662650602,83,0.010908393429960306
2933158,0.7337999596950205,0.8205128205128205,156,-0.08671286081779994
2921302,0.7337999596950205,0.5394736842105263,76,0.19432627548449422
2903805,0.7337999596950205,0.6785714285714286,140,0.05522853112359194
2209351,0.7337999596950205,0.325,40,0.40879995969502053
2932804,0.7337999596950205,0.6695652173913044,115,0.06423474230371617
2209971,0.7337999596950205,0.12173913043478261,115,0.612060829260238
2912905,0.7337999596950205,0.6256410256410256,195,0.1081589340539949
2928703,0.7337999596950205,0.5910064239828694,467,0.14279353571215114
2201960,0.7337999596950205,0.574468085106383,94,0.1593318745886375
2913903,0.7337999596950205,0.7484662576687117,326,-0.014666297973691123
2905701,0.7337999596950205,0.6344043887147336,2552,0.09939557098028695
2901353,0.7337999596950205,0.7155963302752294,109,0.018203629419791145
2903904,0.7337999596950205,0.6544655929721815,683,0.079334366722839
2411403,0.733412654524509,0.4067796610169492,59,0.3266329935075598
1710706,0.7333461612708466,0.8163265306122449,49,-0.0829803693413983
2700706,0.7331970647745927,0.541095890410959,146,0.19210117436363372
2706208,0.7331970647745927,0.4875,80,0.2456970647745927
2707206,0.7331970647745927,0.50920245398773,163,0.22399461078686267
5103437,0.7328388351224665,0.07042253521126761,71,0.6624162999111989
2412559,0.7324089706373299,0.691358024691358,81,0.04105094594597192
2405108,0.7323370993755672,0.7166666666666667,60,0.01567043270890056
2516300,0.7318864519068258,0.3560606060606061,132,0.3758258458462197
2516102,0.7318864519068258,0.5315315315315315,111,0.20035492037529423
2513604,0.7318864519068258,0.47368421052631576,38,0.25820224138051
2504207,0.7318864519068258,0.04,50,0.6918864519068257
2411056,0.7315781994402557,0.6578947368421053,38,0.0736834625981504
3146701,0.7315653070940096,0.24242424242424243,33,0.48914106466976714
2910701,0.7315398508557054,0.6866359447004609,434,0.04490390615524453
2605707,0.730507650331692,0.4868421052631579,228,0.24366554506853405
1301407,0.7303501641917586,0.5662650602409639,415,0.16408510395079468
3303500,0.7303298953607701,0.6639498432601881,6380,0.06638005210058195
3506805,0.7303298953607701,0.5072463768115942,69,0.22308351854917585
3554656,0.73032989536077,0.6923076923076923,26,0.038022203053077686
3157609,0.7300303201026749,0.275,40,0.45503032010267486
1507508,0.7295860189640269,0.6548223350253807,197,0.07476368393864619
1507102,0.7295860189640269,0.30714285714285716,140,0.4224431618211697
1507805,0.7295860189640269,0.6299694189602446,327,0.09961660000378225
1505494,0.7295860189640269,0.5614035087719298,57,0.16818251019209707
2803906,0.7294968518313931,0.625,128,0.10449685183139312
2702553,0.7288848239400235,0.635036496350365,137,0.09384832758965855
2703908,0.7288848239400235,0.5576923076923077,52,0.1711925162477158
2702207,0.7288848239400235,0.4533333333333333,75,0.2755514906066902
2802106,0.7285623679609359,0.687037037037037,540,0.04152533092389887
2804607,0.7281841641275003,0.7194570135746606,221,0.00872715055283968
2924603,0.7280890152198317,0.6081081081081081,222,0.1199809071117236
2901700,0.7280890152198317,0.7424242424242424,66,-0.014335227204410717
2916708,0.7280890152198317,0.6575342465753424,73,0.07055476864448929
2908507,0.7280890152198316,0.625,208,0.1030890152198316
2905602,0.7280890152198316,0.7539267015706806,191,-0.025837686350849043
1600055,0.7279839281321983,0.2653061224489796,49,0.46267780568321865
2914505,0.7276692682352855,0.6746987951807228,83,0.052970473054562706
2705804,0.7274779896271246,0.6402877697841727,139,0.08719021984295194
2806008,0.7272198701986863,0.5892857142857143,112,0.13793415591297198
5211008,0.7271149390728777,0.26595744680851063,94,0.4611574922643671
1703891,0.726836546869617,0.7647058823529411,34,-0.03786933548332416
1702406,0.726836546869617,0.38823529411764707,85,0.3386012527519699
2806909,0.7262687472971334,0.1875,16,0.5387687472971334
2406502,0.7262220867700814,0.639751552795031,161,0.08647053397505033
2514503,0.7261497760713852,0.44029850746268656,134,0.28585126860869864
2515302,0.7261497760713852,0.6063829787234043,376,0.1197667973479809
2412203,0.7259035820483754,0.6580406654343808,541,0.06786291661399457
2708709,0.7258194685344249,0.4967741935483871,155,0.22904527498603783
2910727,0.7248504468224669,0.6162642947903431,787,0.10858615203212385
2105500,0.7248504468224669,0.43673469387755104,245,0.28811575294491587
2106706,0.7248504468224669,0.4305555555555556,216,0.29429489126691133
2913804,0.7248504468224669,0.5348837209302325,86,0.1899667258922344
2918357,0.7248504468224669,0.468503937007874,254,0.2563465098145929
2923100,0.7248504468224669,0.7871287128712872,202,-0.06227826604882025
2909802,0.7248504468224669,0.6643518518518519,432,0.06049859497061505
2926608,0.7248504468224669,0.592814371257485,501,0.13203607556498187
2112274,0.7248504468224669,0.6438356164383562,73,0.08101483038411073
2907707,0.7248504468224669,0.638095238095238,105,0.08675520872722886
2915502,0.7248504468224669,0.6590909090909091,88,0.06575953773155785
2900108,0.7248504468224669,0.5757575757575758,33,0.1490928710648911
1300508,0.7247780095600275,0.748780487804878,410,-0.024002478244850578
2403756,0.7244020644957689,0.3793103448275862,29,0.34509171966818275
2708006,0.7243499697695429,0.557504873294347,513,0.16684509647519596
2702801,0.7243499697695429,0.5031847133757962,157,0.22116525639374673
5007109,0.7241041724550671,0.5727923627684964,419,0.15131180968657065
2412708,0.723994668491041,0.6896551724137931,29,0.034339496077247844
5102694,0.7238691690090155,0.2191780821917808,73,0.5046910868172347
5108501,0.7238691690090155,0.4715909090909091,176,0.25227825991810643
5107859,0.7238691690090155,0.6764705882352942,136,0.04739858077372139
1500958,0.7238186958896274,0.4444444444444444,216,0.279374251445183
1508308,0.7238186958896274,0.6158357771260997,682,0.10798291876352772
1721208,0.7235887243061695,0.6422018348623854,218,0.08138688944378414
1710904,0.7235887243061694,0.4666666666666667,45,0.2569220576395027
1707306,0.7235887243061694,0.32,50,0.4035887243061694
1722081,0.7235887243061694,0.5638297872340425,94,0.15975893707212685
1702208,0.7235887243061694,0.4935897435897436,312,0.22999898071642577
1720655,0.7235887243061694,0.64,75,0.08358872430616937
2807105,0.7234272639871736,0.643646408839779,362,0.07978085514739464
2511806,0.7228969010820339,0.576271186440678,59,0.14662571464135588
2507309,0.7228969010820339,0.4778761061946903,113,0.24502079488734357
3106101,0.7227541448595186,0.41379310344827586,29,0.30896104141124275
1303536,0.7221794678711202,0.6622222222222223,450,0.05995724564889793
2612901,0.7214894619648988,0.28169014084507044,71,0.4397993211198284
3537206,0.7213080279824828,0.5377358490566038,106,0.18357217892587907
3529658,0.7213080279824828,0.4375,16,0.28380802798248284
3522901,0.7213080279824828,0.46938775510204084,147,0.251920272880442
3300456,0.7213080279824827,0.6086956521739131,3174,0.11261237580856964
3150539,0.7210022590727619,0.1875,48,0.5335022590727619
2501005,0.7207061254297497,0.5939849624060151,133,0.1267211630237346
1505304,0.7205487875595751,0.6839237057220708,734,0.036625081837504236
2912103,0.7202825096872743,0.6204819277108434,166,0.09980058197643082
2806602,0.7198024905988407,0.6237623762376238,101,0.09604011436121695
2108405,0.7181055792788382,0.39285714285714285,84,0.3252484364216954
2905107,0.7181055792788382,0.6329113924050633,79,0.08519418687377489
2910057,0.7181055792788382,0.6774774774774774,555,0.04062810180136078
2208205,0.7181055792788381,0.41624365482233505,197,0.30186192445650306
5005004,0.7179443212732531,0.4583333333333333,360,0.2596109879399198
2702603,0.7175976135908372,0.5515695067264574,223,0.16602810686437974
2705101,0.7175976135908372,0.51171875,256,0.20587886359083718
2705408,0.7175976135908371,0.6888888888888889,90,0.028708724701948185
1716653,0.7168250105830327,0.38181818181818183,55,0.3350068287648509
1702109,0.7168250105830327,0.4918864097363083,1972,0.2249386008467244
1711803,0.7168250105830327,0.5,36,0.21682501058303272
3136520,0.7152862308525864,0.22857142857142856,35,0.4867148022811578
2401305,0.7148896771222599,0.5492957746478874,71,0.16559390247437256
2609303,0.7146946339895748,0.42168674698795183,166,0.29300788700162295
3304102,0.7145105250800546,0.4715447154471545,123,0.24296580963290015
3150208,0.7142002532535657,0.19444444444444445,36,0.5197558088091213
2414506,0.7137518883698795,0.5333333333333333,30,0.18041855503654614
2506301,0.7137372479067315,0.4075829383886256,422,0.30615430951810596
2919306,0.7134836610693512,0.6233766233766234,77,0.09010703769272788
2921708,0.7134836610693512,0.7168949771689498,219,-0.003411316099598549
2930154,0.7134836610693511,0.7334851936218679,439,-0.0200015325525168
2702900,0.7130126138738772,0.6025316455696202,395,0.11048096830425691
2703700,0.7130126138738772,0.5967741935483871,62,0.11623842032549003
2609907,0.7124774635398954,0.6862745098039216,510,0.02620295373597381
1303569,0.7120648640334588,0.5337078651685393,356,0.1783569988649195
2503902,0.7119295516121924,0.31746031746031744,63,0.39446923415187496
2510006,0.7119295516121924,0.35714285714285715,42,0.35478669446933525
2922607,0.7118381580790867,0.4948453608247423,97,0.2169927972543444
2902906,0.7118381580790866,0.6940451745379876,487,0.017792983541098928
2209609,0.7118381580790866,0.35714285714285715,28,0.3546953009362294
2102754,0.7118381580790866,0.0891089108910891,101,0.6227292471879975
2100477,0.7118381580790866,0.42771084337349397,332,0.2841273147055926
2930907,0.7118381580790866,0.5669291338582677,127,0.14490902422081886
2906857,0.7118381580790866,0.5454545454545454,66,0.16638361262454116
2903409,0.7118381580790866,0.6607142857142857,168,0.05112387236480087
2923308,0.7118381580790866,0.49411764705882355,85,0.21772051102026302
2918555,0.7118381580790866,0.6842105263157895,57,0.027627631763297078
2506400,0.7117814949591499,0.7241379310344828,87,-0.012356436075332877
5007901,0.7116747543096544,0.6101928374655647,726,0.10148191684408969
2412401,0.7112951067000984,0.4444444444444444,36,0.266850662255654
5103353,0.7108289872475524,0.4528301886792453,583,0.2579987985683071
5106422,0.7108289872475524,0.5781584582441114,467,0.132670529003441
1709302,0.710540594588153,0.5215311004784688,209,0.18900949410968415
1703057,0.710540594588153,0.6222222222222222,45,0.08831837236593076
2109759,0.7099137379615538,0.5909090909090909,44,0.11900464705246283
2902609,0.7099137379615538,0.632183908045977,87,0.07772982991557675
2929305,0.7099137379615538,0.7536945812807881,203,-0.043780843319234375
2501807,0.709817132391061,0.6191588785046729,428,0.09065825388638815
1721257,0.7076366191870193,0.3333333333333333,24,0.37430328585368594
1504950,0.7074151813924059,0.5045871559633027,218,0.20282802542910316
2925501,0.7071963324342067,0.6726342710997443,391,0.03456206133446238
3125002,0.7069499311615064,0.3559322033898305,59,0.3510177277716759
3116902,0.7069499311615064,0.2564102564102564,39,0.45053967475125
1600550,0.7068528158574302,0.7083333333333334,48,-0.0014805174759031647
3522802,0.7062569462374513,0.29508196721311475,122,0.41117497902433653
3536703,0.7062569462374513,0.535,400,0.17125694623745125
2707305,0.705891964712608,0.540268456375839,298,0.16562350833676898
2707701,0.705891964712608,0.6092874299439551,1249,0.09660453476865283
2708808,0.705891964712608,0.5773809523809523,336,0.12851101233165563
1600204,0.7054426437439785,0.6067415730337079,178,0.09870107071027057
2902054,0.7047004373154572,0.6173913043478261,115,0.0873091329676311
2901205,0.7047004373154572,0.6782608695652174,115,0.026439567750239812
2203750,0.7047004373154571,0.48,25,0.22470043731545708
2926905,0.7047004373154571,0.84375,32,-0.13904956268454294
2905404,0.7047004373154571,0.6713286713286714,286,0.033371765986785706
2905909,0.7047004373154571,0.7195767195767195,189,-0.014876282261262475
2909307,0.7047004373154571,0.7336448598130841,214,-0.028944422497627076
2906006,0.7047004373154571,0.6090468497576736,619,0.09565358755778341
2109205,0.7047004373154571,0.4146341463414634,82,0.29006629097399367
1504901,0.7043772376564615,0.6638513513513513,592,0.040525886305110226
2514107,0.7043414204987987,0.5151515151515151,33,0.18918990534728353
1500404,0.7042043804966652,0.6442953020134228,745,0.05990907848324245
2410405,0.7040305651213864,0.6666666666666666,96,0.03736389845471977
2706422,0.7015758667666703,0.42857142857142855,91,0.2730044381952417
2402204,0.7013154152849079,0.6828478964401294,309,0.018467518844778485
1503309,0.701094417792347,0.5968253968253968,630,0.10426902096695023
2702702,0.7010008544287217,0.5409836065573771,61,0.16001724787134464
2706901,0.7010008544287217,0.5397727272727273,528,0.16122812715599444
2403806,0.7008456222384752,0.6,50,0.10084562223847526
1101757,0.7008275261150988,0.4434782608695652,115,0.2573492652455336
2915205,0.7007099708059132,0.5578947368421052,190,0.14281523396380802
2901106,0.7007099708059131,0.5285714285714286,140,0.17213854223448455
2908002,0.7007099708059131,0.6086956521739131,115,0.09201431863200005
2112506,0.7007099708059131,0.4207221350078493,637,0.27998783579806386
2901957,0.7007099708059131,0.5675675675675675,74,0.13314240323834559
2206357,0.7007099708059131,0.6666666666666666,12,0.0340433041392465
2211704,0.7007099708059131,0.45714285714285713,35,0.243567113663056
2906105,0.7007099708059131,0.7045454545454546,88,-0.0038354837395414565
2915106,0.7007099708059131,0.7647058823529411,119,-0.063995911547028
2911600,0.7007099708059131,0.7092198581560284,141,-0.008509887350115264
2207934,0.700709970805913,0.5217391304347826,23,0.17897084037113042
5002902,0.7005429113623053,0.45217391304347826,230,0.24836899831882703
5006002,0.7005429113623053,0.4304461942257218,381,0.2700967171365835
5001904,0.7005429113623053,0.4735202492211838,321,0.2270226621411215
2511202,0.7003481654404128,0.5106382978723404,376,0.1897098675680724
2514909,0.7003481654404128,0.5166666666666667,60,0.18368149877374607
2503001,0.7003481654404128,0.6970954356846473,241,0.0032527297557655155
2505352,0.7003481654404128,0.4897959183673469,49,0.21055224707306586
2402006,0.6999519494241775,0.5275080906148867,309,0.1724438588092908
5105309,0.6996782701110922,0.5357142857142857,28,0.16396398439680648
3147501,0.6996105514699195,0.09090909090909091,11,0.6087014605608285
1301100,0.6989907336632307,0.6264367816091954,174,0.07255395205403536
2413904,0.6984100334836083,0.6559139784946236,93,0.04249605498898468
1702307,0.6983912989435392,0.3230769230769231,65,0.37531437586661615
1702158,0.6983912989435392,0.6190476190476191,63,0.07934367989592017
1505486,0.6970761689285208,0.542,500,0.15507616892852072
1507953,0.6970761689285208,0.617,1000,0.08007616892852076
1501600,0.6970761689285206,0.6744186046511628,86,0.022657564277357878
1502855,0.6970761689285206,0.5755813953488372,172,0.12149477357968341
1507409,0.6970761689285206,0.6213592233009708,103,0.07571694562754983
1508100,0.6970761689285206,0.5477031802120141,1132,0.1493729887165065
1506351,0.6970761689285206,0.53515625,256,0.16191991892852065
3305109,0.696986679143716,0.6394022807707432,2543,0.0575843983729728
2408102,0.6969467364234062,0.6322302932472424,3717,0.06471644317616376
3109402,0.6957136649952965,0.373134328358209,268,0.32257933663708754
3140852,0.6957136649952965,0.6875,112,0.008213664995296521
3129301,0.6957136649952965,0.32222222222222224,90,0.3734914427730743
3140605,0.6957136649952965,0.7272727272727273,44,-0.03155906227743077
1301605,0.6954895460537707,0.5206611570247934,242,0.17482838902897724
2401008,0.695235735879577,0.5538461538461539,195,0.1413895820334231
2502508,0.6949599355742685,0.631578947368421,95,0.06338098820584748
1503754,0.694223418424273,0.7379679144385026,187,-0.043744496014229584
2706604,0.6934041313405935,0.6153846153846154,78,0.07801951595597811
1503200,0.692816805845502,0.5346534653465347,303,0.1581633404989673
2910909,0.6925406722415893,0.7674418604651163,43,-0.07490118822352698
2805802,0.6923453852367115,0.656,125,0.03634538523671149
3165800,0.6921496469961739,0.3,10,0.3921496469961739
2901403,0.6917000414319936,0.7155963302752294,109,-0.023896288843235802
2903201,0.6914703818433878,0.6390568319226119,1654,0.05241354992077596
2910008,0.6914703818433877,0.5892857142857143,112,0.10218466755767341
2932507,0.6914703818433877,0.41836734693877553,196,0.2731030349046122
2918001,0.6914703818433877,0.6051779935275081,927,0.0862923883158796
2509107,0.6911023308633704,0.291005291005291,189,0.4000970398580794
5100102,0.6906509938293984,0.5967741935483871,62,0.09387680028101131
2401909,0.690287243250157,0.6274509803921569,51,0.06283626285800015
2408003,0.6897927030274061,0.554595928439235,1621,0.13519677458817114
2500908,0.6897589724084096,0.4716981132075472,53,0.21806085920086238
1507466,0.68885172719559,0.6,20,0.08885172719558998
2500403,0.6887137678967225,0.10638297872340426,235,0.5823307891733182
3557204,0.6879145844550933,0.49107142857142855,112,0.1968431558836648
3304144,0.6879145844550933,0.6190476190476191,1260,0.06886696540747428
1503077,0.6877743847637163,0.6705882352941176,340,0.017186149469598733
1504505,0.6877743847637163,0.7090395480225988,354,-0.021265163258882502
3549607,0.6876833782238593,0.47058823529411764,34,0.21709514292974164
3302858,0.6876833782238593,0.6454767726161369,1227,0.04220660560772238
2513653,0.6876026083015901,0.1,30,0.5876026083015902
2517001,0.6875830099068906,0.2072072072072072,111,0.4803758026996834
2505303,0.6875830099068906,0.375,16,0.3125830099068906
2515708,0.6860736491427654,0.2857142857142857,28,0.40035936342847966
2514651,0.6860736491427653,0.7,20,-0.013926350857234704
2509370,0.6860736491427653,0.8181818181818182,11,-0.13210816903905298
2506202,0.6853631333228802,0.2857142857142857,14,0.39964884760859454
2807006,0.6846462517077584,0.5384615384615384,26,0.14618471324621995
2804458,0.6846462517077584,0.425531914893617,47,0.25911433681414137
2803708,0.6846462517077584,0.7083333333333334,24,-0.02368708162557498
2802809,0.6846462517077584,0.6553191489361702,235,0.02932710277158823
2404101,0.684383642504946,0.42857142857142855,35,0.25581221393351744
2703403,0.6840592830468528,0.4533333333333333,75,0.2307259497135195
4304101,0.6838971271139831,0.6976744186046512,43,-0.013777291490668087
2926301,0.6837593530484294,0.6162790697674418,172,0.06748028328098754
2202117,0.6837593530484294,0.4117647058823529,34,0.27199464716607646
2201309,0.6837593530484294,0.48148148148148145,27,0.20227787156694793
2919504,0.6837593530484294,0.6194029850746269,402,0.06435636797380251
2202539,0.6837593530484294,0.3333333333333333,78,0.35042601971509607
2933505,0.6837593530484294,0.6883116883116883,154,-0.004552335263258933
2903102,0.6837593530484294,0.6037735849056604,53,0.07998576814276903
2925907,0.6837593530484294,0.6515151515151515,132,0.032244201533277894
2201408,0.6837593530484294,0.6,50,0.08375935304842941
2205458,0.6837593530484294,0.5555555555555556,45,0.1282037974928738
2923209,0.6837593530484294,0.6071428571428571,196,0.07661649590557229
2906709,0.6837593530484294,0.691358024691358,162,-0.0075986716429286005
2916104,0.6837593530484294,0.7142857142857143,210,-0.030526361237284916
2927200,0.6837593530484294,0.7206477732793523,247,-0.03688842023092287
2916807,0.6837593530484293,0.5892857142857143,112,0.09447363876271497
5004908,0.6835871044922244,0.5517241379310345,87,0.1318629665611899
5004304,0.6835871044922244,0.3983402489626556,241,0.2852468555295688
5003488,0.6835871044922243,0.5980392156862745,204,0.08554788880594977
2803500,0.683428900644459,0.6266318537859008,766,0.05679704685855824
2911402,0.6831566209856795,0.7647058823529411,85,-0.0815492613672616
2704302,0.6822168869530238,0.5927244582043344,6460,0.08949242874868946
4116505,0.6821981538721147,0.5625,16,0.11969815387211469
4209151,0.681607746763941,0.5342465753424658,73,0.1473611714214752
2931202,0.6815248916367252,0.524822695035461,141,0.15670219660126428
2106102,0.6815248916367252,0.34108527131782945,129,0.3404396203188958
2925931,0.6815248916367252,0.24528301886792453,53,0.4362418727688007
2901502,0.6815248916367252,0.44047619047619047,84,0.24104870116053478
2914406,0.6814807047833866,0.5576208178438662,269,0.12385988693952044
2112308,0.6814807047833866,0.3389261744966443,298,0.3425545302867423
2206209,0.6814807047833866,0.39209726443769,329,0.28938344034569663
1701903,0.6813690755020938,0.5,84,0.1813690755020938
1703701,0.6813690755020938,0.5079365079365079,63,0.1734325675655859
1720903,0.6813690755020938,0.5780346820809249,173,0.1033343934211689
5007505,0.6813519932010635,0.5,90,0.18135199320106354
5003256,0.6813519932010635,0.4523281596452328,451,0.22902383355583072
2412500,0.6810970923038308,0.5529953917050692,217,0.12810170059876158
2606705,0.6810335634449838,0.3793103448275862,58,0.3017232186173976
5003306,0.6809011097027188,0.6038543897216274,467,0.07704671998109136
2933208,0.6807627623442146,0.6172839506172839,405,0.0634788117269307
2903300,0.6807627623442146,0.7528089887640449,89,-0.07204622641983027
2903003,0.6807627623442145,0.6756756756756757,111,0.005087086668538854
2700300,0.6806573597104243,0.5616659927213911,2473,0.11899136698903323
2708501,0.6806573597104242,0.4623115577889447,398,0.21834580192147945
4210852,0.6805560744364195,0.25925925925925924,27,0.4212968151771603
4202438,0.6805560744364195,0.723404255319149,47,-0.04284818088272946
1500909,0.680546641693177,0.546875,512,0.13367164169317702
5221577,0.6804572158195739,0.4,20,0.28045721581957384
5102603,0.6804572158195739,0.5648854961832062,131,0.1155717196363677
2927408,0.6804460014619288,0.6314360914624115,12158,0.049009909999517265
2100055,0.6803557092649019,0.3708609271523179,1208,0.30949478211258397
2920403,0.6803557092649019,0.5833333333333334,120,0.09702237593156848
2916401,0.6803557092649019,0.6778398510242085,537,0.002515858240693336
2101400,0.6803557092649019,0.6036977491961415,1244,0.07665796006876036
2904100,0.6803557092649019,0.68,100,0.00035570926490180454
5107776,0.6800056608400264,0.6,80,0.08000566084002647
5209150,0.6800056608400264,0.1864406779661017,59,0.49356498287392475
3536570,0.6799215135866642,0.2631578947368421,19,0.4167636188498221
3502309,0.6799215135866642,0.5303030303030303,66,0.14961848328363392
3557154,0.6799215135866642,0.2,25,0.4799215135866642
5007208,0.6793546465005721,0.4727592267135325,569,0.2065954197870396
1303908,0.6793443153199189,0.6306306306306306,777,0.04871368468928827
2806107,0.679231432810327,0.6153846153846154,130,0.06384681742571163
2705705,0.6791102719239301,0.5471014492753623,276,0.13200882264856784
2709400,0.6791102719239301,0.5039370078740157,254,0.1751732640499144
2704401,0.6791102719239301,0.6210526315789474,190,0.05805764034498273
2705002,0.6791102719239301,0.575,120,0.10411027192393019
2102325,0.6790584644524501,0.5649717514124294,708,0.11408671304002072
2924058,0.6790139781987404,0.6078431372549019,51,0.07117084094383852
3129905,0.6788478731269402,0.21875,32,0.46009787312694017
2802007,0.6788233483639098,0.803921568627451,51,-0.12509822026354123
2103174,0.6788078497040658,0.6292134831460674,178,0.049594366557998426
2904050,0.6788078497040658,0.66,150,0.018807849704065793
2204659,0.6788078497040658,0.6621621621621622,148,0.016645687541903653
2208502,0.6788078497040658,0.6387096774193548,155,0.04009817228471102
2925006,0.6788078497040658,0.7569060773480663,181,-0.07809822764400043
2902500,0.6788078497040658,0.6408450704225352,142,0.03796277928153058
1502707,0.6784381315035231,0.4841897233201581,506,0.19424840818336497
1507607,0.6783001603065734,0.4970414201183432,676,0.18125874018823018
1600279,0.6782557372601531,0.5992578849721707,539,0.0789978522879824
1500206,0.6782557372601531,0.5802707930367504,517,0.09798494422340265
1503457,0.677847000256804,0.5579268292682927,328,0.11992017098851127
1500107,0.677847000256804,0.6346456692913386,1270,0.04320133096546541
1707108,0.6777060552237789,0.38823529411764707,85,0.28947076110613185
1715101,0.6777060552237789,0.6382978723404256,47,0.03940818288335335
3554607,0.6776282497307797,0.41379310344827586,29,0.2638351462825039
3302270,0.6776282497307797,0.6341013824884792,1085,0.04352686724230048
3550704,0.6776282497307797,0.5604060913705584,985,0.11722215836022132
3536901,0.6776282497307797,0.2727272727272727,22,0.404900977003507
1720804,0.6772969521579802,0.4930555555555556,144,0.18424139660242467
2803807,0.6772715883029872,0.6268656716417911,67,0.05040591666119609
3513405,0.6772190949416774,0.43805309734513276,452,0.23916599759654467
3304805,0.6772190949416774,0.5177514792899408,338,0.15946761565173662
3537602,0.6772190949416774,0.5272727272727272,715,0.1499463676689502
3139300,0.6770795972627071,0.5771144278606966,201,0.0999651694020105
3115458,0.6769977462230015,0.3157894736842105,114,0.36120827253879095
4213302,0.676976358872813,0.45098039215686275,51,0.2259959667159503
3515004,0.6766527195672675,0.5050086355785838,2895,0.1716440839886837
1502400,0.6760117859652958,0.6645502645502646,1890,0.011461521415031206
3167004,0.6758313513203491,0.19230769230769232,26,0.4835236590126568
3123403,0.675831351320349,0.3333333333333333,21,0.3424980179870157
3131604,0.675831351320349,0.22077922077922077,77,0.45505213054112825
1701002,0.6757413400942816,0.5379310344827586,145,0.13781030561152297
1701051,0.6757413400942816,0.4117647058823529,34,0.26397663421192863
3532868,0.6756632872892737,0.75,12,-0.07433671271072628
3301009,0.6737493061401635,0.6041982802225594,3954,0.06955102591760409
5005400,0.6736054168594119,0.5277777777777778,648,0.1458276390816341
2513802,0.6735312981752735,0.5714285714285714,35,0.10210272674670207
3155405,0.673522853941154,0.34831460674157305,89,0.3252082471995809
3101706,0.673522853941154,0.45098039215686275,408,0.2225424617842912
3169604,0.673522853941154,0.41409691629955947,227,0.2594259376415945
2704708,0.6732066823443185,0.5397008055235903,869,0.13350587682072812
2402808,0.6730870548236981,0.675,40,-0.0019129451763019167
2408508,0.6730870548236981,0.26666666666666666,60,0.40642038815703146
2909406,0.672901376154216,0.580952380952381,105,0.09194899520183497
2112407,0.672901376154216,0.35034013605442177,294,0.3225612400997942
2908606,0.672901376154216,0.718562874251497,167,-0.04566149809728104
2919926,0.672901376154216,0.7419354838709677,186,-0.06903410771675178
2914208,0.672901376154216,0.34615384615384615,26,0.3267475300003698
2103802,0.672901376154216,0.5588235294117647,170,0.11407784674245125
2111573,0.672901376154216,0.4027777777777778,72,0.2701235983764382
2104206,0.672901376154216,0.27741935483870966,310,0.3954820213155063
2920106,0.672901376154216,0.7657657657657657,111,-0.09286438961154975
2927705,0.672901376154216,0.6263736263736264,364,0.0465277497805896
2801009,0.6728695056473287,0.648,125,0.024869505647328705
5100409,0.6726993360987878,0.47093023255813954,172,0.2017691035406483
4212650,0.6726920456018342,0.5333333333333333,120,0.13935871226850083
5003702,0.6726109202126849,0.4611318407960199,3216,0.211479079416665
3135209,0.6724123889458684,0.42074074074074075,675,0.25167164820512766
4301107,0.6719708241079092,0.5923076923076923,130,0.07966313180021689
3135605,0.6715449970809787,0.2926829268292683,82,0.3788620702517104
3119104,0.6715449970809787,0.14285714285714285,231,0.5286878542238358
3139250,0.6715449970809787,0.3382352941176471,68,0.3333097029633316
1303502,0.6707437217071711,0.5072463768115942,207,0.16349734489557688
2706703,0.6705034684629513,0.5698234349919743,623,0.10068003347097698
1502103,0.6703625083205558,0.6047326906222612,1141,0.06562981769829457
1503804,0.6703625083205558,0.6228448275862069,464,0.04751768073434892
1502756,0.6703625083205558,0.456,250,0.21436250832055576
1506500,0.6703625083205557,0.6592689295039165,766,0.011093578816639194
2407500,0.6702997431445544,0.6428571428571429,98,0.027442600287411523
5003207,0.6702253279797414,0.6152,1250,0.05502532797974147
2800100,0.6702076135103318,0.5,10,0.17020761351033176
2409407,0.670176151803838,0.5904761904761905,210,0.07969996132764756
2502409,0.6701508175917076,0.39759036144578314,83,0.27256045614592445
2701704,0.6698244882249681,0.572139303482587,201,0.09768518474238108
2701357,0.6698244882249681,0.38144329896907214,97,0.28838118925589595
1712009,0.6698059060925207,0.6181818181818182,55,0.0516240879107025
1707405,0.6698059060925207,0.5252525252525253,99,0.14455338083999536
2409902,0.6697042300529653,0.6608695652173913,115,0.008834664835574046
2414753,0.6697042300529653,0.46153846153846156,13,0.20816576851450375
2102374,0.6695175734003004,0.44565217391304346,92,0.22386539948725692
2931400,0.6695175734003004,0.6944444444444444,72,-0.02492687104414404
2906907,0.6695175734003004,0.5022222222222222,225,0.16729535117807814
2915007,0.6695175734003004,0.5454545454545454,110,0.12406302794575497
2927002,0.6695175734003004,0.667910447761194,268,0.001607125639106366
2917359,0.6695175734003004,0.5684210526315789,95,0.10109652076872144
2103604,0.6695175734003004,0.4412296564195298,553,0.22828791698077056
2904407,0.6695175734003004,0.5957446808510638,94,0.07377289254923658
2202000,0.6695175734003004,0.3825503355704698,298,0.2869672378298306
2201101,0.6695175734003004,0.5491803278688525,122,0.12033724553144787
2108504,0.6695175734003004,0.49624060150375937,399,0.173276971896541
2208809,0.6695175734003004,0.6832298136645962,161,-0.01371224026429585
2205573,0.6695175734003004,0.23255813953488372,86,0.4369594338654167
5002704,0.6695042203753134,0.48305169483051696,10001,0.18645252554479647
5205455,0.6693144703956929,0.297029702970297,101,0.3722847674253959
5103361,0.6693144703956929,0.3050847457627119,59,0.36422972463298103
3546009,0.6693140854268379,0.5094339622641509,106,0.15988012316268696
3532306,0.6693140854268379,0.421875,64,0.2474390854268379
1505700,0.6688150296098018,0.4155405405405405,296,0.25327448906926125
1300839,0.668750744635375,0.6910569105691057,123,-0.022306165933730693
2101509,0.6677614475400481,0.475,120,0.1927614475400481
1506609,0.6677300582394063,0.5991561181434599,237,0.06857394009594642
1507300,0.6677300582394063,0.6875,704,-0.019769941760593657
2404606,0.667674061239465,0.6885245901639344,122,-0.02085052892446937
4209706,0.6675687696513564,0.4057971014492754,138,0.261771668202081
2513703,0.6668516421205701,0.6182795698924731,930,0.04857207222809701
2403103,0.6668130168788754,0.5369649805447471,257,0.12984803633412834
4304671,0.6664024621852195,0.5555555555555556,36,0.1108469066296639
4315057,0.6664024621852195,0.045454545454545456,22,0.6209479167306741
2410900,0.6651756115744683,0.7215189873417721,79,-0.05634337576730386
3138005,0.6651551291017158,0.18,50,0.4851551291017158
3154804,0.6651551291017158,0.2702702702702703,111,0.39488485883144553
3112653,0.6651551291017158,0.23255813953488372,43,0.4325969895668321
3109451,0.6651551291017158,0.4489795918367347,98,0.21617553726498112
3131109,0.6651551291017158,0.2236842105263158,76,0.4414709185754
3521002,0.6650415749909921,0.5578947368421052,380,0.10714683814888692
3555406,0.6650415749909921,0.6316872427983539,972,0.03335433219263828
3540754,0.6650415749909921,0.5279187817258884,197,0.1371227932651038
3551108,0.6650415749909921,0.4672897196261682,107,0.19775185536482393
2404408,0.6649266591410117,0.3333333333333333,84,0.33159332580767836
1713205,0.6646415778838562,0.5555555555555556,135,0.10908602232830067
1301159,0.6641588490575511,0.6696428571428571,112,-0.005484008085306025
4202503,0.6639977243091731,0.6530612244897959,49,0.010936499819377277
3527603,0.6632736266927712,0.5691056910569106,123,0.09416793563586068
1300805,0.6620106556068205,0.5830815709969789,331,0.0789290846098416
2902658,0.661799477907925,0.7333333333333333,150,-0.07153385542540824
2401701,0.6615874367782985,0.48936170212765956,94,0.1722257346506389
2109502,0.6610739086334557,0.4664310954063604,283,0.1946428132270953
3137304,0.6608561117194902,0.3,30,0.3608561117194902
3116100,0.6608561117194902,0.3472222222222222,72,0.313633889497268
3162450,0.6608561117194902,0.6612903225806451,62,-0.0004342108611549156
3133204,0.6608561117194902,0.14414414414414414,111,0.5167119675753461
3127057,0.6601505964810263,0.3181818181818182,44,0.3419687782992081
3129707,0.6601207283624511,0.23030303030303031,165,0.4298176980594207
2500700,0.6597104463402564,0.26548672566371684,113,0.3942237206765396
2503308,0.6597104463402564,0.4576271186440678,59,0.20208332769618864
4202602,0.6593607060279029,0.5420560747663551,107,0.11730463126154778
4216503,0.6591288601925951,0.5614035087719298,285,0.0977253514206653
3145059,0.6590773968394193,0.48148148148148145,54,0.1775959153579379
5107800,0.6587282319734157,0.5098039215686274,153,0.14892431040478826
1703800,0.6579234102485524,0.49557522123893805,113,0.16234818900961434
2409605,0.6555847244026344,0.625,16,0.030584724402634378
2400307,0.6548102085931028,0.5166666666666667,60,0.13814354192643608
1600303,0.6548096199068552,0.5451346389228886,6536,0.10967498098396655
2512002,0.654787510964692,0.4541284403669725,218,0.20065907059771954
2500536,0.654787510964692,0.5402298850574713,87,0.11455762590722074
2500775,0.654787510964692,0.3695652173913043,46,0.2852222935733877
2513901,0.654787510964692,0.5339366515837104,221,0.12085085938098161
1302306,0.6543821872513462,0.6333333333333333,360,0.021048853918012922
5000609,0.6539424416242848,0.29797979797979796,396,0.3559626436444869
5002951,0.6539424416242847,0.3642691415313225,431,0.2896733000929622
2803302,0.6539243041289923,0.41916167664670656,167,0.2347626274822857
2804102,0.6539243041289923,0.42857142857142855,91,0.22535287555756373
2807501,0.6539243041289923,0.6,115,0.053924304128992295
2807402,0.6539243041289923,0.5360576923076923,416,0.11786661182129998
2612406,0.6539239527926581,0.3391812865497076,171,0.31474266624295055
2613404,0.6539239527926581,0.610655737704918,244,0.04326821508774015
2600609,0.6539239527926581,0.4619883040935672,171,0.1919356486990909
2606408,0.6539239527926581,0.5704697986577181,447,0.08345415413494006
2610004,0.6539239527926581,0.3560371517027864,323,0.29788680108987176
2511608,0.6538661522290817,0.38202247191011235,89,0.2718436803189694
2400208,0.6537576632777468,0.5938461538461538,325,0.05991150943159296
2708907,0.6535320413011972,0.44981412639405205,269,0.2037179149071452
2706505,0.6535320413011972,0.6744186046511628,172,-0.020886563349965526
2709004,0.6535320413011972,0.4666666666666667,75,0.18686537463453057
2704203,0.6535320413011972,0.5534591194968553,318,0.10007292180434191
2406403,0.6534089195363195,0.7037037037037037,27,-0.0502947841673842
2926400,0.6532178225279219,0.47474747474747475,198,0.17847034778044718
2902401,0.6532178225279219,0.6639344262295082,122,-0.010716603701586225
2914604,0.6532178225279219,0.5316666666666666,600,0.12155115586125531
2913200,0.6532178225279219,0.671280276816609,289,-0.018062454288687024
2910404,0.6532178225279219,0.6274509803921569,153,0.025766842135765078
2914703,0.6532178225279219,0.5893333333333334,375,0.06388448919458856
2919801,0.6532178225279219,0.684981684981685,273,-0.03176386245376306
2924801,0.6532178225279219,0.5942028985507246,138,0.05901492397719732
2903276,0.6532178225279219,0.5384615384615384,91,0.1147562840663835
2930709,0.6532178225279219,0.578627280625543,1151,0.0745905419023789
2903953,0.6532178225279219,0.7555555555555555,90,-0.1023377330276336
2907509,0.6532178225279219,0.6060606060606061,231,0.047157216467315854
2929750,0.6532178225279219,0.47368421052631576,76,0.17953361200160617
2921054,0.6532178225279219,0.5748031496062992,127,0.07841467292162274
2921906,0.6532178225279219,0.611764705882353,85,0.041453116645568944
2924306,0.6532178225279219,0.5466666666666666,150,0.1065511558612553
2910750,0.6532178225279219,0.5042735042735043,117,0.14894431825441767
2902005,0.6532178225279219,0.7108433734939759,83,-0.05762555096605393
2107605,0.6532178225279219,0.29411764705882354,119,0.3591001754690984
2104800,0.6532178225279219,0.53596757852077,987,0.1172502440071519
2205524,0.6532178225279219,0.0,14,0.6532178225279219
2201739,0.6532178225279219,0.2608695652173913,115,0.39234825731053063
2112100,0.6532178225279219,0.5563139931740614,293,0.09690382935386055
2111805,0.6532178225279219,0.46,250,0.1932178225279219
2110708,0.6532178225279219,0.5028735632183908,348,0.1503442593095311
4203402,0.6531157181640314,0.5396825396825397,63,0.1134331784814917
5104609,0.6530098938972075,0.41545893719806765,207,0.2375509566991399
5103254,0.6530098938972074,0.3107769423558897,399,0.3422329515413177
5202155,0.6530098938972074,0.3118279569892473,93,0.3411819369079601
5102793,0.6530098938972074,0.008264462809917356,121,0.6447454310872901
5219753,0.6530098938972074,0.46681175190424373,919,0.1861981419929637
4107520,0.652332729197173,0.2903225806451613,31,0.3620101485520117
2504009,0.6509169139951793,0.508406432748538,2736,0.14251048124664123
1506161,0.650605503816726,0.4429223744292237,219,0.20768312938750227
1501709,0.650605503816726,0.624390243902439,1230,0.02621525991428697
1503705,0.650605503816726,0.5534979423868313,486,0.09710756142989474
1506203,0.650605503816726,0.49142857142857144,525,0.15917693238815456
1507961,0.650605503816726,0.5,72,0.150605503816726
2414100,0.6500481755393385,0.47474747474747475,99,0.17530070079186372
1712405,0.6500329572657436,0.8095238095238095,21,-0.15949085225806592
1716208,0.6500329572657436,0.31666666666666665,120,0.33336629059907696
1721109,0.6500329572657436,0.49019607843137253,51,0.1598368788343711
4316436,0.6500293817906632,0.30434782608695654,23,0.3456815557037066
4316972,0.6500293817906632,0.7428571428571429,35,-0.09282776106647972
1600600,0.648446202509756,0.4681100058513751,1709,0.18033619665838097
2918209,0.6482615161708605,0.5333333333333333,45,0.11492818283752715
3527207,0.6479891602353325,0.5205479452054794,657,0.12744121502985306
3539103,0.6479891602353325,0.5884615384615385,260,0.059527621773794004
3519253,0.6479891602353325,0.5740740740740741,54,0.07391508616125841
3302007,0.6479891602353325,0.5800687285223368,1455,0.06792043171299567
3554805,0.6479891602353325,0.46153846153846156,312,0.18645069869687092
3551900,0.6479891602353325,0.391304347826087,161,0.2566848124092455
3506706,0.6479891602353325,0.44680851063829785,141,0.20118064959703463
3502507,0.6479891602353325,0.46105919003115264,321,0.18692997020417984
3503000,0.6479891602353325,0.2777777777777778,54,0.3702113824575547
3506607,0.6479891602353325,0.4768211920529801,302,0.17116796818235236
3548203,0.6479891602353325,0.2638888888888889,72,0.3841002713464436
3504008,0.6479891602353325,0.4487917146144994,869,0.19919744562083308
3154150,0.6468787013912309,0.14130434782608695,92,0.505574353565144
4200556,0.6464507568351954,0.11764705882352941,17,0.5288036980116659
1505650,0.6456321160904442,0.42857142857142855,196,0.2170606875190157
3551009,0.6455159795050762,0.5131233595800525,3048,0.1323926199250237
1100106,0.6446024177939503,0.5471311475409836,488,0.09747127025296676
2407401,0.6444204230591646,0.4444444444444444,90,0.19997597861472016
3159308,0.6443560904862463,0.2222222222222222,54,0.4221338682640241
3123106,0.6437047752679789,0.27450980392156865,51,0.3691949713464102
3128253,0.6437047752679788,0.19230769230769232,52,0.45139708296028647
3110905,0.6437047752679788,0.3503184713375796,157,0.29338630393039916
3157500,0.6437047752679788,0.24,50,0.40370477526797877
3143203,0.6437047752679788,0.3793103448275862,174,0.26439443044039257
3144102,0.6437047752679788,0.2430939226519337,181,0.40061085261604507
3153707,0.6437047752679788,0.3684210526315789,19,0.27528372263639983
3130705,0.6437047752679788,0.463768115942029,69,0.17993665932594977
3121902,0.6437047752679788,0.25,52,0.39370477526797876
3122454,0.6437047752679788,0.28205128205128205,78,0.3616534932166967
3154705,0.6437047752679788,0.2,40,0.44370477526797875
3101003,0.6437047752679788,0.25203252032520324,123,0.3916722549427755
3101904,0.6437047752679788,0.2129032258064516,155,0.43080154946152716
3165602,0.6437047752679788,0.18181818181818182,22,0.46188659344979693
3523107,0.6435719002990427,0.4229703814191349,4693,0.22060151887990775
2414001,0.6415817011826925,0.5985401459854015,137,0.043041555197291026
2505501,0.6397326555714222,0.4166666666666667,24,0.22306598890475554
2508505,0.6397326555714222,0.44642857142857145,56,0.19330408414285077
2510808,0.6397326555714222,0.32229299363057323,785,0.317439661940849
5002100,0.6388710580627491,0.514018691588785,321,0.12485236647396414
2801900,0.6388525668909272,0.45454545454545453,33,0.18430711234547265
2608255,0.638852208704065,0.3103448275862069,174,0.3285073811178581
2614303,0.638852208704065,0.4326923076923077,104,0.2061599010117573
2613701,0.638852208704065,0.4900105152471083,951,0.1488416934569567
2516201,0.6386846723783928,0.3416030534351145,524,0.2970816189432783
1302009,0.6386528625349506,0.6902654867256637,113,-0.05161262419071311
2701803,0.6384526659682273,0.6114649681528662,157,0.026987697815361034
2709103,0.6384526659682273,0.606694560669456,239,0.03175810529877121
2701902,0.6384526659682273,0.48214285714285715,56,0.1563098088253701
2907301,0.6381323438359134,0.6945812807881774,203,-0.05644893695226394
2201507,0.6381323438359133,0.5336538461538461,208,0.10447849768206718
2901601,0.6381323438359133,0.7682926829268293,82,-0.13016033909091596
2923506,0.6381323438359133,0.5955056179775281,89,0.04262672585838523
2928604,0.6381323438359133,0.6303797468354431,395,0.007752597000470263
2933174,0.6381323438359133,0.6,70,0.03813234383591335
2103554,0.6381323438359133,0.44692737430167595,179,0.19120496953423738
2930766,0.6381323438359133,0.5753424657534246,73,0.0627898780824887
2917300,0.6381323438359133,0.7083333333333334,120,-0.07020098949742004
2912509,0.6381323438359133,0.5319148936170213,94,0.10621745021889206
2204204,0.6381323438359133,0.5238095238095238,42,0.1143228200263895
2103000,0.6381323438359133,0.445480631276901,1394,0.1926517125590123
2925105,0.6381323438359133,0.570694087403599,389,0.06743825643231438
2903706,0.6381323438359133,0.5348837209302325,129,0.10324862290568082
2915601,0.6381323438359133,0.6258992805755396,556,0.012233063260373767
2110807,0.6381323438359133,0.5666666666666667,30,0.07146567716924668
5106828,0.6379203837875149,0.5035460992907801,141,0.13437428449673483
5108857,0.6379203837875148,0.1935483870967742,62,0.4443719966907406
2400109,0.637560701225445,0.6129032258064516,93,0.024657475418993324
3115300,0.6369094850843974,0.35251798561151076,417,0.2843914994728866
1501808,0.6354698025897443,0.43333333333333335,990,0.20213646925641093
1505809,0.6354698025897442,0.5757180156657964,766,0.05975178692394778
3522307,0.6353462911869421,0.45687952600395,1519,0.1784667651829921
3544103,0.6352187582519705,0.383248730964467,394,0.2519700272875035
1304005,0.6349222315119776,0.56353591160221,181,0.07138631990976763
1718808,0.6348863724202279,0.5764705882352941,85,0.05841578418493387
1720101,0.6348863724202279,0.47368421052631576,76,0.16120216189391218
2509206,0.6329679852104316,0.594059405940594,101,0.038908579269837595
2500577,0.6329679852104315,0.5,52,0.13296798521043152
3534203,0.6328040873093128,0.5194805194805194,77,0.11332356782879338
3512704,0.6328040873093128,0.1590909090909091,44,0.47371317821840375
3520400,0.6328040873093128,0.5658536585365853,410,0.0669504287727275
3549250,0.6328040873093128,0.5555555555555556,18,0.07724853175375723
3521101,0.6328040873093128,0.37373737373737376,99,0.25906671357193906
3512001,0.6328040873093128,0.42021276595744683,188,0.21259132135186598
3301207,0.6328040873093128,0.3142857142857143,140,0.31851837302359853
3529906,0.6328040873093128,0.3521739130434783,230,0.28063017426583453
3511409,0.6328040873093128,0.597457627118644,236,0.03534646019066878
3304755,0.6328040873093128,0.5318275154004107,487,0.10097657190890208
2512754,0.6316945837111038,0.5405405405405406,37,0.09115404317056319
2109304,0.6313549402779854,0.5212765957446809,94,0.11007834453330456
2909703,0.6313549402779854,0.5625,144,0.06885494027798544
2210003,0.6313549402779854,0.350597609561753,251,0.28075733071623243
2102804,0.6313549402779854,0.4801587301587302,252,0.15119621011925527
2200251,0.6313549402779854,0.2542372881355932,59,0.37711765214239223
2904506,0.6312650592712018,0.3902439024390244,82,0.2410211568321774
2513851,0.6311950474779124,0.64,25,-0.008804952522087572
5002159,0.6308248561659061,0.5401459854014599,137,0.09067887076444625
5006358,0.6308248561659061,0.32608695652173914,138,0.304737899644167
2614857,0.6308058295288633,0.44061302681992337,261,0.19019280270893996
2604205,0.6308058295288633,0.7790262172284644,267,-0.1482203876996011
2613107,0.6308058295288633,0.46745562130177515,338,0.16335020822708818
2403251,0.630778786009294,0.6360902255639098,1330,-0.005311439554615771
2602001,0.6303057933356142,0.5224913494809689,289,0.10781444385464534
2932002,0.6300792130458981,0.5972222222222222,216,0.03285699082367588
2102200,0.6300792130458981,0.7091633466135459,251,-0.07908413356764776
2911303,0.6300792130458981,0.4567901234567901,81,0.173289089589108
2207801,0.6300792130458981,0.4957627118644068,236,0.1343165011814913
2112001,0.6300792130458981,0.44881889763779526,127,0.18126031540810283
2900355,0.6300792130458981,0.5755395683453237,139,0.054539644700574375
2904001,0.6300792130458981,0.5104166666666666,96,0.11966254637923146
2924652,0.6300792130458981,0.4430379746835443,79,0.1870412383623538
2901304,0.6300792130458981,0.5220588235294118,136,0.10802038951648629
2933109,0.6300792130458981,0.5636363636363636,55,0.06644284940953449
2928901,0.6300792130458981,0.4592833876221498,307,0.17079582542374827
5208509,0.6298652719760954,0.2753623188405797,69,0.3545029531355157
5103858,0.6298652719760954,0.4,100,0.2298652719760954
5104500,0.6298652719760954,0.3333333333333333,30,0.2965319386427621
2900801,0.6295787706231587,0.704,250,-0.07442122937684126
2104404,0.6295787706231587,0.3404255319148936,94,0.2891532387082651
2105302,0.6295787706231587,0.45367534456355285,2612,0.17590342605960585
2104107,0.6295787706231587,0.211340206185567,194,0.41823856443759166
2210656,0.6295787706231587,0.24074074074074073,54,0.388838029882418
2927804,0.6295787706231587,0.6296296296296297,54,-5.08590064709491e-05
2403905,0.6295022349855373,0.21052631578947367,19,0.4189759191960636
2414159,0.6295022349855373,0.6153846153846154,52,0.014117619600921838
5106307,0.6293647103776053,0.39285714285714285,308,0.23650756752046248
3509007,0.6292825111987245,0.4751219512195122,1025,0.1541605599792123
4201950,0.6289781875247971,0.48739495798319327,119,0.1415832295416038
1504976,0.6286715497390013,0.46703296703296704,182,0.16163858270603426
4121000,0.6286676411278176,0.4930555555555556,144,0.135612085572262
3168051,0.628440858678764,0.2,25,0.42844085867876397
3157104,0.628440858678764,0.40540540540540543,74,0.22303545327335855
3171808,0.628440858678764,0.3387096774193548,124,0.28973118125940917
3513108,0.6281539600675098,0.41194029850746267,335,0.21621366156004712
1702000,0.6280836069739757,0.6101694915254238,59,0.017914115448551926
1720978,0.6279933983292476,0.25806451612903225,31,0.36992888220021536
2502904,0.6277570584472886,0.35294117647058826,34,0.2748158819767003
1502509,0.6273920168033217,0.2602040816326531,196,0.3671879351706686
1709500,0.6273127708523772,0.4574468085106383,752,0.16986596234173895
1503507,0.6268900917571395,0.494949494949495,198,0.13194059680764453
5003108,0.6268835247768593,0.4117647058823529,68,0.21511881889450635
2801108,0.6268647782944196,0.35714285714285715,28,0.2697219211515624
2604601,0.6268644151623688,0.5665024630541872,203,0.06036195210818163
2612604,0.6268644151623688,0.354978354978355,462,0.2718860601840138
1304062,0.6268469757376702,0.592560553633218,1156,0.03428642210445221
1300607,0.6267562941206333,0.6192307692307693,780,0.0075255248898640215
2701605,0.6264593646878681,0.3768844221105528,199,0.24957494257731533
2704104,0.6264593646878681,0.5461538461538461,130,0.08030551853402201
2101202,0.6261346390269182,0.48891352549889133,902,0.1372211135280269
2100600,0.6261346390269182,0.5792880258899676,309,0.0468466131369506
2923407,0.6261346390269182,0.6423841059602649,151,-0.016249466933346612
3554102,0.6259853803808472,0.45993515516442796,2159,0.1660502252164192
3508900,0.6259853803808472,0.3333333333333333,24,0.29265204704751385
3303203,0.6259853803808472,0.5264394829612221,851,0.09954589741962505
5105150,0.625919771066198,0.4297520661157025,484,0.19616770495049551
2413805,0.6255551647929988,0.28,25,0.34555516479299875
2409506,0.6255551647929988,0.55,40,0.07555516479299873
3136009,0.6253049240900449,0.38345864661654133,133,0.24184627747350357
3518800,0.6249731678641394,0.5003045066991474,13136,0.12466866116499198
3555604,0.6247021169687037,0.12244897959183673,98,0.5022531373768669
3519709,0.6247021169687037,0.4683281412253375,963,0.1563739757433662
3510807,0.6247021169687037,0.3778801843317972,217,0.2468219326369065
3532827,0.6247021169687037,0.3853211009174312,109,0.2393810160512725
3502002,0.6247021169687037,0.3125,64,0.3122021169687037
3524006,0.6247021169687037,0.517774343122102,647,0.10692777384660168
3540259,0.6247021169687037,0.47368421052631576,38,0.15101790644238794
3511706,0.6247021169687037,0.3770491803278688,183,0.24765293664083488
3525003,0.6247021169687037,0.4868421052631579,912,0.1378600117055458
3534302,0.6247021169687037,0.4300341296928328,293,0.19466798727587092
3536307,0.6247021169687037,0.33157894736842103,190,0.2931231696002827
2923902,0.624547852158969,0.6716417910447762,134,-0.04709393888580715
3146750,0.6243370724525348,0.3,60,0.3243370724525348
3300308,0.6241987388793706,0.5126404494382022,712,0.11155828944116841
3557303,0.6241987388793706,0.47619047619047616,84,0.14800826268889444
3302304,0.6241987388793706,0.515625,64,0.10857373887937061
3525409,0.6241987388793706,0.5,40,0.12419873887937061
1504059,0.6234359135761177,0.5286103542234333,367,0.09482555935268444
4211850,0.6231211334554874,0.3333333333333333,15,0.28978780012215405
4219358,0.6231211334554874,0.25,52,0.37312113345548736
4302600,0.6224796103984706,0.5757575757575758,33,0.04672203464089475
3127073,0.6223410434348667,0.325,40,0.2973410434348667
3545308,0.6218281032532592,0.532051282051282,468,0.08977682120197716
3524402,0.6207347187439384,0.48070346849047385,2047,0.14003125025346452
3304904,0.6207347187439384,0.5621744054360136,4415,0.05856031330792477
3555307,0.6207347187439384,0.29411764705882354,17,0.32661707168511483
1301803,0.6206230461201137,0.3548387096774194,248,0.2657843364426943
3129004,0.6203003820798785,0.16666666666666666,42,0.45363371541321185
3123809,0.6203003820798785,0.23655913978494625,93,0.3837412422949322
3169505,0.6203003820798785,0.2549019607843137,51,0.36539842129556477
3134707,0.6203003820798785,0.44036697247706424,109,0.17993340960281423
3106903,0.6203003820798785,0.29906542056074764,107,0.32123496151913083
3149952,0.6203003820798785,0.56,75,0.06030038207987842
3158508,0.6203003820798785,0.35135135135135137,37,0.2689490307285271
3156304,0.6203003820798785,0.18032786885245902,122,0.4399725132274195
4305454,0.6192123291185835,0.6689655172413793,145,-0.04975318812279583
2510204,0.6189921499149658,0.6176470588235294,68,0.0013450910914363234
2508901,0.6185303023980848,0.3083511777301927,467,0.3101791246678921
3552809,0.6182386627571889,0.5066937119675456,2465,0.11154495078964322
5002001,0.6181105604144577,0.32432432432432434,185,0.2937862360901333
2616407,0.6180912752145592,0.49203187250996017,1004,0.12605940270459903
2601052,0.6180912752145592,0.46153846153846156,221,0.15655281367609764
2614709,0.6180912752145592,0.5520833333333334,96,0.06600794188122583
2609808,0.6180912752145592,0.49137931034482757,116,0.12671196486973163
2603207,0.6180912752145592,0.42857142857142855,364,0.18951984664313065
2702355,0.6176825095064861,0.32038834951456313,206,0.29729415999192293
2922201,0.6173548143427192,0.5873015873015873,63,0.03005322704113189
2929107,0.6173548143427192,0.5886524822695035,141,0.02870233207321571
2206050,0.6173548143427192,0.3953488372093023,43,0.2220059771334169
5106174,0.6171379858777515,0.14814814814814814,27,0.46898983772960334
5219803,0.6171379858777515,0.3473684210526316,95,0.2697695648251199
2405900,0.6163071894235226,0.6111111111111112,18,0.005196078312411423
1300029,0.6159894481807927,0.405982905982906,234,0.21000654219788673
2405306,0.6158986464405647,0.7804878048780488,41,-0.16458915843748412
5105002,0.6156373082071718,0.25225225225225223,111,0.36338505595491954
2702504,0.6154880348855716,0.3614457831325301,83,0.25404225175304146
2704807,0.6154880348855716,0.5851063829787234,94,0.03038165190684816
2918803,0.6151596306785884,0.5454545454545454,110,0.06970508522404295
2906899,0.6151596306785884,0.6444444444444445,90,-0.02928481376585612
2200707,0.6151596306785884,0.42857142857142855,126,0.18658820210715982
2917607,0.6151596306785884,0.4629981024667932,527,0.15216152821179518
1507151,0.6146317187873818,0.6030927835051546,194,0.011538935282227158
1503093,0.6146317187873818,0.5633333333333334,300,0.05129838545404841
1714302,0.6140351938597182,0.66,50,-0.045964806140281866
1718840,0.6140351938597182,0.4666666666666667,45,0.1473685271930515
3122108,0.6139956989839604,0.14893617021276595,47,0.4650595287711945
1304237,0.6136060967262666,0.6959459459459459,296,-0.0823398492196793
3152402,0.6134056732005277,0.2972972972972973,111,0.31610837590323043
2613503,0.6129694128151049,0.3946078431372549,408,0.21836156967784998
4205191,0.6128666330416573,0.30612244897959184,49,0.3067441840620655
3513801,0.6124449108287386,0.4,3765,0.21244491082873862
1501303,0.6124307204497109,0.6022253129346314,1438,0.010205407515079479
1507458,0.6124307204497109,0.473015873015873,315,0.13941484743383792
1500602,0.6124307204497109,0.5426555484284797,1559,0.06977517202123118
3551504,0.611906683454102,0.5537525354969574,493,0.058154147957144686
3522653,0.6119066834541019,0.7017543859649122,57,-0.08984770251081031
3506904,0.6119066834541019,0.3130434782608696,115,0.29886320519323234
3534401,0.6119066834541019,0.5082508250825083,6666,0.10365585837159363
3509452,0.6119066834541019,0.5692307692307692,65,0.04267591422333272
3201803,0.6119066834541019,0.17857142857142858,56,0.4333352548826733
3546256,0.6119066834541019,0.5714285714285714,21,0.04047811202553053
3552007,0.6119066834541019,0.5285714285714286,70,0.08333525488267335
3529807,0.6119066834541019,0.31958762886597936,97,0.2923190545881226
3539301,0.6119066834541019,0.4326086956521739,460,0.17929798780192802
1716604,0.6118329401923178,0.5396825396825397,63,0.07215040050977817
4314902,0.6115886134338878,0.7183459051724138,7424,-0.106757291738526
3302502,0.6114416385579537,0.5321657123610644,2969,0.07927592619688939
5004106,0.6107554677190095,0.3419354838709677,155,0.26881998384804173
4206652,0.610320702165086,0.568,125,0.0423207021650861
2408904,0.6098461451914774,0.3619047619047619,210,0.2479413832867155
3538105,0.6097000045504294,0.37168141592920356,113,0.23801858862122582
3513850,0.6097000045504294,0.15384615384615385,13,0.45585385070427553
3535309,0.6097000045504294,0.39766081871345027,171,0.21203918583697912
3530607,0.6097000045504294,0.5188128067305445,4279,0.09088719781988486
3305554,0.6097000045504294,0.49081632653061225,980,0.11888367801981714
3512605,0.6097000045504294,0.6136363636363636,44,-0.00393635908593426
2925303,0.6095780046584353,0.545,2200,0.06457800465843522
2906600,0.6095780046584353,0.5833333333333334,120,0.026244671325101887
4306932,0.6093022106210036,0.5373134328358209,67,0.07198877778518276
1501105,0.609196396528185,0.463768115942029,276,0.14542828058615603
5107008,0.6085602883206104,0.5330578512396694,242,0.07550243708094095
3130507,0.607960901178753,0.34265734265734266,143,0.26530355852141035
3165503,0.607960901178753,0.15,60,0.457960901178753
3151602,0.607960901178753,0.3380281690140845,142,0.2699327321646685
3101805,0.6078364419739057,0.2903225806451613,62,0.31751386132874443
2604304,0.6070933728044229,0.3717948717948718,78,0.23529850100955108
1301852,0.6066076500122957,0.6271186440677966,885,-0.020510994055500942
2100501,0.6063492109073434,0.47435897435897434,156,0.13199023654836906
2110401,0.6063492109073434,0.6174863387978142,183,-0.011137127890470833
2206704,0.6063492109073434,0.6041666666666666,48,0.0021825442406767648
2922730,0.6063492109073434,0.6808510638297872,47,-0.07450185292244382
2923605,0.6063492109073434,0.5106382978723404,141,0.09571091303500301
2203800,0.6063492109073434,0.5555555555555556,54,0.050793655351787814
2103307,0.6063492109073434,0.4811320754716981,1166,0.12521713543564528
2907558,0.6063492109073434,0.4915254237288136,59,0.11482378717852981
3552502,0.6061330551622595,0.4846069268829027,3638,0.12152612827935677
3166105,0.6060890589290326,0.43478260869565216,23,0.17130645023338048
3138609,0.6060890589290326,0.2868217054263566,129,0.31926735350267604
5108402,0.6059661462985766,0.3955026455026455,3780,0.21046350079593107
4216206,0.6057944881490972,0.45785876993166286,439,0.14793571821743434
2512200,0.6047581935329096,0.36585365853658536,41,0.23890453499632425
2512721,0.6047581935329096,0.7692307692307693,39,-0.16447257569785967
2500106,0.6047581935329096,0.47126436781609193,87,0.13349382571681767
2504157,0.6047581935329096,0.41379310344827586,87,0.19096509008463375
2508604,0.6047581935329096,0.5568181818181818,176,0.04794001171472784
3136959,0.6047116494402035,0.5434782608695652,46,0.061233388570638314
5006259,0.6041827092864159,0.21518987341772153,79,0.3889928358686944
5007406,0.6041827092864159,0.4965277777777778,288,0.10765493150863814
5007935,0.6041827092864159,0.21363636363636362,220,0.3905463456500523
1303809,0.6038722186825131,0.5849056603773585,689,0.01896655830515459
2805000,0.6038455742182419,0.5217391304347826,23,0.08210644378345933
2807204,0.6038455742182419,0.4647887323943662,71,0.13905684182387573
2611309,0.6038452028413716,0.5864661654135338,133,0.01737903742783775
2610806,0.6038452028413716,0.4540229885057471,174,0.14982221433562443
2600054,0.6038452028413716,0.538781163434903,722,0.06506403940646854
2608800,0.6038452028413716,0.4250614250614251,407,0.17878377777994647
2507507,0.6035939051359176,0.44189462089223425,5447,0.16169928424368335
2703205,0.6034309723271974,0.4899598393574297,249,0.11347113296976774
2700102,0.6034309723271974,0.5133333333333333,150,0.09009763899386414
2706406,0.6034309723271974,0.4495114006514658,307,0.15391957167573167
5102504,0.6031974348496721,0.4836223506743738,1038,0.11957508417529833
5103007,0.6031974348496721,0.3130081300813008,246,0.29018930476837135
5108600,0.6031974348496721,0.44727272727272727,275,0.15592470757694488
5106000,0.6031974348496721,0.34328358208955223,67,0.2599138527601199
2206308,0.6030989109516757,0.15384615384615385,13,0.4492527571055218
2902807,0.6030989109516757,0.5283018867924528,265,0.07479702415922285
2202083,0.6030989109516757,0.3732394366197183,142,0.22985947433195736
2903508,0.6030989109516757,0.6693548387096774,124,-0.06625592775800171
2926657,0.6030989109516757,0.47368421052631576,76,0.1294147004253599
2202802,0.6030989109516757,0.2903225806451613,62,0.31277633030651436
2928406,0.6030989109516757,0.6795366795366795,259,-0.07643776858500384
2921203,0.6030989109516757,0.6304347826086957,184,-0.027335871657020006
2931608,0.6030989109516757,0.5524475524475524,143,0.05065135850412328
2932101,0.6030989109516757,0.6106870229007634,131,-0.007588111949087706
2909109,0.6030989109516757,0.6928571428571428,140,-0.08975823190546717
2103208,0.6030989109516757,0.5824817518248175,685,0.02061715912685813
2927903,0.6030989109516757,0.5268817204301075,93,0.07621719052156817
2920601,0.6030989109516757,0.4550898203592814,167,0.14800909059239425
2204105,0.6030989109516757,0.6774193548387096,62,-0.07432044388703396
2902302,0.6030989109516757,0.4,80,0.20309891095167565
2917102,0.6030989109516757,0.7115384615384616,104,-0.1084395505867859
2933307,0.6030989109516757,0.5725406935598019,2826,0.03055821739187381
2927309,0.6030989109516757,0.5422885572139303,201,0.06081035373774535
2202901,0.6030989109516757,0.6264150943396226,265,-0.023316183387946943
2105476,0.6030989109516757,0.3023255813953488,86,0.30077332955632685
3120003,0.6027603119014299,0.375,32,0.22776031190142987
1706100,0.6026974185322113,0.38202247191011235,89,0.2206749466220989
2410801,0.6025063988282416,0.4838709677419355,31,0.11863543108630614
2403301,0.6025063988282416,0.3333333333333333,63,0.2691730654949083
2409209,0.6025063988282416,0.5,24,0.10250639882824164
2408805,0.6025063988282416,0.6833333333333333,60,-0.08082693450509171
2406304,0.6025063988282416,0.6938775510204082,49,-0.09137115219216652
4126702,0.6018655014105445,0.5319148936170213,47,0.06995060779352325
2111300,0.6016898357683819,0.430171172612382,6251,0.17151866315599984
3107406,0.6011694608972564,0.25267665952890794,467,0.3484928013683485
5005103,0.6007177288763195,0.4117647058823529,68,0.18895302299396655
1600212,0.6000412763942502,0.4634146341463415,82,0.13662664224790871
1508001,0.6000412763942502,0.5031674208144796,1105,0.09687385557977057
1501956,0.6000412763942502,0.48226950354609927,141,0.11777177284815094
1503044,0.6000412763942502,0.32894736842105265,228,0.27109390797319755
1504000,0.6000412763942502,0.5078125,256,0.0922287763942502
4202305,0.5997178907541135,0.540447504302926,581,0.05927038645118754
1302553,0.599509788056529,0.7795698924731183,186,-0.18006010441658926
1720259,0.5994368853731752,0.4222222222222222,45,0.17721466315095297
1717909,0.5994368853731752,0.696969696969697,99,-0.09753281159652183
1717008,0.5994368853731752,0.6607142857142857,56,-0.06127740034111051
1715754,0.5994368853731752,0.2222222222222222,81,0.377214663150953
1700707,0.5994368853731752,0.2818181818181818,110,0.3176187035549934
1302504,0.5990094726870722,0.596875,1280,0.00213447268707212
2514305,0.598676452617454,0.47368421052631576,57,0.12499224209113818
3126703,0.5981789391331133,0.5738636363636364,176,0.02431530276947691
2611507,0.5977587574526135,0.42081447963800905,221,0.17694427781460448
1300086,0.5975029905416332,0.3389830508474576,59,0.25851993969417564
4218004,0.5974217550227321,0.66,100,-0.06257824497726794
5107206,0.597107677486984,0.18518518518518517,54,0.41192249230179884
5102686,0.5971076774869839,0.3416149068322981,161,0.2554927706546858
2207959,0.5970086517263152,0.5079365079365079,63,0.08907214378980732
3102209,0.596798854455947,0.15217391304347827,46,0.4446249414124688
3532009,0.5960139774791418,0.53125,128,0.06476397747914175
3549508,0.5960139774791418,0.49382716049382713,81,0.10218681698531462
3504909,0.5960139774791418,0.4,70,0.19601397747914173
3521804,0.5960139774791418,0.5283687943262412,282,0.06764518315290058
3510302,0.5960139774791418,0.5246478873239436,284,0.07136609015519813
3534005,0.5960139774791418,0.2558139534883721,43,0.34020002399076965
3301702,0.5960139774791418,0.5433824646710227,6581,0.05263151280811906
3511003,0.5960139774791418,0.5406698564593302,209,0.055344121019811565
3553302,0.5960139774791418,0.3968253968253968,189,0.19918858065374495
3520103,0.5960139774791418,0.44019138755980863,209,0.15582258991933312
3512308,0.5960139774791418,0.3055555555555556,144,0.2904584219235862
3302601,0.5960139774791418,0.5827505827505828,429,0.013263394728558975
3515129,0.5960139774791418,0.11538461538461539,26,0.48062936209452634
3521150,0.5960139774791418,0.5735294117647058,68,0.02248456571443591
4213906,0.5956589379992463,0.38095238095238093,21,0.21470655704686537
3550308,0.5955032736409884,0.43414737511257084,94385,0.16135589852841759
5105507,0.5954177986495759,0.525,200,0.07041779864957587
2924678,0.5952185955961253,0.5714285714285714,42,0.023790024167553936
3127305,0.5946340541598251,0.36764705882352944,68,0.22698699533629563
3158706,0.5946340541598251,0.13043478260869565,23,0.4641992715511294
3107505,0.5946340541598251,0.39759036144578314,83,0.19704369271404193
3131000,0.5946340541598251,0.22058823529411764,68,0.3740458188657074
3163607,0.5946340541598251,0.13333333333333333,30,0.46130072082649176
3150570,0.5946340541598251,0.35789473684210527,95,0.2367393173177198
3136652,0.5946340541598251,0.3135593220338983,354,0.28107473212592676
3119401,0.5946340541598251,0.3562874251497006,668,0.2383466290101245
3122900,0.5946340541598251,0.043478260869565216,69,0.5511557932902599
3160207,0.5946340541598251,0.5517241379310345,29,0.04290991622879059
3142106,0.5946340541598251,0.23809523809523808,63,0.356538816064587
3119005,0.5946340541598251,0.2647058823529412,34,0.3299281718068839
3136603,0.5946340541598251,0.07142857142857142,70,0.5232054827312537
2411809,0.5946222267083399,0.4074074074074074,27,0.18721481930093248
2409332,0.5946222267083399,0.5652173913043478,23,0.02940483540399208
1507706,0.5939356889032591,0.5251989389920424,377,0.0687367499112167
2109908,0.5938767451626705,0.48323699421965316,865,0.11063975094301737
1706001,0.5933283245915432,0.5135135135135135,74,0.07981481107802968
1719004,0.5933283245915432,0.7142857142857143,49,-0.12095738969417114
2613800,0.5932574974288943,0.5735294117647058,136,0.01972808566418849
2610400,0.5932574974288943,0.4057142857142857,175,0.18754321171460864
2607653,0.5932574974288943,0.562753036437247,247,0.030504460991647386
2501351,0.5931684992083113,0.06060606060606061,66,0.5325624386022507
2504074,0.5931684992083113,0.11904761904761904,42,0.4741208801606922
2511301,0.5931684992083113,0.6181818181818182,55,-0.025013318973506893
2505709,0.5931684992083113,0.0379746835443038,79,0.5551938156640075
2504702,0.5927689118910372,0.59375,32,-0.000981088108962802
2503209,0.5926974205514234,0.4247787610619469,565,0.16791865948947649
5007554,0.5925875082993566,0.48905109489051096,137,0.10353641340884562
4208450,0.592551791402869,0.45493562231759654,233,0.1376161690852724
2211001,0.5923655930716412,0.42197452229299365,6908,0.1703910707786475
5002803,0.5921877426639137,0.44086021505376344,93,0.15132752761015028
2403608,0.5921461516978356,0.6557093425605537,578,-0.06356319086271811
5107040,0.5920350773407639,0.4037735849056604,1060,0.18826149243510348
2708402,0.591828626996772,0.4949748743718593,398,0.09685375262491269
5108352,0.591592881292243,0.7619047619047619,42,-0.1703118806125189
5203609,0.591592881292243,0.09433962264150944,53,0.49725325865073355
5200258,0.591592881292243,0.4664451827242525,3010,0.12514769856799046
5203575,0.591592881292243,0.40816326530612246,49,0.1834296159861205
5107198,0.591592881292243,0.4722222222222222,36,0.11937065907002076
5105200,0.591592881292243,0.3188405797101449,138,0.27275230158209807
5220454,0.591592881292243,0.3954094940010433,1917,0.19618338729119966
5101258,0.591592881292243,0.39444444444444443,180,0.19714843684779854
5100805,0.591592881292243,0.2578125,128,0.33378038129224297
5107958,0.591592881292243,0.40759493670886077,1185,0.1839979445833822
2929909,0.59149342739706,0.6502463054187192,406,-0.05875287802165918
2209005,0.59149342739706,0.582089552238806,67,0.009403875158254027
2911709,0.59149342739706,0.5360824742268041,776,0.055410953170255905
2112902,0.59149342739706,0.39357429718875503,249,0.19791913020830498
2925956,0.59149342739706,0.6647398843930635,173,-0.07324645699600352
2904803,0.59149342739706,0.5,50,0.09149342739706001
2201150,0.59149342739706,0.18407960199004975,201,0.40741382540701027
2908101,0.59149342739706,0.4830917874396135,207,0.1084016399574465
2917334,0.59149342739706,0.7446808510638298,94,-0.15318742366676974
2206951,0.59149342739706,0.17857142857142858,56,0.4129219988256314
2204501,0.59149342739706,0.3203125,128,0.27118092739706
2910107,0.59149342739706,0.5725806451612904,124,0.018912782235769643
2111672,0.59149342739706,0.6428571428571429,28,-0.05136371546008289
5203962,0.5911928129808743,0.14285714285714285,42,0.4483356701237315
5103205,0.5911928129808743,0.3577023498694517,383,0.23349046311142263
4202107,0.5911396204697544,0.5173410404624278,346,0.07379858000732664
2210508,0.591093329001006,0.328125,192,0.262968329001006
2203909,0.591093329001006,0.46387832699619774,526,0.12721500200480823
2922003,0.591093329001006,0.5204081632653061,392,0.07068516573569983
2905206,0.591093329001006,0.6098130841121495,428,-0.018719755111143543
2209906,0.591093329001006,0.06,50,0.531093329001006
2919702,0.591093329001006,0.5526315789473685,114,0.0384617500536375
3535507,0.5910812606475592,0.42574257425742573,404,0.16533868639013344
3503158,0.5910812606475592,0.625,24,-0.03391873935244083
2400703,0.5908953424087655,0.4744525547445255,137,0.11644278766423999
2607802,0.5902658547052198,0.4230769230769231,78,0.16718893162829668
2603702,0.5902658547052198,0.34513274336283184,226,0.2451331113423879
2608453,0.5902658547052198,0.4028776978417266,139,0.18738815686349314
4103107,0.5898479834964795,0.42358078602620086,229,0.16626719747027863
5105101,0.5897307805645533,0.4025641025641026,390,0.18716667800045073
3132602,0.5896960873948123,0.2631578947368421,38,0.3265381926579702
3104809,0.5896960873948123,0.5102040816326531,49,0.0794920057621592
3162922,0.5896960873948123,0.1756440281030445,427,0.4140520592917678
4300604,0.5893884087354175,0.6388044579533941,1974,-0.0494160492179766
1301209,0.5885033191181512,0.592274678111588,932,-0.003771358993436724
1505106,0.5884074031214584,0.44981412639405205,538,0.1385932767274064
1508035,0.5884074031214584,0.6373056994818653,193,-0.04889829636040688
1500859,0.5884074031214584,0.5188679245283019,318,0.06953947859315657
1506104,0.5884074031214584,0.49624060150375937,133,0.09216680161769908
1505437,0.5884074031214584,0.46588235294117647,425,0.12252505018028198
1506112,0.5884074031214584,0.5244755244755245,143,0.06393187864593397
1504455,0.5884074031214584,0.5171232876712328,292,0.07128411545022562
1100809,0.5884074031214584,0.48633879781420764,366,0.10206860530725081
3102407,0.5883101595665677,0.34328358208955223,67,0.2450265774770155
4306767,0.5878856832138043,0.7067901234567902,324,-0.11890444024298585
1707207,0.5877975086975485,0.46774193548387094,62,0.1200555732136776
1716703,0.5877975086975485,0.3898305084745763,59,0.19796700022297226
1705102,0.5877975086975485,0.47619047619047616,42,0.11160703250707238
1708254,0.5877975086975485,0.48484848484848486,66,0.10294902384906368
4323457,0.5867531773213426,0.5625,32,0.02425317732134258
3146909,0.5861934700460697,0.1044776119402985,134,0.4817158581057712
2408607,0.5858470823757473,0.7142857142857143,35,-0.12843863190996696
1304203,0.5857236882628333,0.5621890547263682,1206,0.02353463353646512
1503903,0.5856001577070061,0.49744245524296676,782,0.08815770246403937
3531100,0.5855412317326554,0.5794392523364486,749,0.006101979396206825
3539400,0.5855412317326554,0.5588235294117647,102,0.026717702320890657
3524105,0.5855412317326554,0.4982456140350877,285,0.08729561769756766
3304128,0.5855412317326554,0.39473684210526316,114,0.1908043896273922
3536505,0.5855412317326554,0.38076923076923075,1040,0.20477200096342463
3502200,0.5855412317326554,0.3922413793103448,232,0.19329985242231057
3554508,0.5855412317326554,0.3687707641196013,301,0.21677046761305407
3555505,0.5855412317326554,0.4393939393939394,66,0.14614729233871598
3508009,0.5855412317326554,0.3669064748201439,278,0.2186347569125115
3501152,0.5855412317326554,0.4603174603174603,189,0.12522377141519508
3556503,0.5855412317326554,0.468013468013468,1188,0.11752776371918738
3557006,0.5855412317326554,0.4514959202175884,1103,0.134045311515067
3526308,0.5855412317326554,0.3492063492063492,63,0.2363348825263062
3525201,0.5855412317326554,0.5581854043392505,507,0.02735582739340492
3506102,0.5855412317326554,0.4462081128747795,567,0.13933311885787586
3540705,0.5855412317326553,0.4956521739130435,460,0.08988905781961176
3546306,0.5851393924662046,0.39928057553956836,278,0.18585881692663625
3502903,0.5851393924662046,0.4358288770053476,374,0.149310515460857
3535804,0.5851393924662046,0.5660377358490566,212,0.019101656617148022
3508405,0.5851393924662046,0.35479041916167664,668,0.23034897330452797
3111804,0.5843323010108944,0.29896907216494845,97,0.28536322884594595
3172202,0.5841504950229001,0.28,25,0.30415049502290004
3120102,0.5841504950229001,0.22,50,0.3641504950229001
3153905,0.5841504950229001,0.3013698630136986,146,0.28278063200920145
3129202,0.5841504950229001,0.29850746268656714,67,0.2856430323363329
5103502,0.583916957168196,0.3917525773195876,291,0.1921643798486084
3144375,0.583748265914569,0.3541666666666667,48,0.22958159924790228
3116159,0.583748265914569,0.3076923076923077,208,0.27605595822226126
3144656,0.583748265914569,0.22727272727272727,66,0.35647553864184167
3136702,0.5828460047228874,0.4481005085252767,3343,0.13474549619761067
3145356,0.5820019473217725,0.3333333333333333,90,0.24866861398843915
3156809,0.5819793875129563,0.2540983606557377,122,0.3278810268572186
3552205,0.5816181137041769,0.44909234411996846,6335,0.13252576958420847
2608206,0.5809333315041776,0.532608695652174,92,0.04832463585200364
2601706,0.5809333315041776,0.5623100303951368,658,0.018623301109040757
4208807,0.5808734829237916,0.40397350993377484,302,0.17689997299001675
3156007,0.5802151360638471,0.3592233009708738,103,0.22099183509297332
3500303,0.5800809187207858,0.38309859154929576,355,0.19698232717149006
4312708,0.5797410993930454,0.5514705882352942,136,0.028270511157751255
2931806,0.57915372772972,0.5714285714285714,77,0.007725156301148561
2913507,0.57915372772972,0.6851851851851852,108,-0.10603145745546527
3135803,0.5789333892833841,0.38372093023255816,172,0.19521245905082596
4304630,0.5782916245131573,0.6359223300970874,618,-0.05763070558393013
3161106,0.5775463517518111,0.3790849673202614,612,0.1984613844315497
2603801,0.577098631459142,0.3033175355450237,211,0.27378109591411826
1505403,0.5768885345122992,0.4557823129251701,147,0.12110622158712908
2405009,0.5768321073482765,0.569620253164557,79,0.007211854183719502
2412104,0.5765067052561602,0.328125,64,0.2483817052561602
2205508,0.5764473635256245,0.5698447893569845,451,0.006602574168640074
3142254,0.5761424933663767,0.6111111111111112,36,-0.034968617744734476
3509502,0.5753642479467768,0.33756601865378133,8899,0.23779822929299543
5105622,0.5752306725382912,0.419672131147541,305,0.1555585413907502
2615409,0.5749229775256582,0.35766423357664234,548,0.2172587439490159
2507705,0.5748328426444138,0.54,150,0.034832842644413775
2509396,0.5748328426444138,0.39285714285714285,84,0.18197569978727096
2516805,0.5748328426444138,0.36065573770491804,61,0.21417710493949577
2501500,0.5748328426444138,0.4527027027027027,148,0.12213013994171112
2505105,0.5748328426444138,0.3708609271523179,151,0.20397191549209592
4306320,0.5748303002281765,0.2,20,0.3748303002281765
4200705,0.5738965939662923,0.5175438596491229,114,0.05635273431716947
1100452,0.5737869305452373,0.2762557077625571,438,0.29753122278268024
1508407,0.5737869305452373,0.5075125208681135,599,0.06627440967712384
5106232,0.573694593009635,0.425,240,0.148694593009635
5212709,0.5736945930096349,0.31746031746031744,126,0.25623427554931744
5101704,0.5736945930096349,0.2731707317073171,410,0.3005238613023178
3519600,0.5736087981009915,0.5048923679060665,511,0.06871643019492502
3523008,0.5736087981009915,0.2127659574468085,47,0.36084284065418304
3517000,0.5736087981009915,0.3333333333333333,48,0.2402754647676582
3547908,0.5736087981009915,0.328125,64,0.24548379810099152
3557105,0.5736087981009915,0.38088829071332436,743,0.19272050738766716
3301405,0.5736087981009915,0.441340782122905,179,0.13226801597808652
3531803,0.5736087981009915,0.5278514588859416,754,0.045757339215049875
1302207,0.5734811944841974,0.48905109489051096,137,0.08443009959368647
2703759,0.5734760052638829,0.043478260869565216,115,0.5299977443943177
2706000,0.5734760052638829,0.19318181818181818,176,0.3802941870820647
2708600,0.5734760052638829,0.4237588652482269,564,0.14971714001565595
3146255,0.573183328325902,0.27586206896551724,58,0.2973212593603848
2207504,0.5731366046367596,0.5333333333333333,150,0.03980327130342631
2201929,0.5731366046367596,0.6404494382022472,89,-0.06731283356548756
2929503,0.5731366046367596,0.5390334572490706,269,0.03410314738768905
2201988,0.5731366046367596,0.046511627906976744,43,0.5266249767297829
2113009,0.5731366046367596,0.26356589147286824,258,0.3095707131638914
2111904,0.5731366046367596,0.4,110,0.17313660463675962
2926707,0.5731366046367596,0.4426229508196721,122,0.13051365381708752
2909604,0.5731366046367596,0.5695364238410596,151,0.0036001807957000143
2107506,0.5731366046367596,0.4418604651162791,1548,0.13127613952048056
2101707,0.5731366046367596,0.21391076115485563,762,0.359225843481904
2102101,0.5731366046367596,0.41911764705882354,272,0.1540189575779361
2203503,0.5731366046367596,0.4891304347826087,92,0.08400616985415094
2203107,0.5731366046367596,0.15,20,0.4231366046367596
2919009,0.5731366046367596,0.7878787878787878,33,-0.2147421832420282
2922755,0.5731366046367596,0.5102040816326531,49,0.06293252300410657
2205359,0.5731366046367596,0.03225806451612903,31,0.5408785401206306
2202251,0.5731366046367596,0.1282051282051282,39,0.44493147643163145
2917904,0.5731366046367596,0.6391752577319587,97,-0.06603865309519907
2507903,0.5730753531811196,0.5363636363636364,110,0.0367117168174832
5001003,0.5729166878408842,0.41935483870967744,434,0.1535618491312068
4304663,0.5725334771478708,0.6887966804979253,241,-0.11626320335005447
2410207,0.5725310668367017,0.352112676056338,71,0.22041839078036374
4112603,0.572333841365479,0.07692307692307693,13,0.4954107644424021
5107354,0.5719087301673756,0.6513761467889908,109,-0.07946741662161516
5205497,0.5719087301673756,0.381342062193126,1222,0.19056666797424965
5214002,0.5719087301673756,0.3333333333333333,213,0.23857539683404233
5107941,0.5719087301673756,0.375,176,0.19690873016737565
2410504,0.5717955304966293,0.6060606060606061,33,-0.03426507556397673
2514701,0.571569448893598,0.5161290322580645,31,0.05544041663553345
5007950,0.5714378224209058,0.43315508021390375,187,0.13828274220700204
2901007,0.571350150813324,0.4899598393574297,249,0.08139031145589426
2110906,0.571350150813324,0.16417910447761194,134,0.407171046335712
3533205,0.5708931955974859,0.1111111111111111,45,0.45978208448637475
3509601,0.5708931955974859,0.5094562647754137,846,0.06143693082207213
3170107,0.5708750898824965,0.38453463960811757,2858,0.1863404502743789
2404804,0.5707439768213054,0.7777777777777778,9,-0.2070338009564724
3513504,0.5706292039029041,0.5489478499542544,1093,0.021681353948649673
1502301,0.5704708715018363,0.5053763440860215,465,0.06509452741581478
1505007,0.5704708715018362,0.49166666666666664,120,0.07880420483516953
1101609,0.5704708715018362,0.21052631578947367,114,0.3599445557123625
1505551,0.5704708715018362,0.515625,64,0.054845871501836174
1600253,0.5704708715018362,0.580952380952381,105,-0.010481509450544824
1503002,0.5704708715018362,0.46621621621621623,148,0.10425465528561995
1502764,0.5704708715018362,0.5483870967741935,155,0.02208377472764267
1502772,0.5704708715018362,0.2656826568265683,271,0.3047882146752679
1506401,0.5704708715018362,0.4807692307692308,104,0.08970164073260539
5218003,0.5704289914714832,0.5027932960893855,358,0.06763569538209768
2701506,0.5702099837134281,0.6304347826086957,46,-0.06022479889526755
2101251,0.5698699334678412,0.4587628865979381,194,0.11110704686990308
2106300,0.5698699334678412,0.18055555555555555,144,0.3893143779122856
2921104,0.5698699334678412,0.5309734513274337,226,0.03889648214040753
2916856,0.5698699334678412,0.4578313253012048,166,0.11203860816663641
1704600,0.569853828461605,0.9375,16,-0.36764617153839496
1715507,0.569853828461605,0.6842105263157895,19,-0.11435669785418445
1702554,0.569853828461605,0.4031413612565445,191,0.16671246720506055
1705508,0.569853828461605,0.4411764705882353,442,0.12867735787336976
3135050,0.5695854028383993,0.39925373134328357,536,0.17033167149511574
3143153,0.5694894451170317,0.17391304347826086,23,0.39557640163877084
3103504,0.5692214876773307,0.34205426356589147,1032,0.22716722411143925
4214409,0.5690985696129723,0.53125,64,0.03784856961297234
4210209,0.5690985696129723,0.22727272727272727,22,0.34182584234024505
2601904,0.5690447925559189,0.4339152119700748,401,0.13512958058584407
2601607,0.5690447925559189,0.367816091954023,174,0.2012287006018959
1501907,0.5686816571414656,0.48034934497816595,229,0.08833231216329962
1100130,0.5686816571414655,0.345679012345679,405,0.22300264479578646
2401107,0.568659560902714,0.5738636363636364,176,-0.005204075460922386
4214102,0.5676164611498276,0.4166666666666667,36,0.15094979448316087
3509205,0.567571589970265,0.46949327817993797,967,0.09807831179032706
3532900,0.567571589970265,0.313953488372093,86,0.253618101598172
3300209,0.567571589970265,0.4401805869074492,1329,0.1273910030628158
3300506,0.567571589970265,0.32599118942731276,227,0.24158040054295227
3508603,0.567571589970265,0.5851528384279476,229,-0.017581248457682608
3513603,0.567571589970265,0.4222222222222222,135,0.1453493677480428
3300936,0.567571589970265,0.39855072463768115,138,0.16902086533258387
3502754,0.567571589970265,0.4557522123893805,226,0.1118193775808845
3548054,0.567571589970265,0.367816091954023,87,0.19975549801624204
3513009,0.567571589970265,0.5055172413793103,2900,0.06205434859095471
3517208,0.567571589970265,0.3968253968253968,126,0.17074619314486822
3301850,0.567571589970265,0.5261382799325464,593,0.04143331003771866
3300803,0.567571589970265,0.5021097046413502,474,0.06546188532891484
3300258,0.567571589970265,0.41644562334217505,377,0.15112596662808997
3303708,0.567571589970265,0.4871060171919771,349,0.08046557277828792
3541000,0.567571589970265,0.48884276076803324,3854,0.07872882920223179
3541653,0.567571589970265,0.3389830508474576,59,0.2285885391228074
3536604,0.567571589970265,0.2,60,0.367571589970265
3503901,0.567571589970265,0.38976377952755903,1016,0.177807810442706
3303807,0.567571589970265,0.5108433734939759,415,0.05672821647628912
3522505,0.567571589970265,0.4438979403627421,3253,0.12367364960752292
3556206,0.567571589970265,0.5150784077201448,829,0.05249318225012023
3513207,0.567571589970265,0.5,90,0.06757158997026502
3503802,0.567571589970265,0.45544554455445546,505,0.11212604541580956
3500550,0.567571589970265,0.5096153846153846,104,0.05795620535488044
3547007,0.567571589970265,0.1267605633802817,71,0.44081102658998333
4107256,0.5674093655491546,0.3090909090909091,110,0.25831845645824547
4110003,0.5674093655491546,0.417910447761194,67,0.14949891778796054
4316402,0.5673028268329096,0.6285714285714286,280,-0.061268601738519
1504208,0.5671992052404284,0.48715382048715383,2997,0.0800453847532746
4204806,0.5666114183574777,0.4320388349514563,412,0.13457258340602146
3113008,0.5665617339009175,0.29559748427672955,159,0.2709642496241879
2610707,0.5664201755323681,0.4504901960784314,2040,0.11592997945393674
1304401,0.5662959810654681,0.556420233463035,257,0.009875747602433038
3543907,0.5662222905882939,0.4550970873786408,1648,0.11112520320965308
3113404,0.5661652307938921,0.32046783625730996,855,0.24569739453658218
3171402,0.5661652307938921,0.25,36,0.31616523079389214
3143005,0.5661652307938921,0.19148936170212766,141,0.3746758690917645
3171600,0.5661652307938921,0.1506849315068493,73,0.41548029928704283
3121258,0.5661652307938921,0.5272727272727272,110,0.03889250352116491
3169307,0.5661652307938921,0.2982758620689655,580,0.26788936872492664
3111903,0.5661652307938921,0.06521739130434782,46,0.5009478394895444
3108909,0.5661652307938921,0.2080536912751678,149,0.3581115395187243
3122355,0.5661652307938921,0.36363636363636365,99,0.2025288671575285
3107208,0.5661652307938921,0.2641509433962264,53,0.3020142873976657
3153509,0.5661652307938921,0.2125,80,0.3536652307938921
3172103,0.5661652307938921,0.23684210526315788,38,0.3293231255307343
3157302,0.5661652307938921,0.08888888888888889,45,0.47727634190500323
3149101,0.5661652307938921,0.13333333333333333,90,0.43283189746055883
3162252,0.5661652307938921,0.21568627450980393,51,0.3504789562840882
3144672,0.5661652307938921,0.52,25,0.04616523079389212
3164209,0.5661652307938921,0.22093023255813954,86,0.3452349982357526
3170701,0.5661652307938921,0.27848101265822783,1027,0.2876842181356643
3139607,0.5661652307938921,0.28378378378378377,222,0.28238144701010837
4202099,0.5659988769730686,0.3333333333333333,18,0.2326655436397353
3543402,0.5659947727438407,0.4381999170468685,4822,0.1277948556969722
3104502,0.5658873053743726,0.5136612021857924,183,0.05222610318858023
3530706,0.5657794911511196,0.3634344929681717,1351,0.20234499818294788
3556701,0.5657794911511196,0.4409090909090909,660,0.12487040024202867
3511904,0.5657794911511196,0.45454545454545453,66,0.11123403660566505
3537503,0.5657794911511196,0.32653061224489793,98,0.23924887890622165
3509700,0.5657794911511196,0.4298642533936652,442,0.1359152377574544
3554003,0.5657794911511196,0.4603559870550162,1236,0.1054235040961034
3303955,0.5657794911511196,0.36524822695035464,282,0.20053126420076495
3301900,0.5657794911511196,0.48728465955701394,2438,0.07849483159410564
4205407,0.5656968872235228,0.48968891995805663,2861,0.07600796726546621
4120507,0.5656171089649966,0.3764705882352941,85,0.1891465207297025
3163300,0.5655883324254413,0.35714285714285715,42,0.20844547528258411
4209300,0.5654692564523776,0.4769959404600812,1478,0.08847331599229635
5002308,0.5649835290018299,0.3867403314917127,181,0.1782431975101172
3122009,0.5646609576323545,0.3172043010752688,186,0.24745665655708565
2404903,0.5645614637819565,0.48936170212765956,47,0.07519976165429693
3112604,0.5643717770633365,0.26011560693641617,173,0.30425617012692036
3107604,0.5643717770633365,0.1276595744680851,47,0.43671220259525145
3134509,0.5643717770633365,0.21875,32,0.3456217770633365
3146206,0.5643717770633365,0.2159090909090909,88,0.3484626861542456
3110301,0.5643717770633365,0.2644628099173554,121,0.29990896714598114
3300951,0.5642947068117773,0.33,100,0.23429470681177728
3516309,0.5642143857104676,0.49027777777777776,2160,0.0739366079326898
4202073,0.563913516893323,0.48333333333333334,180,0.0805801835599897
2606606,0.5636223160571991,0.3680297397769517,269,0.19559257628024745
2101772,0.5634100678661725,0.22040816326530613,245,0.34300190460086644
2207306,0.5634100678661725,0.546875,64,0.016535067866172537
2931350,0.5634100678661725,0.6495976591075348,1367,-0.08618759124136222
2905008,0.5634100678661725,0.5204081632653061,196,0.04300190460086639
2205805,0.5634100678661725,0.44976076555023925,209,0.11364930231593329
2923803,0.5634100678661725,0.6020408163265306,196,-0.03863074846035808
3147402,0.5629762398018456,0.27555555555555555,225,0.2874206842462901
3171501,0.5628858980569579,0.32558139534883723,43,0.23730450270812065
3141108,0.5626570559152524,0.36910994764397903,382,0.19354710827127336
2611002,0.5625820466755467,0.33737864077669905,412,0.22520340589884763
2604700,0.5625820466755467,0.27692307692307694,130,0.28565896975246974
2412005,0.5623832150336291,0.6587078651685393,712,-0.0963246501349102
4220000,0.5616958821699555,0.48325358851674644,209,0.07844229365320904
3151206,0.5614878223895728,0.2942176870748299,588,0.2672701353147429
3516408,0.5614327027385452,0.5161830357142857,1792,0.04524966702425948
1301308,0.5613460637393793,0.5069444444444444,288,0.05440161929493492
4201307,0.5611488145805045,0.505338078291815,562,0.05581073628868949
2413557,0.5611319800979981,0.3953488372093023,43,0.16578314288869583
3534708,0.5610636037875288,0.4613710554951034,919,0.09969254829242546
4300646,0.5604877448508596,0.26865671641791045,67,0.29183102843294917
1707009,0.5601099013429524,0.3905579399141631,233,0.16955196142878926
2517100,0.5600879304936675,0.37037037037037035,27,0.1897175601232971
2515930,0.5600879304936675,0.25396825396825395,63,0.3061196765254135
2513356,0.5600879304936675,0.6153846153846154,26,-0.05529668489094797
2511400,0.5600879304936675,0.5759162303664922,191,-0.015828299872824747
2512747,0.5600879304936675,0.32,25,0.24008793049366745
3171006,0.5599270734465372,0.3448275862068966,174,0.21509948723964067
3124807,0.5596191177470053,0.24193548387096775,62,0.3176836338760376
3532405,0.5595420416455097,0.3981042654028436,211,0.1614377762426661
5107602,0.558940494403143,0.3934592043155765,2966,0.16548129008756646
5101902,0.558940494403143,0.3087557603686636,217,0.2501847340344794
5107263,0.558940494403143,0.18181818181818182,33,0.37712231258496115
5209457,0.558940494403143,0.08333333333333333,24,0.47560716106980966
5215231,0.558940494403143,0.4251012145748988,988,0.13383927982824417
5007695,0.5589257489516809,0.37995824634655534,479,0.17896750260512556
3552106,0.5588855820422752,0.38866396761133604,247,0.1702216144309392
2708956,0.5587201605406676,0.4276729559748428,159,0.13104720456582486
2709152,0.5587201605406676,0.4225721784776903,381,0.13614798206297735
2110302,0.5583780602383096,0.26956521739130435,115,0.28881284284700526
2211308,0.5583780602383096,0.5706521739130435,184,-0.012274113674733855
2209153,0.5583780602383096,0.3181818181818182,44,0.24019624205649143
2202208,0.5583780602383096,0.45089285714285715,448,0.10748520309545245
2920502,0.5583780602383096,0.5642458100558659,179,-0.005867749817556334
2921450,0.5583780602383096,0.5384615384615384,78,0.019916521776771168
2106904,0.5583780602383096,0.6408163265306123,245,-0.08243826629230266
1300300,0.558355386398058,0.5848375451263538,277,-0.026482158728295735
2513307,0.5582369850459165,0.03508771929824561,57,0.5231492657476708
2513208,0.5582369850459165,0.13333333333333333,60,0.42490365171258315
3519907,0.5578160803046843,0.4634146341463415,82,0.09440144615834284
3552304,0.5578160803046843,0.4307692307692308,65,0.12704684953545353
3542008,0.5578160803046843,0.35294117647058826,68,0.20487490383409607
2404507,0.5577677406340793,0.5579710144927537,138,-0.00020327385867435765
2411429,0.5577677406340793,0.5909090909090909,22,-0.03314135027501164
2606002,0.5575479901549237,0.3028169014084507,1278,0.25473108874647304
2606309,0.5575479901549237,0.3211009174311927,109,0.23644707272373106
2608008,0.5575479901549237,0.6412213740458015,131,-0.08367338389087775
2602803,0.5575479901549237,0.4448818897637795,508,0.11266610039114422
4203956,0.5571552284969224,0.38565022421524664,223,0.1715050042816758
1300409,0.5567594194250937,0.5221238938053098,226,0.03463552561978389
1301704,0.5567016530049302,0.421259842519685,762,0.13544181048524523
2208007,0.5565256168875544,0.44886363636363635,528,0.10766198052391807
2104602,0.5565256168875544,0.5188679245283019,106,0.03765769235925254
3506003,0.5565116173918215,0.4002153625269203,2786,0.15629625486490123
3126802,0.5564027909677647,0.3026315789473684,76,0.25377121202039626
3130101,0.5564027909677647,0.26127819548872183,532,0.29512459547904285
3166709,0.5564027909677647,0.34523809523809523,84,0.21116469572966945
3135076,0.5564027909677647,0.5555555555555556,27,0.0008472354122091019
4218301,0.556124271006705,0.4829059829059829,234,0.07321828810072212
4205308,0.5561112780663673,0.3333333333333333,129,0.22277794473303397
4205159,0.5561112780663673,0.21052631578947367,38,0.3455849622768936
4215208,0.5561112780663673,0.21951219512195122,41,0.3365990829444161
4204194,0.5561112780663673,0.3404255319148936,47,0.21568574615147368
2503704,0.5560884817600542,0.4524793388429752,484,0.10360914291707901
2602605,0.5556948354871867,0.5095238095238095,420,0.04617102596337719
2612505,0.5556948354871867,0.44313725490196076,1020,0.11255758058522591
1506302,0.555691610234174,0.5026178010471204,191,0.05307380918705362
1506906,0.555691610234174,0.21311475409836064,61,0.34257685613581335
4100400,0.5556127556650243,0.5413260672116258,1101,0.014286688453398533
4128559,0.5556127556650243,0.23423423423423423,111,0.3213785214307901
5002407,0.5555085745020969,0.3435114503816794,393,0.2119971241204175
3158102,0.5551374796084746,0.47619047619047616,63,0.07894700341799843
1707553,0.5550698949354117,0.43243243243243246,37,0.12263746250297924
1713304,0.5550698949354117,0.36363636363636365,132,0.19143353129904805
4309308,0.5549336656250109,0.6737064413938754,947,-0.11877277576886447
4315503,0.5540569877963047,0.5555555555555556,117,-0.001498567759250835
1502954,0.5538369022626787,0.4863013698630137,292,0.06753553239966498
2404309,0.5534802422853027,0.5064935064935064,77,0.04698673579179624
1703206,0.5532146783342388,0.4107142857142857,56,0.14250039261995306
1702703,0.5532146783342388,0.5862068965517241,29,-0.032992218217485325
3549706,0.5531959831039782,0.3204819277108434,415,0.23271405539313483
1301902,0.5529546848008627,0.4965156794425087,1148,0.056439005358354055
3520426,0.5527707773505699,0.32335329341317365,167,0.22941748393739625
3542602,0.5527707773505699,0.3560311284046693,514,0.19673964894590062
3515707,0.5527707773505699,0.3477817440081591,1961,0.2049890333424108
3526605,0.5527707773505699,0.5421686746987951,83,0.010602102651774747
3521200,0.5527707773505699,0.34375,32,0.2090207773505699
3516705,0.5527707773505699,0.42244224422442245,303,0.13032853312614745
3550605,0.5527707773505699,0.48413793103448277,725,0.06863284631608713
3303302,0.5527707773505699,0.48750529436679374,2361,0.06526548298377616
3513900,0.5527707773505699,0.3855421686746988,83,0.16722860867587108
3553807,0.5527707773505699,0.4279475982532751,229,0.12482317909729479
3505807,0.5527707773505699,0.5294117647058824,221,0.023359012644687538
3305000,0.5527707773505699,0.40794223826714804,554,0.14482853908342186
3550407,0.5527707773505699,0.4110429447852761,326,0.1417278325652938
3507605,0.5527707773505699,0.46596491228070175,1425,0.08680586506986815
3549805,0.5527707773505699,0.42991504854368934,3296,0.12285572880688056
4201406,0.5523512598071294,0.38801261829652994,634,0.16433864151059946
4315313,0.55214948648821,0.6,15,-0.04785051351178993
4310652,0.5521481760899651,0.34375,32,0.20839817608996514
4106100,0.5516280036901549,0.30612244897959184,49,0.245505554710563
3109600,0.5513543320695101,0.2,25,0.3513543320695101
3157278,0.5513543320695101,0.32,25,0.23135433206951012
3133600,0.5513543320695101,0.3157894736842105,152,0.2355648583852996
3125705,0.5513543320695101,0.25,108,0.3013543320695101
3136405,0.5513543320695101,0.2926829268292683,41,0.25867140524024185
3130804,0.5513543320695101,0.125,24,0.4263543320695101
3114550,0.5513543320695101,0.3577981651376147,109,0.19355616693189542
3125606,0.5513543320695101,0.29347826086956524,92,0.2578760711999449
3129509,0.5513543320695101,0.22058823529411764,204,0.3307660967753925
3117876,0.5513543320695101,0.3108108108108108,74,0.24054352125869932
3141900,0.5513543320695101,0.22857142857142856,35,0.3227829034980816
3135704,0.5513543320695101,0.32727272727272727,55,0.22408160479678285
3132107,0.5509849249667055,0.30303030303030304,165,0.24795462193640244
3165404,0.5509137303110297,0.2463768115942029,69,0.30453691871682687
3150158,0.5509137303110297,0.2624113475177305,141,0.28850238279329926
3127008,0.5509137303110297,0.23703703703703705,135,0.3138766932739927
3519303,0.5509137303110297,0.30710659898477155,394,0.2438071313262582
3512803,0.5509137303110297,0.4045368620037807,529,0.14637686830724905
3155108,0.5509137303110297,0.23636363636363636,55,0.3145500939473934
3131505,0.5509137303110297,0.36486486486486486,74,0.1860488654461649
3526704,0.5509137303110297,0.3806646525679758,993,0.17024907774305392
1304104,0.5504289991997774,0.48627450980392156,255,0.06415448939585583
5007307,0.5499307313857004,0.4691358024691358,81,0.08079492891656459
5002209,0.5499307313857004,0.40954773869346733,398,0.14038299269223303
3127206,0.549621502813546,0.3148148148148148,54,0.23480668799873122
3157807,0.5495923953344646,0.2908695652173913,2300,0.25872283011707325
2504355,0.5495240233658838,0.23214285714285715,56,0.31738116622302665
3133303,0.5492586838843682,0.46111111111111114,180,0.08814757277325702
1502004,0.5489952662562189,0.642512077294686,207,-0.0935168110384671
4211900,0.5483233742978534,0.5144766146993318,1796,0.03384675959852157
3518701,0.5481686419155429,0.511081706913662,3023,0.03708693500188098
2705507,0.5481499060307541,0.15384615384615385,234,0.39430375218460023
2704005,0.5481499060307541,0.43014705882352944,272,0.11800284720722465
2706448,0.5481499060307541,0.6422413793103449,232,-0.09409147327959078
2700201,0.5481499060307541,0.5496688741721855,151,-0.001518968141431376
3127339,0.5480498261763547,0.3469387755102041,49,0.2011110506661506
4312609,0.5478247804466182,0.5263157894736842,38,0.021508990972934017
2102507,0.5478062433445509,0.6805555555555556,72,-0.13274931221100472
2933406,0.5478062433445509,0.55,100,-0.002193756655449186
2200954,0.5478062433445509,0.19047619047619047,21,0.3573300528683604
2105401,0.5478062433445509,0.3950777202072539,772,0.15272852313729696
2102705,0.5478062433445509,0.2932692307692308,208,0.2545370125753201
2904605,0.5478062433445509,0.5784671532846716,548,-0.030660909940120717
2107209,0.5478062433445509,0.53125,128,0.01655624334455086
2108603,0.5478062433445509,0.5231910946196661,539,0.024615148724884794
3170909,0.5474875419789408,0.3063583815028902,173,0.2411291604760506
3109303,0.5474223471400995,0.36721311475409835,305,0.18020923238600117
4317004,0.5470588019336203,0.6428571428571429,42,-0.09579834092352257
4314407,0.54698550136323,0.6100660904931368,1967,-0.06308058912990677
2502805,0.5466044203700771,0.4845360824742268,97,0.062068337895850256
2507408,0.5466044203700771,0.7592592592592593,54,-0.21265483888918224
4312500,0.5465029661146824,0.5923076923076923,130,-0.045804726193009904
2607604,0.5460906535706331,0.4926829268292683,205,0.05340772674136485
2609402,0.5460906535706331,0.5584415584415584,385,-0.012350904870925272
2616001,0.5460906535706331,0.4036697247706422,109,0.1424209287999909
2606200,0.5460906535706331,0.5413105413105413,702,0.0047801122600917845
2616100,0.5460906535706331,0.3114754098360656,61,0.23461524373456755
5100250,0.5459909446062748,0.2831050228310502,657,0.26288592177522463
5106265,0.5459909446062748,0.330188679245283,106,0.21580226536099184
5107743,0.5459909446062748,0.2619047619047619,42,0.2840861827015129
5209606,0.5459909446062748,0.21212121212121213,33,0.3338697324850627
5107701,0.5459909446062748,0.44525547445255476,137,0.10073547015372009
3129806,0.5457567135464254,0.3363691560412872,1647,0.2093875575051382
3170206,0.5453290627172974,0.34867316090023515,5954,0.19665590181706227
1101484,0.545107874589725,0.22641509433962265,53,0.31869278025010234
3145802,0.545107412018741,0.16666666666666666,12,0.3784407453520744
4116307,0.5450286795618572,0.2,60,0.3450286795618572
2202406,0.5448847276556864,0.45985401459854014,137,0.08503071305714627
2209955,0.5448847276556864,0.13043478260869565,23,0.41444994504699073
2111102,0.5448847276556864,0.44565217391304346,276,0.09923255374264295
2904308,0.5448847276556864,0.5238095238095238,147,0.02107520384616257
2403202,0.5448691393598221,0.4772727272727273,44,0.06759641208709477
1716505,0.5444834895325249,0.4329004329004329,231,0.111583056632092
5005806,0.5443656321213929,0.3825136612021858,183,0.1618519709192071
2503605,0.5439580655189896,0.25925925925925924,54,0.2846988062597304
3146305,0.5433425263693199,0.4263157894736842,190,0.1170267368956357
5103403,0.5432638228364584,0.5308032675289313,5876,0.0124605553075271
2608404,0.5431672971723723,0.3935483870967742,155,0.14961891007559813
2614006,0.5431672971723723,0.39800995024875624,201,0.1451573469236161
2412609,0.5427821020134055,0.6403508771929824,114,-0.09756877517957696
5007703,0.5422782254899458,0.4691358024691358,162,0.07314242302080998
5000906,0.5422782254899458,0.43448275862068964,145,0.10779546686925612
2908309,0.5422367413960347,0.5882352941176471,51,-0.04599855272161235
2200277,0.5422367413960347,0.4473684210526316,38,0.09486832034340315
2924900,0.5422367413960347,0.5714285714285714,56,-0.02919183003253667
2107407,0.5422367413960347,0.41134751773049644,141,0.1308892236655383
1506583,0.542183495046212,0.5691056910569106,246,-0.026922196010698562
1505601,0.542183495046212,0.15714285714285714,70,0.38504063790335485
3530102,0.542174788183825,0.46296296296296297,162,0.07921182522086206
3529203,0.542174788183825,0.36787564766839376,193,0.17429914051543127
3522406,0.542174788183825,0.4357142857142857,980,0.10646050246953931
3532207,0.542174788183825,0.38823529411764707,85,0.15393949406617796
3524303,0.542174788183825,0.41648106904231624,449,0.1256937191415088
3543006,0.542174788183825,0.3521739130434783,230,0.19000087514034675
3544400,0.542174788183825,0.17857142857142858,28,0.3636033596123964
3528908,0.542174788183825,0.5161290322580645,31,0.026045755925760528
3515152,0.542174788183825,0.5193370165745856,181,0.022837771609239388
3126901,0.542174788183825,0.34408602150537637,93,0.19808876667844866
3164431,0.542174788183825,0.07692307692307693,26,0.4652517112607481
3508504,0.542174788183825,0.550531914893617,752,-0.00835712670979194
3516804,0.542174788183825,0.4666666666666667,30,0.07550812151715836
3120151,0.5421747881838249,0.5079365079365079,63,0.03423828024731701
3141702,0.5421747881838249,0.36507936507936506,63,0.17709542310445986
3530508,0.5421181072277286,0.29191321499013806,507,0.2502048922375905
4103206,0.542104218563393,0.25842696629213485,89,0.2836772522712581
4206207,0.5420159249583317,0.34210526315789475,114,0.19991066180043698
2510501,0.5418703630951133,0.5869565217391305,46,-0.045086158644017216
1501402,0.5415698951721303,0.47759981429897863,8616,0.06397008087315165
1708304,0.5415584718051,0.6097560975609756,41,-0.06819762575587562
4206702,0.5415409441954087,0.37333333333333335,225,0.1682076108620753
4208708,0.5409316281785266,0.34513274336283184,113,0.19579888481569474
2703502,0.54049242141962,0.2289156626506024,83,0.3115767587690176
5107578,0.5402726632100698,0.49122807017543857,57,0.04904459303463127
2406155,0.5402395535764438,0.6666666666666666,15,-0.1264271130902228
2921005,0.5401478205790289,0.4308176100628931,636,0.10933021051613578
2933455,0.5401478205790289,0.4462809917355372,121,0.09386682884349168
2109551,0.5401478205790289,0.5,56,0.04014782057902888
2616209,0.5397881404559499,0.42857142857142855,168,0.11121671188452137
3102308,0.5396297945780467,0.18518518518518517,108,0.35444460939286154
2608750,0.5393991778756206,0.3226744186046512,344,0.21672475927096946
2609501,0.5393991778756206,0.4298642533936652,221,0.10953492448195545
2600203,0.5393991778756206,0.4011627906976744,172,0.13823638717794623
2605202,0.5393991778756206,0.6921182266009852,406,-0.15271904872536457
2604106,0.5393991778756206,0.4168557536466775,3085,0.12254342422894315
2513406,0.5393270476807958,0.4563758389261745,149,0.08295120875462125
2503803,0.5393270476807958,0.6666666666666666,45,-0.12733961898587087
3306008,0.5392474906729502,0.4827044025157233,636,0.05654308815722692
3553609,0.5392474906729502,0.1981981981981982,111,0.341049292474752
3128709,0.5392474906729502,0.32819383259911894,454,0.21105365807383125
3144607,0.5392474906729502,0.22282608695652173,184,0.31642140371642846
3149002,0.5392474906729502,0.2,35,0.3392474906729502
3509957,0.5392474906729502,0.5094339622641509,53,0.02981352840879925
3507803,0.5392474906729502,0.4602510460251046,239,0.07899644464784561
3553500,0.5392474906729502,0.42718446601941745,103,0.11206302465353274
3551702,0.5392474906729502,0.455988455988456,1386,0.0832590346844942
3538907,0.5392474906729502,0.5310344827586206,145,0.008213007914329551
3108701,0.5392474906729502,0.1891891891891892,37,0.350058301483761
5220504,0.5387120349858572,0.3333333333333333,90,0.20537870165252387
1301001,0.538376313109535,0.40588235294117647,340,0.13249396016835857
3124104,0.5383627321407096,0.3074398249452954,914,0.2309229071954142
2403707,0.5380336700509958,0.48936170212765956,47,0.04867196792333622
3142700,0.5379354710608165,0.3333333333333333,153,0.2046021377274832
4215687,0.5378649099732399,0.041666666666666664,24,0.4961982433065732
4207700,0.5378649099732399,0.358695652173913,92,0.17916925779932685
2929057,0.5376031026464012,0.6341463414634146,164,-0.09654323881701343
2104057,0.5376031026464012,0.394,500,0.1436031026464012
2105609,0.5376031026464012,0.25,120,0.2876031026464012
2109106,0.5376031026464012,0.5501165501165501,429,-0.01251344747014893
2403004,0.5375383762592634,0.4027777777777778,72,0.13476059848148558
1504109,0.5374423400776998,0.4,60,0.13744234007769973
1504802,0.5374423400776998,0.5314207650273224,732,0.00602157505037737
1505536,0.5374423400776998,0.4940434477925718,2854,0.043398892285127944
4105102,0.5373629431435716,0.26595744680851063,94,0.27140549633506095
3547809,0.5371155042507527,0.39036839769196624,4506,0.14674710655878648
3127107,0.5365945998153684,0.26095238095238094,525,0.27564221886298745
3107109,0.5365945998153684,0.2505592841163311,447,0.2860353156990373
3501301,0.5365945998153684,0.27530364372469635,247,0.26129095609067204
3530805,0.5365945998153684,0.4185692541856925,657,0.11802534562967587
3522000,0.5365945998153684,0.5526315789473685,38,-0.016036979132000084
3143401,0.5365945998153684,0.24867724867724866,189,0.2879173511381197
1300201,0.5365026537611063,0.15853658536585366,164,0.3779660683952526
3522208,0.5364292957171439,0.44621938232161873,1878,0.0902099133955252
4304622,0.5363667551181489,0.4,15,0.13636675511814889
3162104,0.5360440865631279,0.24621212121212122,528,0.28983196535100664
2607000,0.5359314228191517,0.19924812030075187,266,0.33668330251839984
3101102,0.5358319613034553,0.3706896551724138,232,0.16514230613104153
3501905,0.5354842398362123,0.37422037422037424,481,0.16126386561583805
2202752,0.5353954481676597,0.109375,64,0.4260204481676597
2110005,0.5353954481676597,0.4048991354466859,694,0.13049631272097384
4205803,0.5353184270173444,0.32608695652173914,230,0.2092314704956053
4204350,0.5353184270173444,0.35106382978723405,94,0.1842545972301104
4210803,0.5353184270173444,0.5180722891566265,83,0.017246137860717936
3106705,0.5352916407622141,0.32719111741081974,4233,0.2081005233513944
1100601,0.5348955421348561,0.20588235294117646,68,0.32901318919367967
1101468,0.5348955421348561,0.4166666666666667,36,0.11822887546818944
1506708,0.5348955421348561,0.4117647058823529,561,0.1231308362525032
1506807,0.5348955421348561,0.48737623762376237,4040,0.04751930451109376
4105201,0.5348160864262245,0.4945652173913043,184,0.040250869034920145
3167400,0.5345020352283657,0.12307692307692308,65,0.4114251121514426
3511201,0.5345020352283657,0.15151515151515152,66,0.3829868837132142
3541406,0.5345020352283657,0.3881733021077283,1708,0.14632873312063738
3526407,0.5345020352283657,0.4022140221402214,271,0.1322880130881443
3143450,0.5345020352283657,0.1076923076923077,65,0.426809727536058
3512209,0.5345020352283657,0.44510385756676557,337,0.08939817766160013
3170479,0.5345020352283657,0.2,35,0.3345020352283657
3515202,0.5345020352283657,0.4050632911392405,79,0.1294387440891252
3503109,0.5345020352283657,0.43209876543209874,81,0.10240326979626696
3548005,0.5345020352283657,0.38497652582159625,213,0.14952550940676945
4302501,0.5343843573970863,0.5227272727272727,44,0.011657084669813633
3546405,0.534376728208091,0.29381443298969073,388,0.24056229521840028
4302907,0.534027715289809,0.5352112676056338,71,-0.0011835523158247874
3139409,0.5339729352498628,0.2360248447204969,966,0.2979480905293659
4211306,0.5339636528040302,0.4713763702801462,821,0.06258728252388407
2509800,0.533763580800012,0.345679012345679,81,0.18808456845433297
3515103,0.5332550388696399,0.4246031746031746,756,0.10865186426646528
4305439,0.533109800788388,0.5454545454545454,33,-0.012344744666157426
3171204,0.5327358892806315,0.29383561643835615,1460,0.23890027284227539
1302603,0.5327129751957377,0.4803891891891892,23125,0.05232378600654847
1502608,0.532686197519479,0.6288659793814433,97,-0.0961797818619643
4101655,0.5326066941801162,0.24489795918367346,49,0.2877087349964427
2509701,0.5325921753991532,0.39,300,0.14259217539915314
3152105,0.5323272750046493,0.21247113163972287,433,0.3198561433649264
3555000,0.5323215993020546,0.44776119402985076,536,0.08456040527220382
2806701,0.5321119565528389,0.38881987577639754,805,0.1432920807764414
4207106,0.5320100495643332,0.5319148936170213,188,9.515594731190902e-05
5201801,0.5319759739927142,0.37058823529411766,170,0.16138773869859657
3300704,0.5319531469291925,0.4475587703435805,2212,0.084394376585612
3145208,0.5319531469291925,0.2734430923407301,1397,0.2585100545884624
3527702,0.5319531469291925,0.44680851063829785,47,0.08514463629089464
3517406,0.5319531469291925,0.46405228758169936,306,0.06790085934749313
3526100,0.5319531469291925,0.4484536082474227,194,0.08349953868176979
3527306,0.5319531469291925,0.4198717948717949,624,0.11208135205739761
3549102,0.5319531469291925,0.3827751196172249,627,0.1491780273119676
3110509,0.5319531469291925,0.40484429065743943,289,0.12710885627175306
3302056,0.5319531469291925,0.375,104,0.1569531469291925
3123007,0.5319531469291925,0.2376237623762376,101,0.2943293845529549
3158003,0.5319531469291925,0.22330097087378642,103,0.30865217605540607
3506359,0.5319531469291925,0.3011422637590862,963,0.23081088317010628
3533403,0.5319531469291925,0.4175152749490835,491,0.11443787198010896
3539806,0.5319531469291925,0.4786689419795222,1172,0.05328420494967029
3112406,0.5319531469291925,0.208955223880597,67,0.3229979230485955
3538006,0.5319531469291925,0.3597733711048159,1412,0.1721797758243766
3301306,0.5319531469291925,0.412,500,0.11995314692919251
3509106,0.5319531469291925,0.18518518518518517,27,0.3467679617440073
3501400,0.5319531469291925,0.4,30,0.13195314692919247
3124005,0.5319531469291925,0.1456953642384106,151,0.3862577826907819
4302709,0.5312967777132421,0.5,186,0.03129677771324213
2700805,0.5312104700349783,0.3488372093023256,43,0.18237326073265275
2919058,0.5308649502014381,0.5689655172413793,58,-0.03810056703994125
3549409,0.5308095017136185,0.3173076923076923,416,0.21350180940592622
4304853,0.5306392403895998,0.5,12,0.030639240389599753
4209409,0.530517614640945,0.4791666666666667,288,0.05135094797427836
3159605,0.5304556452050648,0.21236559139784947,372,0.31809005380721533
2602902,0.5303606229080111,0.4924089068825911,1976,0.037951716025420024
5006606,0.53034290031799,0.3173452314556609,1793,0.21299766886232913
3510500,0.5297421133101904,0.4175531914893617,1504,0.11218892182082868
3544608,0.5297421133101904,0.5348837209302325,43,-0.005141607620042121
3511102,0.5297421133101904,0.2941970310391363,741,0.23554508227105408
3522109,0.5297421133101904,0.5158791634391944,1291,0.01386294987099601
3517802,0.5297421133101904,0.3888888888888889,36,0.1408532244213015
3153608,0.5297420922795779,0.36363636363636365,121,0.16610572864321427
3552403,0.5295942758138372,0.41894892672094747,2702,0.11064534909288976
4304358,0.5295861379612635,0.6145833333333334,96,-0.08499719537206984
1303106,0.5295751117315234,0.6217105263157895,304,-0.0921354145842661
4216354,0.5285761762064385,0.359375,64,0.16920117620643849
2401503,0.5282471974499313,0.23809523809523808,21,0.29015195935469323
1506138,0.5281525638211013,0.4166666666666667,1080,0.11148589715443463
4111803,0.5280729725058667,0.5161290322580645,341,0.01194394024780221
3113305,0.5275630519059814,0.375968992248062,258,0.1515940596579194
3168606,0.5275157453142071,0.3310924369747899,1190,0.19642330833941718
2504306,0.5273317145169452,0.5339366515837104,221,-0.006604937066765237
3510609,0.5269181849099112,0.420165954236862,3977,0.10675223067304918
5106182,0.5267147408549112,0.32231404958677684,121,0.20440069126813437
1300904,0.5265404150042767,0.24242424242424243,165,0.2841161725800343
3132701,0.5264895455737889,0.42105263157894735,209,0.10543691399484156
3100203,0.5262807934590773,0.21081081081081082,185,0.3154699826482665
2604502,0.5262753606656725,0.4163265306122449,245,0.1099488300534276
2600708,0.5262753606656725,0.6033755274261603,237,-0.07710016676048781
2614501,0.5262753606656725,0.40559440559440557,286,0.12068095507126692
3118601,0.525849652987252,0.2938491632253858,4601,0.23200048976186616
3548906,0.5257029443881699,0.37481698389458273,2049,0.15088596049358716
3138351,0.5256367381868209,0.1746031746031746,63,0.3510335635836463
2106755,0.5256023652716297,0.4888888888888889,270,0.03671347638274086
2108306,0.5256023652716297,0.36387434554973824,382,0.1617280197218915
2204709,0.5256023652716297,0.32786885245901637,122,0.19773351281261337
3531209,0.5252053755386147,0.43333333333333335,60,0.09187204220528133
3109907,0.5252053755386147,0.2727272727272727,99,0.252478102811342
3528502,0.5252053755386147,0.36525612472160357,898,0.1599492508170111
5200175,0.5245014807107831,0.12941176470588237,85,0.3950897160049007
5106208,0.5245014807107831,0.1956521739130435,46,0.3288493067977396
3103405,0.5241415112991236,0.36462093862815886,277,0.1595205726709647
4311007,0.5241369904430884,0.526829268292683,205,-0.002692277849594582
2603504,0.5240619024425277,0.3136094674556213,169,0.2104524349869064
4304606,0.523866163314081,0.5614514241123684,2563,-0.03758526079828739
3541307,0.5238346600640575,0.27764127764127766,407,0.24619338242277988
2205565,0.5233886103018168,0.4074074074074074,81,0.11598120289440944
2210391,0.5233886103018168,0.36,25,0.16338861030181684
2910776,0.5233886103018168,0.5454545454545454,66,-0.02206593515272859
2201200,0.5233886103018168,0.400359066427289,557,0.1230295438745278
2205409,0.5233886103018168,0.18716577540106952,187,0.33622283490074734
2102903,0.5233886103018168,0.3784722222222222,288,0.14491638807959462
4206009,0.5233109711251481,0.3130434782608696,115,0.21026749286427854
1504752,0.5228868981009681,0.5617977528089888,178,-0.03891085470802069
3134004,0.5225072882701937,0.4166666666666667,108,0.10584062160352697
4312476,0.5215886857569227,0.3333333333333333,33,0.18825535242358943
4321709,0.5213354644959495,0.5774058577405857,239,-0.05607039324463625
3148301,0.5209217291380183,0.08860759493670886,79,0.4323141342013094
4211751,0.5208013725661678,0.32936507936507936,252,0.1914362932010884
2413102,0.5207507373788682,0.7543859649122807,57,-0.23363522753341248
1505064,0.5206720275144506,0.49929278642149927,707,0.021379241092951362
1101807,0.5206720275144506,0.5641025641025641,78,-0.043430536588113466
4117602,0.5205923197419845,0.4546899841017488,629,0.06590233564023568
4103479,0.5205923197419845,0.3673469387755102,49,0.15324538096647428
1720937,0.5200436336654739,0.4444444444444444,27,0.07559918922102948
3163508,0.5199367151521441,0.18181818181818182,55,0.3381185333339623
3305752,0.5199367151521441,0.44837758112094395,339,0.07155913403120018
3305604,0.5199367151521441,0.4230769230769231,260,0.09685979207522105
3104403,0.5199367151521441,0.10714285714285714,28,0.412793858009287
3531902,0.5199367151521441,0.5519713261648745,279,-0.03203461101273042
3101201,0.5199367151521441,0.14285714285714285,56,0.3770795722950013
3505609,0.5199367151521441,0.4859550561797753,356,0.03398165897236882
3524808,0.5199367151521441,0.2935064935064935,385,0.22643022164565063
3514908,0.5199367151521441,0.43478260869565216,207,0.08515410645649196
3152808,0.5199367151521441,0.5,334,0.019936715152144124
3163102,0.5199367151521441,0.17391304347826086,46,0.34602367167388326
3504305,0.5199367151521441,0.36363636363636365,44,0.15630035151578048
3117306,0.5199367151521441,0.4115755627009646,311,0.1083611524511795
4213401,0.5193217630664826,0.45121951219512196,164,0.06810225087136063
3135100,0.5192336302727066,0.3221024258760108,742,0.19713120439669585
5102678,0.5192279795942712,0.355,600,0.16422797959427127
2413508,0.5190394953672861,0.5178571428571429,56,0.001182352510143203
3145604,0.519029850862333,0.14367816091954022,348,0.3753516899427928
4307104,0.5182311072858076,0.4318181818181818,44,0.08641292546762575
2515401,0.5181224439377847,0.4567901234567901,81,0.06133232048099463
2505402,0.5181224439377847,0.5454545454545454,66,-0.027332101516760687
2516409,0.5181224439377847,0.2222222222222222,45,0.2959002217155625
2504033,0.5181224439377847,0.37735849056603776,106,0.14076395337174696
2507804,0.5181224439377847,0.23529411764705882,68,0.2828283262907259
3527801,0.5177207809704241,0.3888888888888889,36,0.12883189208153517
3530904,0.5177207809704241,0.25,56,0.26772078097042407
3524501,0.5177207809704241,0.32989690721649484,97,0.18782387375392923
3504602,0.5177207809704241,0.3843137254901961,255,0.13340705548022797
3304300,0.5177207809704241,0.42803030303030304,528,0.08969047794012103
3134400,0.5177207809704241,0.29971988795518206,357,0.218000893015242
3511607,0.5177207809704241,0.48863636363636365,264,0.02908441733406042
3154408,0.5177207809704241,0.18604651162790697,43,0.3316742693425171
3548708,0.5177207809704241,0.4573677956030897,6732,0.060352985367334355
3120508,0.5177207809704241,0.1796875,128,0.33803328097042407
3301108,0.5177207809704241,0.4691358024691358,162,0.04858497850128829
3500907,0.5177207809704241,0.37037037037037035,27,0.14735041060005372
3520905,0.5177207809704241,0.45,140,0.06772078097042405
5108006,0.5175044482074004,0.3125,224,0.20500444820740038
5206503,0.5175044482074004,0.2727272727272727,44,0.24477717548012767
2614808,0.517064357324796,0.2582781456953642,151,0.25878621162943183
2603603,0.517064357324796,0.3333333333333333,51,0.18373102399146274
2613008,0.517064357324796,0.3570127504553734,549,0.16005160686942266
3140001,0.516929426276022,0.3194675540765391,601,0.1974618721994829
4313706,0.5168760087858978,0.4697508896797153,281,0.0471251191061825
2501609,0.5167401929252872,0.5394736842105263,76,-0.02273349128523916
2504504,0.5167401929252872,0.5384615384615384,52,-0.02172134553625127
2513984,0.5167401929252872,0.02564102564102564,39,0.4910991672842615
2504900,0.5167401929252872,0.5217391304347826,115,-0.004998937509495427
2514404,0.5167401929252872,0.5531914893617021,47,-0.03645129643641498
2101806,0.5163903010696989,0.5416666666666666,72,-0.025276365596967776
4315602,0.5161243209111012,0.5582620144832127,1519,-0.0421376935721115
5106216,0.5161220800308407,0.313953488372093,172,0.20216859165874768
3154606,0.5160611953880971,0.3937445191464484,3421,0.12231667624164871
3538709,0.5155109124173404,0.39694444444444443,3600,0.11856646797289594
2923001,0.5150077323513093,0.6278586278586279,481,-0.11285089550731864
2112456,0.5150077323513093,0.4979253112033195,241,0.017082421147989746
2100907,0.5150077323513093,0.5690376569037657,239,-0.054029924552456476
2111631,0.5150077323513093,0.44680851063829785,47,0.0681992217130114
4309951,0.5147418620226631,0.41379310344827586,29,0.10094875857438729
3165552,0.5143134670356654,0.3114754098360656,122,0.2028380571995998
4212254,0.5140955462631234,0.4025157232704403,159,0.1115798229926831
5104906,0.5140256752113758,0.453781512605042,119,0.06024416260633375
4302006,0.5136405228599332,0.3953488372093023,86,0.11829168565063092
4100103,0.5135911094923099,0.39473684210526316,76,0.11885426738704674
4109658,0.5135911094923099,0.2714285714285714,70,0.2421625380637385
3545803,0.5133505531108148,0.3305889803673211,1579,0.1827615727434937
1720002,0.513041905718682,0.42857142857142855,42,0.08447047714725348
5107909,0.5129657042348226,0.45768025078369906,2552,0.05528545345112351
2411908,0.5128835524291343,0.3090909090909091,55,0.20379264333822522
4205209,0.5127126078133337,0.40816326530612246,49,0.10454934250721126
4213500,0.5127126078133337,0.37254901960784315,255,0.14016358820549057
4215653,0.5124720445513699,0.25862068965517243,116,0.2538513548961974
4212270,0.5123571595279458,0.3137254901960784,51,0.19863166933186738
1506559,0.512287893401494,0.5949367088607594,158,-0.08264881545926539
4111258,0.512208097585927,0.4672686230248307,443,0.044939474561096315
2501906,0.5119657998441605,0.6464646464646465,99,-0.13449884662048606
5221080,0.5113473550194257,0.3770491803278688,61,0.13429817469155692
5106372,0.5113473550194257,0.3475177304964539,282,0.16382962452297184
5221858,0.5113473550194257,0.35782442748091603,2096,0.1535229275385097
4208203,0.5113047129453632,0.4415704387990762,2165,0.06973427414628697
2609154,0.5109069558156175,0.47126436781609193,174,0.03964258799952558
2601102,0.5109069558156175,0.47705442902881534,937,0.03385252678680217
2602308,0.5109069558156175,0.20461095100864554,347,0.30629600480697194
2603108,0.5109069558156175,0.36312849162011174,179,0.14777846419550578
2605301,0.5109069558156175,0.44477611940298506,335,0.06613083641263245
2404853,0.51073909554534,0.6,65,-0.08926090445465995
4314456,0.5107342437358613,0.6666666666666666,24,-0.15593242293080534
4302378,0.5107342437358613,0.2857142857142857,14,0.2250199580215756
2929602,0.5102324458576316,0.34959349593495936,123,0.16063894992267225
2109601,0.5102324458576316,0.42783505154639173,388,0.08239739431123988
4314803,0.5101989201616606,0.5899053627760252,317,-0.07970644261436466
2505279,0.5098211641027437,0.4444444444444444,27,0.06537671965829928
2500502,0.5098211641027437,0.475177304964539,141,0.03464385913820467
3556453,0.5097061307925806,0.3559633027522936,545,0.15374282804028705
3138500,0.5097061307925806,0.2894736842105263,38,0.22023244658205432
3119203,0.5097061307925806,0.265625,64,0.24408113079258065
3305208,0.5097061307925806,0.4435763888888889,1152,0.06612974190369175
3130655,0.5097061307925806,0.10416666666666667,48,0.40553946412591396
3528403,0.5097061307925806,0.5064377682403434,466,0.0032683625522372806
3523206,0.5097061307925806,0.4670781893004115,486,0.04262794149216914
3168101,0.5097061307925806,0.203125,64,0.30658113079258065
3541059,0.5097061307925806,0.4268292682926829,82,0.08287686249989773
3118007,0.5097061307925806,0.2577132486388385,551,0.25199288215374216
3156452,0.5097061307925806,0.21739130434782608,23,0.2923148264447546
3304557,0.5095458534171836,0.3571214669093087,43411,0.15242438650787493
4317103,0.5092640089043039,0.5249266862170088,682,-0.015662677312704876
5104807,0.5092026069077289,0.4454022988505747,348,0.0638003080571542
2608107,0.508762131687479,0.24260355029585798,169,0.26615858139162096
2607901,0.508762131687479,0.447267292912041,4684,0.06149483877543799
2603306,0.508762131687479,0.5932203389830508,59,-0.08445820729557185
2616308,0.508762131687479,0.3183856502242152,223,0.19037648146326375
2506806,0.5087266583373437,0.53125,128,-0.02252334166265635
2500601,0.5087266583373437,0.6898148148148148,216,-0.18108815647747112
4321303,0.5086112471543981,0.7345132743362832,226,-0.22590202718188512
2305506,0.508469643437184,0.3657219973009447,741,0.14274764613623936
2707602,0.5084342734738893,0.3855421686746988,166,0.12289210479919044
3507159,0.5083226475699603,0.4444444444444444,54,0.06387820312551584
3538303,0.5083226475699603,0.5555555555555556,36,-0.04723290798559532
3517505,0.5083226475699603,0.2849462365591398,186,0.22337641101082045
3156205,0.5083226475699603,0.4166666666666667,24,0.09165598090329358
3102605,0.5083226475699603,0.246875,320,0.26144764756996025
3124906,0.5083226475699603,0.28169014084507044,71,0.22663250672488983
3113701,0.5083226475699603,0.43884892086330934,139,0.06947372670665092
3107901,0.5083226475699603,0.31724137931034485,145,0.1910812682596154
2107357,0.5080875117595817,0.36585365853658536,164,0.1422338532229963
2108454,0.5080875117595817,0.30097087378640774,206,0.20711663797317392
2909505,0.5080875117595817,0.6545454545454545,55,-0.14645794278587287
2109809,0.5080875117595817,0.275,200,0.23308751175958164
2203701,0.5080875117595817,0.27228915662650605,415,0.23579835513307562
2913408,0.5080875117595817,0.5742574257425742,101,-0.06616991398299255
4323804,0.5075114359361051,0.6146341463414634,205,-0.10712271040535826
4305371,0.5075114359361051,1.0,7,-0.49248856406389485
3548500,0.5075102357313701,0.4718804920913884,2276,0.035629743639981726
4112900,0.5074316100386994,0.44680851063829785,47,0.06062309940040156
4318507,0.5072951573063097,0.5679012345679012,243,-0.06060607726159151
4207502,0.5070667784771874,0.33031674208144796,884,0.17675003639573944
1718204,0.5068821290310798,0.5568022440392707,713,-0.049920115008190935
3127701,0.5068032898217036,0.30388031790556336,2139,0.20292297191614028
5006200,0.5067532317620239,0.30275229357798167,654,0.20400093818404225
1303957,0.5066868569514228,0.5573770491803278,122,-0.05069019222890503
3518404,0.5064551159103758,0.44026548672566373,904,0.0661896291847121
3302700,0.5064551159103758,0.4023638232271326,1946,0.10409129268324324
3144805,0.5064551159103758,0.2023391812865497,855,0.30411593462382613
3169208,0.5064551159103758,0.19402985074626866,67,0.3124252651641072
3140704,0.5064551159103758,0.2433734939759036,415,0.26308162193447227
3537909,0.5064551159103758,0.3670886075949367,316,0.13936650831543912
4216057,0.5057910646601955,0.5,50,0.005791064660195522
2411601,0.5055715197607952,0.6785714285714286,56,-0.17299990881063343
4300109,0.5054433771965421,0.42592592592592593,162,0.07951745127061616
1504422,0.5053661375280031,0.5006793478260869,1472,0.004686789701916161
1501006,0.5053661375280031,0.3584905660377358,106,0.14687557149026725
4313375,0.5053661375280031,0.35294117647058826,357,0.15242496105741482
1506005,0.5053661375280031,0.5553097345132744,452,-0.04994359698527129
4113759,0.5052863028621484,0.2962962962962963,54,0.2089900065658521
3103702,0.5045343952641788,0.06779661016949153,59,0.43673778509468725
3140555,0.504424097595342,0.32989690721649484,97,0.17452719037884717
5103304,0.5043825440634276,0.5217391304347826,230,-0.017356586371354954
5220702,0.5043825440634276,0.20588235294117646,34,0.2985001911222512
3550209,0.5043097103254626,0.26031746031746034,315,0.24399225000800223
3132206,0.5043097103254626,0.09154929577464789,142,0.4127604145508147
3153103,0.5043097103254626,0.12,25,0.3843097103254626
3156700,0.5043097103254626,0.2743682310469314,1108,0.22994147927853115
3151503,0.5043097103254626,0.2621359223300971,309,0.24217378799536549
3126000,0.5043097103254626,0.14102564102564102,78,0.36328406929982154
3129608,0.5043097103254626,0.23333333333333334,60,0.27097637699212923
3500709,0.5043097103254626,0.3484848484848485,330,0.15582486184061406
3300100,0.5043097103254626,0.3911086100168824,1777,0.11320110030858016
3533809,0.5043097103254626,0.3,20,0.20430971032546258
3106309,0.5043097103254626,0.34,250,0.16430971032546254
3502101,0.5043097103254626,0.3470225872689938,487,0.15728712305646875
3148707,0.5043097103254626,0.3953488372093023,215,0.10896087311616026
3127354,0.5043097103254626,0.2857142857142857,14,0.21859542461117687
3170750,0.5043097103254626,0.06666666666666667,105,0.4376430436587959
3201308,0.5043097103254626,0.35286164939161785,4438,0.15144806093384472
3170529,0.5043097103254626,0.3263157894736842,95,0.17799392085177834
3302908,0.5043097103254626,0.29596412556053814,223,0.20834558476492443
3545100,0.5043097103254626,0.37037037037037035,54,0.13393933995509222
5103379,0.5037549196264332,0.3732394366197183,142,0.13051548300671484
5103452,0.5037549196264332,0.17073170731707318,82,0.33302321230935994
5203559,0.5037549196264332,0.13821138211382114,123,0.36554353751261204
5107065,0.5037549196264332,0.255050505050505,396,0.24870441457592812
5104559,0.5037549196264332,0.3111111111111111,90,0.19264380851532203
5215603,0.5037549196264332,0.32231404958677684,363,0.1814408700396563
5221197,0.5037549196264332,0.2803738317757009,107,0.22338108785073224
5200134,0.5037549196264332,0.18702290076335878,262,0.31673201886307434
5103056,0.5037549196264332,0.3380281690140845,142,0.16572675061234865
5212105,0.5037549196264332,0.3291139240506329,79,0.17464099557580026
2600500,0.5035939699198869,0.42857142857142855,455,0.07502254134845837
2607950,0.5035939699198869,0.18309859154929578,71,0.32049537837059117
2515500,0.5035584875319205,0.47,100,0.03355848753192048
2502003,0.5035584875319205,0.6,55,-0.09644151246807953
4321600,0.5034950336274214,0.5836120401337793,598,-0.08011700650635789
4311759,0.5030655754610708,0.5208333333333334,48,-0.01776775787226259
2605509,0.5029663309331067,0.5853658536585366,82,-0.08239952272542983
2600807,0.5029663309331067,0.3153153153153153,111,0.1876510156177914
2605905,0.5029663309331067,0.22839506172839505,162,0.27457126920471164
2612307,0.5029663309331067,0.21341463414634146,164,0.2895516967867653
2200905,0.502919187032175,0.7,30,-0.19708081296782498
2208874,0.502919187032175,0.45161290322580644,31,0.051306283806368536
2917201,0.502919187032175,0.5602094240837696,191,-0.05729023705159464
3138203,0.5023783439512423,0.3034571062740077,781,0.19892123767723457
2918902,0.5022915380743571,0.5172413793103449,29,-0.014949841235987749
2209708,0.5022915380743571,0.35384615384615387,65,0.14844538422820325
2109007,0.5022915380743571,0.2589928057553957,278,0.24329873231896143
2205250,0.5022915380743571,0.23529411764705882,34,0.2669974204272983
2204550,0.5022915380743571,0.2413793103448276,29,0.2609122277295295
2112803,0.5022915380743571,0.46332046332046334,518,0.038971074753893775
2210375,0.5022915380743571,0.3888888888888889,18,0.11340264918546822
2922409,0.5022915380743571,0.5107913669064749,139,-0.00849982883211775
2210979,0.5022915380743571,0.5,20,0.0022915380743571134
2106326,0.5022915380743571,0.5841269841269842,315,-0.08183544605262705
3138682,0.5020794033987903,0.2153846153846154,65,0.2866947880141749
2411106,0.5015584924108254,0.65,20,-0.14844150758917463
2410256,0.5015584924108254,0.575,40,-0.07344150758917456
4313656,0.5012737248050331,0.5033112582781457,151,-0.0020375334731126404
1302702,0.5012557866886911,0.38061041292639136,557,0.12064537376229972
4119509,0.5008447880226897,0.49053747161241484,1321,0.01030731641027488
4218251,0.5005965573918054,0.5555555555555556,81,-0.05495899816375016
4300851,0.5001973465742855,0.45,20,0.050197346574285484
4115507,0.5001175028561199,0.2619047619047619,42,0.23821274095135797
4118857,0.5001175028561199,0.3,90,0.2001175028561199
5003900,0.5000333948079997,0.13636363636363635,44,0.36366975844436333
4210407,0.4999688915924947,0.3838383838383838,99,0.11613050775411088
4215109,0.49965151865382523,0.31666666666666665,120,0.18298485198715858
3532108,0.49960750223976363,0.0,32,0.49960750223976363
3504503,0.49960750223976363,0.4735547355473555,813,0.026052766692408136
3536109,0.49960750223976363,0.43157894736842106,95,0.06802855487134257
3133006,0.49960750223976363,0.16101694915254236,118,0.3385905530872213
3125101,0.49960750223976363,0.30758620689655175,725,0.19202129534321188
3532801,0.49960750223976363,0.26229508196721313,61,0.2373124202725505
3156403,0.49960750223976363,0.2972972972972973,37,0.20231020494246632
3505302,0.4996075022397636,0.19047619047619047,210,0.3091313117635731
3520301,0.49957680330161575,0.3793103448275862,290,0.12026645847402956
1505635,0.499569680608357,0.43137254901960786,153,0.06819713158874913
4311502,0.49956968060835694,0.55,40,-0.05043031939164311
1100072,0.49956968060835694,0.27906976744186046,129,0.22049991316649648
1506195,0.49956968060835694,0.453125,320,0.046444680608356936
1100056,0.49956968060835694,0.3319672131147541,244,0.16760246749360286
1501576,0.49956968060835694,0.47191011235955055,178,0.027659568248806388
4301636,0.4995696806083569,0.5521472392638037,163,-0.05257755865544683
4126256,0.4994898369528988,0.4341296928327645,1465,0.0653601441201343
5008008,0.49940428030420836,0.5126353790613718,277,-0.01323109875716344
3169000,0.49897983749234404,0.2894736842105263,152,0.2095061532818177
3117009,0.49897983749234404,0.3191489361702128,47,0.17983090132213125
3123700,0.49897983749234404,0.36470588235294116,85,0.13427395513940288
3519055,0.49897983749234404,0.38461538461538464,143,0.1143644528769594
3538600,0.49897983749234404,0.4259927797833935,277,0.07298705770895053
3158607,0.498979837492344,0.16666666666666666,36,0.33231317082567735
3123601,0.498979837492344,0.3413654618473896,249,0.1576143756449544
3164472,0.498979837492344,0.1780821917808219,73,0.3208976457115221
3519071,0.498979837492344,0.44633236634894324,2413,0.05264747114340074
3520509,0.498979837492344,0.3714642262895175,2404,0.1275156112028265
3160801,0.498979837492344,0.23333333333333334,60,0.26564650415901064
3544905,0.498979837492344,0.5052631578947369,95,-0.006283320402392878
3525102,0.498979837492344,0.5422885572139303,402,-0.04330871972158634
3518206,0.498979837492344,0.27800829875518673,241,0.22097153873715725
3306107,0.498979837492344,0.4428969359331476,718,0.056082901559196374
3301603,0.498979837492344,0.34782608695652173,138,0.15115375053582225
3110103,0.498979837492344,0.23333333333333334,30,0.26564650415901064
3302809,0.498979837492344,0.42857142857142855,147,0.07040840892091543
3117207,0.498979837492344,0.23333333333333334,30,0.26564650415901064
3111507,0.498979837492344,0.32903225806451614,155,0.16994757942782784
3535002,0.498979837492344,0.27692307692307694,130,0.22205676056926704
3300605,0.498979837492344,0.2931726907630522,249,0.2058071467292918
3534609,0.498979837492344,0.4080717488789238,223,0.0909080886134202
3200508,0.4989798374923439,0.37142857142857144,70,0.12755126606377248
3171709,0.4989798374923439,0.2619047619047619,84,0.237075075587582
3154200,0.4989798374923439,0.17857142857142858,84,0.3204084089209154
4314050,0.498314927784693,0.6222222222222222,630,-0.12390729443752924
3515509,0.49802418438117396,0.3862745098039216,510,0.11174967457725238
4204202,0.4979656734851427,0.4078315478389361,2707,0.0901341256462066
1302900,0.4973572487815322,0.4490566037735849,530,0.048300645007947285
5106455,0.49703477733092255,0.09836065573770492,61,0.39867412159321763
4113254,0.49686651950158056,0.5268817204301075,93,-0.03001520092852694
2603454,0.4962461886141025,0.41946308724832215,1192,0.07678310136578037
2512101,0.4962107064298432,0.340080971659919,247,0.1561297347699242
2413003,0.4957042181911761,0.5,48,-0.004295781808823895
4123402,0.4945892143812096,0.3464566929133858,127,0.1481325214678238
3128105,0.494537281118937,0.20279720279720279,143,0.2917400783217342
5204508,0.49447483426312966,0.37023914968999116,1129,0.1242356845731385
5219902,0.4944748342631296,0.2616822429906542,107,0.23279259127247542
5212204,0.4944748342631296,0.20218579234972678,183,0.2922890419134028
5106281,0.4944748342631296,0.061855670103092786,97,0.4326191641600368
5108055,0.49447483426312955,0.38181818181818183,165,0.11265665244494771
1500800,0.49438657179878653,0.4645114244044725,4114,0.029875147394314017
2803005,0.4937915631174836,0.4222689075630252,476,0.07152265555445841
2612554,0.49368632047579136,0.4666666666666667,90,0.02701965380912469
2512705,0.4936508419623382,0.5070422535211268,142,-0.013391411558788535
2509909,0.49365084196233816,0.5135135135135135,74,-0.019862671551175326
2514453,0.49365084196233816,0.7321428571428571,56,-0.23849201518051893
3157401,0.4935865120817285,0.2413793103448276,29,0.2522072017369009
4118303,0.4935857990642482,0.38461538461538464,39,0.10897041444886357
5100201,0.49347142442796854,0.20285714285714285,350,0.2906142815708257
2704906,0.4933584203240706,0.42424242424242425,33,0.06911599608164637
3119302,0.49302163330852733,0.2041522491349481,289,0.2888693841735792
2912301,0.4930116283660273,0.5,84,-0.006988371633972701
2201770,0.49301162836602724,0.5333333333333333,45,-0.04032170496730608
2112233,0.49301162836602724,0.09322033898305085,236,0.39979128938297637
2931004,0.49301162836602724,0.5257731958762887,97,-0.032761567510261436
2930006,0.49301162836602724,0.576271186440678,59,-0.08325955807465074
2105153,0.4930116283660272,0.2206896551724138,145,0.2723219731936134
3529401,0.492980922593185,0.26666666666666666,3825,0.22631425592651833
4302808,0.4928986442878892,0.5144927536231884,276,-0.02159410933529915
2414902,0.4922787304507115,0.38095238095238093,21,0.11132634949833059
2414803,0.4922787304507115,0.553030303030303,132,-0.06075157257959146
2407708,0.4922787304507115,0.5583333333333333,120,-0.06605460288262183
3515194,0.49226020671181386,0.4375,48,0.054760206711813864
3537800,0.49226020671181386,0.3665594855305466,622,0.12570072118126724
3553005,0.4922602067118138,0.27611940298507465,134,0.21614080372673916
1721000,0.4922206232812829,0.42543859649122806,2964,0.06678202679005485
2614105,0.4922042736816447,0.4304635761589404,302,0.061740697522704335
2932606,0.4920082979221617,0.5945945945945946,148,-0.10258629667243291
3147105,0.4917217005152626,0.234192037470726,854,0.2575296630445366
2407807,0.4912754462331706,0.4880382775119617,209,0.003237168721208883
1508084,0.4902905203827912,0.5117773019271948,467,-0.021486781544403644
4310538,0.4902905203827912,0.6226415094339622,53,-0.13235098905117104
3144201,0.4897009121658124,0.32,25,0.1697009121658124
3160603,0.48970091216581235,0.06666666666666667,15,0.4230342454991457
3509254,0.48970091216581235,0.42597402597402595,385,0.0637268861917864
3105400,0.48970091216581235,0.35522388059701493,335,0.13447703156879742
3140803,0.48970091216581235,0.21929824561403508,114,0.27040266655177725
3524907,0.48970091216581235,0.42857142857142855,63,0.061129483594383804
3543709,0.48970091216581235,0.23595505617977527,89,0.25374585598603705
3170602,0.48970091216581235,0.3076923076923077,13,0.18200860447350464
3304003,0.48970091216581235,0.3862815884476534,277,0.10341932371815893
3126406,0.4892873832835589,0.09090909090909091,22,0.398378292374468
1101302,0.4892873832835589,0.26153846153846155,130,0.22774892174509737
3507506,0.4892873832835589,0.4279513888888889,1152,0.061335994394670024
3530409,0.4892873832835589,0.4375,48,0.05178738328355892
3300407,0.4892873832835589,0.3576864535768645,1314,0.1316009297066944
3546603,0.4892873832835589,0.45857988165680474,338,0.030707501626754174
3523602,0.48928738328355886,0.3,160,0.18928738328355887
3301504,0.48928738328355886,0.35106382978723405,188,0.1382235534963248
4317301,0.4892377199977295,0.5393700787401575,254,-0.050132358742427996
4204608,0.48918290789336083,0.39564787339268054,2022,0.09353503450068029
4318705,0.48909450306196584,0.6166394779771615,1839,-0.12754497491519562
4323002,0.4885676412537991,0.6226337448559671,2430,-0.13406610360216803
4205456,0.4884726146369425,0.36790123456790125,405,0.12057138006904128
3170503,0.48827273050051784,0.1875,96,0.30077273050051784
3549904,0.48826007956956474,0.3538370545615851,6763,0.13442302500797965
3114105,0.4882435153617156,0.2413793103448276,145,0.24686420501688802
3130051,0.4879444656617071,0.24166666666666667,120,0.24627779899504046
3151800,0.48762274325971283,0.21486123545210384,1117,0.272761507807609
3117504,0.4872735291129138,0.1941747572815534,206,0.29309877183136035
3131703,0.4870280653657823,0.3023255813953488,989,0.18470248397043348
1303403,0.48671397249662834,0.37859778597785976,1355,0.10811618651876859
4215703,0.4847184719351297,0.37404580152671757,262,0.11067267040841211
4207304,0.4846815633181795,0.43917525773195876,485,0.04550630558622076
4322376,0.4843216063773012,0.42857142857142855,21,0.05575017780587266
3167202,0.484160813334106,0.28272564255827853,1673,0.20143517077582745
1200427,0.48393446484405517,0.5874125874125874,143,-0.10347812256853223
3166600,0.48393446484405517,0.1,10,0.38393446484405513
1200054,0.4839344648440551,0.49514563106796117,103,-0.011211166223906055
3112505,0.4839344648440551,0.21818181818181817,110,0.26575264666223697
1200179,0.4839344648440551,0.6423841059602649,151,-0.15844964111620974
3507209,0.4839344648440551,0.4166666666666667,12,0.06726779817738843
1200252,0.4839344648440551,0.46757679180887374,293,0.016357673035181375
1200435,0.4839344648440551,0.8448275862068966,58,-0.36089312136284146
1200344,0.4839344648440551,0.5661375661375662,189,-0.08220310129351105
3163409,0.4839344648440551,0.14,50,0.3439344648440551
1200336,0.4839344648440551,0.6139534883720931,215,-0.13001902352803796
4310751,0.4839344648440551,0.4,15,0.08393446484405509
1200807,0.4839344648440551,0.6016949152542372,236,-0.11776045041018213
4128625,0.4839344648440551,0.29545454545454547,44,0.18847991938950964
4309258,0.4839344648440551,0.3333333333333333,15,0.1506011315107218
5108105,0.4839344648440551,0.47619047619047616,21,0.007743988653578948
4309126,0.4839344648440551,0.625,8,-0.1410655351559449
2414456,0.4839344648440551,0.8918918918918919,37,-0.4079574270478368
5200506,0.4839344648440551,0.09090909090909091,22,0.3930253739349642
1200393,0.4839344648440551,0.5977011494252874,87,-0.11376668458123229
3547304,0.4839344648440551,0.3935103244837758,1695,0.09042414036027929
4306759,0.4839344648440551,0.2,15,0.2839344648440551
4307831,0.48393446484405506,0.5,14,-0.016065535155944943
3145406,0.48393446484405506,0.11764705882352941,17,0.3662874060205257
3143708,0.48393446484405506,0.38235294117647056,34,0.1015815236675845
1200351,0.48393446484405506,0.375,136,0.10893446484405506
1200013,0.48393446484405506,0.4111111111111111,180,0.07282335373294396
3142007,0.48282534966847707,0.4583333333333333,120,0.02449201633514375
3134103,0.48281938782090555,0.2222222222222222,63,0.26059716559868334
3143906,0.4825882811444418,0.2373247033441208,927,0.245263577800321
4314100,0.4823373833261369,0.6280487804878049,1804,-0.14571139716166798
5105903,0.48227292258156956,0.4279835390946502,243,0.05428938348691936
4303103,0.4818110564882915,0.5909090909090909,1166,-0.10909803442079946
4209003,0.4816695545580971,0.2594594594594595,185,0.22221009509863765
3138401,0.48157524739623425,0.3425,400,0.13907524739623423
3149309,0.481477648049398,0.24086378737541528,602,0.24061386067398274
3152501,0.4812203188616528,0.31072026800670016,1194,0.17050005085495262
4110904,0.4811536667232578,0.24074074074074073,54,0.2404129259825171
5216809,0.4810394364343361,0.14754098360655737,61,0.33349845282777874
5213772,0.48103943643433605,0.34285714285714286,35,0.1381822935771932
3101607,0.4809329666728997,0.26952526799387444,653,0.21140769867902526
2501534,0.4802165650025112,0.1016949152542373,59,0.3785216497482739
2510303,0.4802165650025112,0.23404255319148937,47,0.24617401181102183
3138807,0.4801848333815379,0.13194444444444445,144,0.3482403889370934
5105176,0.48012357058433797,0.2653061224489796,147,0.21481744813535836
5212956,0.48012357058433797,0.47540983606557374,61,0.004713734518764223
5201454,0.4801235705843379,0.22727272727272727,44,0.2528508433116107
2609600,0.47977397185828546,0.37541405962458596,2717,0.1043599122336995
2607505,0.4797739718582854,0.4146341463414634,205,0.06513982551682201
2615508,0.4797739718582854,0.2682926829268293,123,0.21148128893145612
2601201,0.47977397185828535,0.29701492537313434,670,0.182759046485151
2103505,0.479578271120813,0.5,392,-0.020421728879186973
2201705,0.479578271120813,0.5660377358490566,53,-0.08645946472824356
2204154,0.47957827112081297,0.047619047619047616,21,0.43195922350176535
2104008,0.4795782711208129,0.18518518518518517,189,0.29439308593562774
2110203,0.4795782711208129,0.43351063829787234,376,0.046067632822940574
4214805,0.4793791702498962,0.4894067796610169,472,-0.010027609411120741
4219309,0.47936621673659324,0.3561643835616438,584,0.12320183317494943
2610905,0.4788605115108833,0.35434782608695653,460,0.1245126854239268
2615607,0.4788605115108833,0.30749354005167956,387,0.17136697145920377
2615003,0.4788605115108833,0.40425531914893614,235,0.07460519236194718
1200500,0.4786685284990376,0.34439834024896265,482,0.13427018825007497
2915700,0.4786648405408415,0.6323529411764706,68,-0.15368810063562904
4207684,0.47725993976770226,0.22033898305084745,59,0.2569209567168548
4213005,0.47725993976770226,0.21153846153846154,52,0.26572147822924075
4305173,0.47708624943794703,0.573170731707317,82,-0.09608448226937
3534104,0.4768615689725139,0.6046511627906976,43,-0.12778959381818372
3513702,0.4768615689725139,0.19313304721030042,233,0.2837285217622135
3161403,0.4768615689725139,0.21739130434782608,46,0.2594702646246878
3168903,0.4768615689725139,0.1774193548387097,62,0.29944221413380423
3300159,0.4768615689725139,0.31868131868131866,91,0.15818025029119526
1100700,0.4768615689725139,0.27607361963190186,163,0.20078794934061206
3503505,0.4768615689725139,0.43333333333333335,30,0.04352823563918057
1502939,0.4768615689725139,0.3058823529411765,510,0.17097921603133742
3112901,0.4768615689725139,0.16666666666666666,78,0.31019490230584723
3532157,0.47686156897251386,0.625,40,-0.14813843102748614
3106606,0.47686156897251386,0.15,40,0.32686156897251384
1304302,0.47651031570426083,0.25,180,0.22651031570426083
3154903,0.4764453156009555,0.3706896551724138,116,0.10575566042854168
3501103,0.47644531560095543,0.28205128205128205,39,0.19439403354967338
3505500,0.47644531560095543,0.41181736794986573,1117,0.0646279476510897
3305802,0.47644531560095543,0.35269993164730007,1463,0.12374538395365536
3304508,0.47644531560095543,0.32,75,0.15644531560095543
3550100,0.47644531560095543,0.39371980676328505,414,0.08272550883767038
3149200,0.47644531560095543,0.2,35,0.2764453156009554
3521408,0.47644531560095543,0.37130801687763715,237,0.10513729872331828
3546702,0.47644531560095543,0.3586206896551724,290,0.11782462594578302
3102852,0.4764453156009554,0.14942528735632185,87,0.3270200282446335
1703107,0.4762335164712658,0.5,68,-0.023766483528734172
3128006,0.47607638845714334,0.2679738562091503,306,0.20810253224799302
4305157,0.4758931792515589,0.25,20,0.22589317925155888
3205002,0.4757522984797464,0.39274546591619763,6396,0.0830068325635488
5005707,0.47534338682564586,0.3982521847690387,801,0.07709120205660719
4104253,0.4729655900348528,0.42028985507246375,345,0.05267573496238903
4112959,0.4729655900348528,0.36231884057971014,69,0.11064674945514263
3146107,0.47285436917212825,0.25370675453047775,607,0.2191476146416505
3106200,0.4726485548430376,0.29465400949288034,16012,0.17799454535015724
1300706,0.4724900821010103,0.49137931034482757,348,-0.01888922824381728
5201405,0.4723529469555986,0.3071140447378071,5454,0.16523890221779147
5205307,0.4723529469555986,0.15306122448979592,98,0.3192917224658027
5101407,0.47235294695559854,0.3733681462140992,383,0.09898480074149935
5108303,0.47235294695559854,0.3,70,0.17235294695559855
5200050,0.47235294695559854,0.3542319749216301,319,0.11812097203396843
2305100,0.4723077251656905,0.0410958904109589,73,0.43121183475473157
4212106,0.47195409790113874,0.3558282208588957,163,0.11612587704224303
3169703,0.4718425099641268,0.1774193548387097,186,0.2944231551254171
4203709,0.4717925438964024,0.569620253164557,79,-0.0978277092681546
4320008,0.4717911679656285,0.5197984161267099,1389,-0.04800724816108137
3135506,0.4714383407707782,0.14754098360655737,122,0.3238973571642208
2515971,0.47118423024085593,0.5925925925925926,27,-0.12140836235173663
2501708,0.47118423024085593,0.21739130434782608,46,0.2537929258930298
2614204,0.4707424225213465,0.254957507082153,353,0.21578491543919354
2602100,0.47074242252134646,0.3939393939393939,462,0.07680302858195254
2610103,0.47074242252134646,0.4032258064516129,62,0.06751661606973358
2206407,0.4705470735859583,0.5819672131147541,122,-0.11142013952879576
2202778,0.4705470735859583,0.5714285714285714,56,-0.10088149784261308
2923035,0.4705470735859583,0.2682926829268293,82,0.20225439065912904
2912806,0.4705470735859583,0.6216216216216216,148,-0.15107454803566328
2105989,0.4705470735859583,0.3333333333333333,78,0.137213740252625
2307304,0.4705470735859583,0.4040660736975858,2361,0.06648099988837253
2103406,0.4705470735859583,0.23953488372093024,430,0.23101218986502808
2101970,0.4705470735859583,0.2,110,0.2705470735859583
2911253,0.4705470735859583,0.5263157894736842,38,-0.05576871588772586
2208106,0.4705470735859583,0.38235294117647056,68,0.08819413240948776
2925204,0.47054707358595826,0.4845360824742268,291,-0.01398900888826854
2208650,0.47054707358595826,0.3258426966292135,89,0.14470437695674476
5003801,0.4699261829709083,0.40476190476190477,252,0.06516427820900356
2402709,0.4698166241650648,0.5959595959595959,99,-0.1261429717945311
5101803,0.4693360683629418,0.3314840499306519,721,0.1378520184322899
4114104,0.46933461423975076,0.3757396449704142,338,0.09359496926933658
4124103,0.46933461423975076,0.44404332129963897,554,0.025291292940111787
4120200,0.4693346142397507,0.2807017543859649,57,0.1886328598537858
4100202,0.4693346142397507,0.38571428571428573,70,0.08362032852546497
4128302,0.4693346142397507,0.26666666666666666,15,0.20266794757308404
3132305,0.4691717815748171,0.392,125,0.07717178157481708
3104452,0.4691297260480981,0.13333333333333333,60,0.3357963927147648
4218905,0.46907821896427904,0.23893805309734514,113,0.2301401658669339
4209904,0.46907821896427904,0.39664804469273746,179,0.07243017427154158
4207759,0.46907821896427904,0.30303030303030304,33,0.166047915933976
4202057,0.469078218964279,0.5,140,-0.03092178103572102
3529005,0.4687713705655732,0.34213685474189676,1666,0.12663451582367646
3302403,0.46868055442720963,0.40610069827269385,2721,0.06257985615451578
3130002,0.46868055442720963,0.16666666666666666,12,0.30201388776054294
3160504,0.46868055442720963,0.08333333333333333,12,0.3853472210938763
3165305,0.46868055442720963,0.18309859154929578,71,0.2855819628779138
1101435,0.46868055442720963,0.29411764705882354,85,0.1745629073683861
3112059,0.46868055442720963,0.3333333333333333,36,0.1353472210938763
3112109,0.4686805544272096,0.3181818181818182,66,0.1504987362453914
3541505,0.4686805544272096,0.23622047244094488,254,0.2324600819862647
3134905,0.4686805544272096,0.20491803278688525,244,0.2637625216403243
1500131,0.4686805544272096,0.45161290322580644,93,0.017067651201403133
1506187,0.4686805544272096,0.300531914893617,376,0.16814863953359255
4314787,0.4686805544272096,0.42105263157894735,19,0.04762792284826223
3132404,0.4686805544272096,0.2076271186440678,708,0.2610534357831418
3545407,0.4686805544272096,0.5494505494505495,91,-0.08076999502333992
1501451,0.4686805544272096,0.4213197969543147,197,0.047360757472894865
3128907,0.4686805544272096,0.13978494623655913,93,0.32889560819065045
3525300,0.4686805544272096,0.44921875,1024,0.019461804427209572
4320503,0.4686805544272096,0.5357142857142857,28,-0.06703373128707613
3547403,0.4686805544272096,0.47058823529411764,17,-0.001907680866908068
3542206,0.4686805544272096,0.40173410404624277,346,0.0669464503809668
1508357,0.4686805544272096,0.3041825095057034,263,0.16449804492150616
3137502,0.4686805544272096,0.17587939698492464,199,0.29280115744228496
3144706,0.4686805544272096,0.2768361581920904,177,0.19184439623511917
3544509,0.4686805544272096,0.25,32,0.21868055442720957
3303104,0.4686805544272096,0.42727272727272725,110,0.041407827154482324
3102704,0.4686805544272096,0.22033898305084745,59,0.24834157137636212
3506409,0.4686805544272096,0.25,68,0.21868055442720957
3540200,0.4686805544272096,0.3537234042553192,376,0.1149571501718904
3306305,0.4686805544272096,0.365814047909054,2463,0.1028665065181556
3501806,0.4686805544272096,0.21621621621621623,37,0.25246433821099334
3555356,0.4686805544272095,0.2608695652173913,69,0.20781098920981822
3166808,0.4686805544272095,0.25925925925925924,162,0.20942129516795027
4321105,0.46842868555211314,0.4772727272727273,132,-0.008844041720614149
1501501,0.4683797639215638,0.34824902723735407,1028,0.1201307366842097
3545209,0.4683412347363709,0.3215656178050652,1303,0.1467756169313057
3516200,0.4680816108668275,0.2888755980861244,3344,0.17920601278070308
5107792,0.4680779896115642,0.25,60,0.21807798961156422
1716109,0.46805363648186366,0.36333878887070375,611,0.1047148476111599
1710508,0.4680536364818636,0.5909090909090909,44,-0.12285545442722734
3162500,0.46803066191009257,0.22598870056497175,708,0.24204196134512082
4205001,0.4676651841015885,0.27906976744186046,172,0.18859541665972807
5106299,0.46693949224644377,0.20253164556962025,158,0.2644078466768235
5104104,0.4669394922464437,0.45652173913043476,460,0.010417753116008954
2506103,0.4657723462082919,0.5666666666666667,60,-0.10089432045837476
2503100,0.4657723462082919,0.10256410256410256,39,0.36320824364418935
2600401,0.46533114768216277,0.4425287356321839,174,0.02280241204997885
2608305,0.4653311476821627,0.31196581196581197,234,0.15336533571635075
2602209,0.4653311476821627,0.3063973063973064,297,0.15893384128485633
2613206,0.4653311476821627,0.4576271186440678,177,0.007704029038094917
2111706,0.4651360708063008,0.2222222222222222,108,0.2429138485840786
2101731,0.4651360708063008,0.2777777777777778,108,0.18735829302852303
2209377,0.46513607080630076,0.4772727272727273,44,-0.012136656466426532
2201556,0.46513607080630076,0.10526315789473684,38,0.3598729129115639
2201176,0.46513607080630076,0.06818181818181818,44,0.3969542526244826
2202505,0.46513607080630076,0.5169491525423728,118,-0.051813081736072075
2202851,0.46513607080630076,0.38636363636363635,44,0.07877243444266441
2919959,0.46513607080630076,0.5263157894736842,38,-0.06117971866738342
4306106,0.4648610989758133,0.4373831775700935,535,0.027477921405719807
4204558,0.464682823607154,0.43452380952380953,168,0.030159014083344482
1200138,0.4644968114677577,0.7443181818181818,176,-0.2798213703504241
4215000,0.4643129482832443,0.32098765432098764,486,0.14332529396225668
3144300,0.4642907085441196,0.4,310,0.06429070854411956
4303509,0.46419022809363586,0.40535714285714286,560,0.058833085236493
5102637,0.46417936542160537,0.3286264441591784,779,0.13555292126242696
3140506,0.46416825309514387,0.21875,160,0.24541825309514387
4112504,0.4639253370544191,0.22340425531914893,94,0.24052108173527015
4102802,0.4639253370544191,0.44936708860759494,158,0.014558248446824129
4203501,0.46366931485316987,0.5081967213114754,122,-0.04452740645830555
4202453,0.46366931485316987,0.3217391304347826,230,0.14193018441838728
4204509,0.46366931485316987,0.19576719576719576,189,0.2679021190859741
4214706,0.46366931485316987,0.3142857142857143,105,0.1493836005674556
4211108,0.4635194014430691,0.4537037037037037,108,0.009815697739365359
5004700,0.46339307240235444,0.31216931216931215,378,0.1512237602330423
3525706,0.46331266728102777,0.40625,320,0.05706266728102777
3537008,0.4632722345883029,0.4823529411764706,170,-0.019080706588167684
4311130,0.4632722345883029,0.6190476190476191,21,-0.15577538445931616
3533908,0.46327223458830286,0.2513863216266174,541,0.21188591296168546
3147303,0.46327223458830286,0.1881720430107527,186,0.27510019157755017
1501253,0.46327223458830286,0.5283018867924528,53,-0.06502965220414997
3147808,0.46327223458830286,0.22727272727272727,22,0.2359995073155756
1101450,0.46327223458830286,0.3050847457627119,59,0.15818748882559097
3507456,0.46327223458830286,0.46153846153846156,52,0.0017337730498412918
3159001,0.46327223458830286,0.1864406779661017,59,0.27683155662220116
3304110,0.46327223458830286,0.3688888888888889,225,0.09438334569941398
1503606,0.46327223458830286,0.39901477832512317,1827,0.06425745626317969
3522158,0.46327223458830286,0.48148148148148145,27,-0.0182092468931786
3545605,0.46327223458830286,0.35833333333333334,120,0.10493890125496952
3132909,0.46327223458830286,0.20192307692307693,104,0.26134915766522593
3548807,0.46327223458830286,0.3375912408759124,1096,0.12568099371239044
3161809,0.46327223458830286,0.21052631578947367,95,0.2527459187988292
3516903,0.46327223458830286,0.3125,96,0.15077223458830286
3305703,0.46327223458830286,0.2462686567164179,134,0.21700357787188496
3116605,0.46327223458830286,0.17006802721088435,294,0.2932042073774185
3139904,0.46327223458830286,0.20437956204379562,137,0.2588926725445072
3540804,0.46327223458830286,0.37755102040816324,196,0.08572121418013962
3530003,0.46327223458830286,0.06896551724137931,29,0.3943067173469236
4308433,0.4632722345883028,0.45,20,0.01327223458830279
3511508,0.4632722345883028,0.30808080808080807,396,0.15519142650749473
3503307,0.4627767937101525,0.34707574304889743,1043,0.11570105066125508
1711506,0.4626462516775298,0.375,32,0.08764625167752982
5108907,0.4622917539492322,0.38235294117647056,102,0.07993881277276166
5203302,0.4622917539492322,0.3774104683195592,363,0.08488128562967301
5214903,0.4622917539492322,0.2857142857142857,21,0.17657746823494652
1200609,0.4621842280784156,0.49434571890145396,619,-0.032161490823038374
3131901,0.46162014977206955,0.1958762886597938,679,0.26574386111227577
1200104,0.46157668473933705,0.5116883116883116,385,-0.050111626948974586
4218806,0.46124634180266366,0.2713178294573643,129,0.18992851234529934
4318200,0.46057123332171995,0.5587044534412956,247,-0.09813322011957565
5104526,0.46041183850344597,0.40268456375838924,149,0.057727274745056734
5216403,0.4604118385034459,0.31756756756756754,148,0.14284427093587837
5201504,0.4604118385034459,0.3442622950819672,61,0.11614954342147871
3522604,0.46022079901675594,0.36923076923076925,520,0.09099002978598669
5213806,0.4600748001893862,0.3405639913232104,461,0.11951080886617577
5105580,0.4600748001893862,0.3430232558139535,172,0.11705154437543269
5101308,0.4600748001893862,0.4126984126984127,126,0.047376387490973504
4319505,0.4600563849935669,0.5598086124401914,209,-0.09975222744662454
2506004,0.4599899648368289,0.3557312252964427,253,0.10425873954038622
2502052,0.4599899648368289,0.05714285714285714,35,0.40284710769397175
3122470,0.45995295782639345,0.20689655172413793,29,0.25305640610225555
3202801,0.4599300380681699,0.24806201550387597,516,0.21186802256429393
4202800,0.4598466600958177,0.4076923076923077,390,0.05215435240351002
3107703,0.45979415339284707,0.09375,64,0.36604415339284707
4214003,0.45957195769271697,0.4080717488789238,223,0.05150020881379319
2609709,0.4595495319674336,0.0851063829787234,94,0.3744431489887102
2611804,0.45954953196743353,0.3393665158371041,221,0.12018301613032945
2102606,0.4593547965077065,0.5064935064935064,231,-0.04713870998579994
2202554,0.45935479650770644,0.42105263157894735,57,0.0383021649287591
2105005,0.45935479650770644,0.4101796407185629,334,0.049175155789143554
2200608,0.45935479650770644,0.041237113402061855,97,0.41811768310564457
2102358,0.45935479650770644,0.44871794871794873,156,0.010636847789757709
2209401,0.45935479650770644,0.4375,32,0.021854796507706442
4306601,0.45923316358799127,0.5192307692307693,312,-0.05999760564277801
4318101,0.4589042565889312,0.3893805309734513,113,0.06952372561547987
3132503,0.4588209687308082,0.16666666666666666,342,0.2921543020641415
3170404,0.45875397153601405,0.32460732984293195,764,0.1341466416930821
4306502,0.4586029562462577,0.5523809523809524,105,-0.09377799613469473
4125001,0.45814622121835513,0.2647058823529412,102,0.19344033886541395
4301859,0.4581299876195802,0.4166666666666667,12,0.041463320952913496
2510907,0.458111434987208,0.5972222222222222,72,-0.1391107872350142
4201109,0.457890664156939,0.4230769230769231,26,0.03481374108001595
4212809,0.45789066415693896,0.46524064171123,374,-0.0073499775542910095
2516755,0.4577746520017251,0.5142857142857142,35,-0.05651106228398911
3168705,0.45769081924999727,0.20763358778625954,655,0.2500572314637377
2601409,0.45767127637116917,0.47268408551068886,421,-0.01501280913951969
2604809,0.4576712763711691,0.29411764705882354,85,0.16355362931234557
4217600,0.45763803183757173,0.43089430894308944,123,0.02674372289448229
3508801,0.45753188617300206,0.398876404494382,178,0.05865548167862006
1508126,0.457494311320695,0.3793103448275862,377,0.07818396649310883
3169802,0.457494311320695,0.32857142857142857,70,0.12892288274926644
3526803,0.457494311320695,0.3640856672158155,607,0.09340864410487953
3153806,0.45749431132069496,0.05,20,0.40749431132069497
1505031,0.45749431132069496,0.4206008583690987,466,0.03689345295159624
3514106,0.45749431132069496,0.42570281124497994,249,0.03179150007571502
3152131,0.45749431132069496,0.23529411764705882,51,0.22220019367363614
3159357,0.45749431132069496,0.40476190476190477,42,0.05273240655879019
3102001,0.45749431132069496,0.14583333333333334,144,0.3116609779873616
1501758,0.45749431132069496,0.25274725274725274,91,0.20474705857344222
3202207,0.45749431132069496,0.3717277486910995,191,0.08576656262959548
3159100,0.45749431132069496,0.05555555555555555,18,0.4019387557651394
3170800,0.45749431132069496,0.2913907284768212,302,0.16610358284387378
3170651,0.45749431132069496,0.10204081632653061,49,0.35545349499416434
4318622,0.45749431132069496,0.6382978723404256,47,-0.1808035610197306
3100104,0.45749431132069496,0.038461538461538464,52,0.4190327728591565
3533502,0.45749431132069496,0.24649859943977592,357,0.21099571188091903
3549953,0.45749431132069496,0.41605839416058393,137,0.041435917160111024
3507001,0.45749431132069496,0.30139103554868624,647,0.15610327577200872
1100403,0.45749431132069496,0.39766081871345027,171,0.05983349260724469
3115474,0.45749431132069496,0.25,56,0.20749431132069496
3109709,0.45749431132069496,0.18840579710144928,138,0.2690885142192457
3520202,0.45749431132069496,0.49230769230769234,130,-0.03481338098699738
3140308,0.45749431132069496,0.2903225806451613,31,0.16717173067553365
3110806,0.45749431132069496,0.5384615384615384,26,-0.08096722714084348
3509304,0.4574943113206949,0.3958333333333333,96,0.06166097798736159
3533007,0.4574943113206949,0.40331491712707185,181,0.054179394193623054
3523503,0.4574943113206949,0.45714285714285713,210,0.00035145417783777333
3157252,0.4574943113206949,0.30526315789473685,95,0.15223115342595805
2200400,0.45747666310618224,0.37954939341421146,577,0.07792726969197078
3169406,0.4574342381482004,0.17962962962962964,540,0.27780460851857075
2601003,0.4573345438765146,0.375,88,0.08233454387651462
2615201,0.4573345438765146,0.28695652173913044,115,0.17037802213738418
4309407,0.45726516838367287,0.5041666666666667,240,-0.04690149828299378
4303004,0.45716660085550065,0.5968379446640316,506,-0.13967134380853097
1502202,0.4571480477916132,0.4049079754601227,652,0.05224007233149053
2904209,0.4571399531032936,0.5263157894736842,57,-0.0691758363703906
2205706,0.4571399531032936,0.4786885245901639,305,-0.021548571486870338
2111201,0.45713995310329353,0.42693707748309934,1923,0.03020287562019419
2105906,0.45713995310329353,0.23853211009174313,109,0.2186078430115504
2205854,0.45713995310329353,0.4411764705882353,102,0.015963482515058247
2913002,0.4571399531032935,0.6263736263736264,91,-0.1692336732703329
1200385,0.4571190587994555,0.6308411214953271,214,-0.1737220626958716
1100254,0.4569621075498253,0.31683168316831684,202,0.14013042438150847
4202206,0.45638650266158015,0.2975206611570248,121,0.15886584150455535
2611606,0.456334036991369,0.4600896860986547,10035,-0.003755649107285708
3503208,0.4563203858118474,0.3376483279395901,1854,0.11867205787225732
4118204,0.4562688590047952,0.37738853503184716,1256,0.07888032397294803
4113601,0.4562688590047952,0.4423076923076923,52,0.0139611666971029
4119301,0.4562688590047952,0.3887640449438202,445,0.06750481406097497
2504603,0.4562515031701734,0.2881773399014778,406,0.16807416326869556
5204953,0.45595869555243485,0.22,50,0.23595869555243484
4122206,0.4559322908874459,0.3826879271070615,439,0.0732443637803844
3202256,0.4558120805381582,0.1792452830188679,106,0.27656679751929025
3137601,0.45568852489156,0.26779026217228463,534,0.18789826271927534
4202859,0.4556769302326979,0.34146341463414637,41,0.11421351559855153
3507902,0.45561737425506904,0.4398148148148148,216,0.015802559440254216
3541901,0.45561737425506904,0.3263157894736842,95,0.12930158478138482
3117801,0.45561737425506904,0.2169811320754717,106,0.23863624217959734
3128808,0.45561737425506904,0.4074074074074074,81,0.048209966847661656
4311270,0.45561737425506904,0.64,25,-0.18438262574493097
4311981,0.45561737425506904,0.8,20,-0.344382625744931
4307054,0.45561737425506904,0.35294117647058826,17,0.10267619778448078
3548609,0.455617374255069,0.41333333333333333,75,0.042284040921735655
3112703,0.455617374255069,0.3624161073825503,149,0.09320126687251867
4308300,0.45556547260896224,0.3389830508474576,59,0.11658242176150463
4301602,0.45550967874121484,0.5695216907675195,899,-0.11401201202630462
4313490,0.45550076265126527,0.6285714285714286,35,-0.1730706659201633
3547502,0.4552808843133317,0.31645569620253167,158,0.13882518811080002
3526506,0.45528088431333164,0.4,35,0.05528088431333161
1502152,0.45528088431333164,0.3466476462196862,1402,0.10863323809364545
1100023,0.45528088431333164,0.34146341463414637,1066,0.11381746967918527
3528601,0.45528088431333164,0.3482142857142857,112,0.10706659859904594
3553708,0.45528088431333164,0.26354679802955666,406,0.19173408628377497
3514809,0.4552808843133316,0.24705882352941178,85,0.2082220607839198
3553856,0.4552808843133316,0.5301204819277109,83,-0.0748395976143793
3540002,0.4552808843133316,0.3941176470588235,170,0.06116323725450806
3518503,0.4552808843133316,0.31788079470198677,151,0.1374000896113448
3500501,0.4552394861757198,0.554945054945055,182,-0.09970556876933517
3544251,0.45512339622686326,0.1761006289308176,159,0.2790227672960457
3127404,0.45499912240802115,0.22916666666666666,48,0.2258324557413545
3168804,0.4549991224080211,0.31746031746031744,63,0.13753880494770365
3135001,0.4549991224080211,0.16,25,0.29499912240802106
3145505,0.4549991224080211,0.06451612903225806,31,0.39048299337576303
3135902,0.4549991224080211,0.18333333333333332,60,0.27166578907468775
3138906,0.4549991224080211,0.3387096774193548,62,0.11628944498866628
3171071,0.4549991224080211,0.23076923076923078,65,0.2242298916387903
3501608,0.4547266073260081,0.3502638522427441,1516,0.10446275508326403
1705557,0.45465655253975484,0.43636363636363634,55,0.0182929161761185
1707652,0.45465655253975484,0.4838709677419355,62,-0.029214415202180655
1700251,0.45465655253975484,0.25,28,0.20465655253975484
3150802,0.4546209221734944,0.23387096774193547,124,0.22074995443155895
3165578,0.4544758462559458,0.35344827586206895,116,0.10102757039387683
1301654,0.45337801879831796,0.44936708860759494,158,0.004010930190723017
3139003,0.4532408933617021,0.10793650793650794,315,0.34530438542519415
4301875,0.4532405990757928,0.734375,64,-0.2811344009242072
3126208,0.45306991071239566,0.1941747572815534,103,0.25889515343084224
3162955,0.4527160651366786,0.24695121951219512,328,0.2057648456244835
4313409,0.45268406341844636,0.6264058679706601,2045,-0.17372180455221375
4311205,0.4522857057986616,0.5833333333333334,132,-0.13104762753467175
5106273,0.4522519990894669,0.30612244897959184,49,0.14612955010987505
5205521,0.45225199908946684,0.4107142857142857,56,0.04153771337518114
4311775,0.4521891692135043,0.62,50,-0.16781083078649567
3526902,0.45195443787977974,0.36783505154639173,2425,0.084119386333388
4320859,0.45159486668394827,0.7796610169491526,59,-0.3280661502652043
3510203,0.4514770997162734,0.25396825396825395,504,0.19750884574801947
4300406,0.45146148398973135,0.549800796812749,502,-0.09833931282301761
2207108,0.45139552570861513,0.14285714285714285,21,0.3085383828514723
3120706,0.45119574198305595,0.1917808219178082,73,0.25941492006524774
4217402,0.45116691935582026,0.25475285171102663,263,0.19641406764479363
5008404,0.4509767507412285,0.45652173913043476,92,-0.005544988389206251
4301305,0.4509235517495349,0.5517241379310345,116,-0.10080058618149956
4318309,0.45080160856326,0.600375234521576,533,-0.14957362595831603
3148103,0.4505431730231891,0.2787878787878788,990,0.17175529423531027
4310603,0.450416475410044,0.5107033639143731,327,-0.06028688850432912
4205902,0.45004278045293206,0.32211538461538464,624,0.12792739583754742
3537305,0.45000557400584384,0.3663551401869159,535,0.08365043381892795
4314308,0.44965558305635844,0.4418604651162791,43,0.007795117940079366
3301876,0.44954047277245235,0.30491803278688523,305,0.14462243998556712
3303906,0.44954047277245235,0.3466312056737589,2256,0.10290926709869347
1505502,0.44954047277245235,0.42946058091286304,1446,0.020079891859589305
3300225,0.44954047277245235,0.3695652173913043,138,0.07997525538114802
4314134,0.4495404727724523,0.5,20,-0.05045952722754771
3204203,0.4495404727724523,0.290625,320,0.15891547277245227
2611200,0.44951954443678294,0.3614457831325301,83,0.08807376130425282
2602704,0.44951954443678294,0.14516129032258066,124,0.30435825411420225
2606804,0.44951954443678294,0.3299145299145299,1170,0.11960501452225303
2610608,0.44951954443678294,0.34674329501915707,522,0.10277624941762586
2616506,0.44951954443678294,0.1875,160,0.26201954443678294
2604403,0.44951954443678294,0.3671875,128,0.08233204443678294
1303700,0.44949208424650006,0.581981981981982,555,-0.13248989773548198
2109270,0.44932552560621414,0.593607305936073,219,-0.1442817803298589
2300309,0.4493255256062141,0.3561643835616438,365,0.09316114204457027
2110856,0.4493255256062141,0.572463768115942,138,-0.12313824250972794
2926806,0.4493255256062141,0.5617977528089888,89,-0.11247222720277472
3147204,0.4492593334450578,0.30978260869565216,184,0.13947672474940565
3146552,0.4492593334450578,0.23214285714285715,56,0.21711647630220066
3118502,0.44925933344505775,0.6111111111111112,18,-0.1618517776660534
1100049,0.4491407842241747,0.33648790746582546,951,0.11265287675834923
4101051,0.4490895198886726,0.30303030303030304,33,0.14605921685836953
4112702,0.4490895198886726,0.38636363636363635,132,0.06272588352503622
3523305,0.448585151453439,0.3582089552238806,201,0.09037619622955845
2509057,0.4485733978641904,0.7829457364341085,129,-0.33437233856991805
3505906,0.44821411358874635,0.4105263157894737,475,0.03768779779927267
3112307,0.4479271468075764,0.175,480,0.2729271468075764
4319208,0.44791807264938605,0.6097560975609756,41,-0.16183802491158955
4203154,0.44786687900042493,0.41333333333333333,75,0.0345335456670916
1100114,0.44747752673562247,0.346218487394958,595,0.10125903934066449
3301801,0.4474720408667534,0.4523809523809524,84,-0.004908911514198977
1101500,0.4474720408667534,0.3387096774193548,186,0.10876236344739859
4310413,0.44747204086675335,0.6470588235294118,17,-0.19958678266265845
1100064,0.44747204086675335,0.28,175,0.16747204086675332
3505708,0.44747204086675335,0.31711292200232827,4295,0.13035911886442508
1100338,0.44747204086675335,0.5420792079207921,404,-0.09460716705403877
3556602,0.44747204086675335,0.48936170212765956,94,-0.04188966126090621
3515400,0.44747204086675335,0.17088607594936708,158,0.2765859649173863
1507904,0.44747204086675335,0.4759493670886076,395,-0.028477326221854227
3542800,0.44747204086675335,0.4583333333333333,24,-0.010861292466579964
3203502,0.44747204086675335,0.19545454545454546,220,0.25201749541220786
3524709,0.44747204086675335,0.2967032967032967,546,0.15076874416345665
3539509,0.44747204086675335,0.3274336283185841,339,0.12003841254816927
4119152,0.44735766059105503,0.4266159695817491,1315,0.02074169100930595
4102703,0.447357660591055,0.2727272727272727,33,0.17463038786378227
4108106,0.447357660591055,0.20833333333333334,24,0.23902432725772163
3157658,0.4472858807421198,0.109375,64,0.3379108807421198
3109105,0.4471911442204929,0.17204301075268819,93,0.2751481334678047
3145877,0.4471911442204929,0.2459016393442623,122,0.2012895048762306
3160306,0.44719114422049283,0.3465346534653465,101,0.10065649075514632
3151107,0.44719114422049283,0.3368421052631579,95,0.11034903895733494
3105202,0.44719114422049283,0.225,40,0.22219114422049283
3131158,0.44719114422049283,0.20526315789473684,190,0.241927986325756
3142601,0.44719114422049283,0.21348314606741572,89,0.2337079981530771
3103751,0.44719114422049283,0.26495726495726496,117,0.18223387926322787
3121308,0.4471911442204928,0.2894736842105263,38,0.15771746000996645
3157708,0.4471911442204928,0.41904761904761906,210,0.028143525172873718
4115101,0.447154785614204,0.46226415094339623,106,-0.015109365329192215
3142502,0.4471492283469762,0.06666666666666667,30,0.38048256168030953
5208004,0.4471428845391306,0.358603066439523,1174,0.08853981809960759
5102850,0.4471428845391306,0.345679012345679,81,0.1014638721934516
4315305,0.44711497032843706,0.5286885245901639,244,-0.08157355426172685
3552700,0.4466307867293239,0.38011695906432746,171,0.06651382766499642
1300144,0.4464108357161781,0.3795918367346939,245,0.06681899898148425
5105259,0.4458188224086182,0.2623762376237624,1212,0.1834425847848558
4307708,0.4453748739938858,0.5345911949685535,636,-0.08921632097466764
4103602,0.4450884549788415,0.41899441340782123,179,0.026094041571020243
4116604,0.4450884549788415,0.21212121212121213,33,0.23296724285762935
3139805,0.4449395866148798,0.3141025641025641,156,0.13083702251231571
2503407,0.44485412061812174,0.475,40,-0.030145879381878238
4211504,0.4446875737982752,0.4537037037037037,108,-0.009016129905428494
2106631,0.4442226595534881,0.4264705882352941,68,0.017752071318194007
2102036,0.4442226595534881,0.36790123456790125,405,0.07632142498558686
2931053,0.4442226595534881,0.38202247191011235,178,0.06220018764337576
2917409,0.44422265955348805,0.43137254901960786,102,0.012850110533880188
4202404,0.44418120737775235,0.3522238163558106,2788,0.09195739102194173
4117305,0.44394386404455255,0.42448979591836733,245,0.01945406812618522
3102803,0.4436075015612414,0.3258426966292135,89,0.1177648049320279
5201702,0.4434027236126672,0.27802690582959644,223,0.16537581778307076
5107180,0.4434027236126672,0.28703703703703703,108,0.15636568657563016
4322400,0.44337855136040133,0.5331262939958592,966,-0.08974774263545787
3134301,0.4433680517341005,0.17307692307692307,52,0.2702911286571774
4201901,0.4429894821317226,0.234375,64,0.20861448213172262
4212304,0.44276725902384095,0.6016949152542372,118,-0.15892765623039629
4213203,0.44276725902384095,0.29775280898876405,356,0.1450144500350769
4201257,0.44276725902384095,0.2903225806451613,93,0.15244467837867964
4211058,0.44276725902384095,0.4661016949152542,118,-0.023334435891413263
1300060,0.44274592428500514,0.3522727272727273,176,0.09047319701227785
3152907,0.4423959906097591,0.2235294117647059,85,0.2188665788450532
4305975,0.4423733146225436,0.475,40,-0.03262668537745639
3556800,0.4423733146225436,0.39622641509433965,159,0.046146899528203944
3500204,0.44237331462254353,0.13636363636363635,44,0.3060096782589072
3305505,0.44237331462254353,0.37436762225969644,1186,0.06800569236284709
3305307,0.44237331462254353,0.5084745762711864,59,-0.06610126164864288
3543253,0.44237331462254353,0.3902439024390244,82,0.05212941218351913
3514403,0.44237331462254353,0.3730886850152905,327,0.06928462960725301
4315073,0.44237331462254353,0.11764705882352941,17,0.32472625579901415
3203809,0.44237331462254353,0.24285714285714285,140,0.19951617176540068
3302452,0.44237331462254353,0.21904761904761905,105,0.2233256955749245
3544301,0.44237331462254353,0.32558139534883723,129,0.1167919192737063
4312377,0.44237331462254353,0.6363636363636364,33,-0.19399032174109282
3524600,0.44237331462254353,0.4496124031007752,129,-0.007239088478231681
3503703,0.44237331462254353,0.13114754098360656,61,0.311225773638937
3535606,0.4423733146225435,0.41530054644808745,183,0.02707276817445603
3550902,0.4423299755183545,0.3253012048192771,83,0.11702877069907741
4321006,0.4423248551835901,0.21782178217821782,101,0.22450307300537228
4127106,0.44225919444973616,0.3756786102062975,921,0.06658058424343866
4127882,0.44225919444973616,0.24193548387096775,124,0.2003237105787684
4108809,0.4422591944497361,0.3034300791556728,379,0.13882911529406328
3125804,0.44209305770291796,0.47619047619047616,21,-0.034097418487558206
3105509,0.4420930577029179,0.10810810810810811,37,0.3339849495948098
3150703,0.4420930577029179,0.23232323232323232,99,0.20976982537968558
3137403,0.4420930577029179,0.12121212121212122,132,0.3208809364907967
3170305,0.4420930577029179,0.5,30,-0.0579069422970821
3133402,0.4420930577029179,0.22608695652173913,115,0.21600610118117877
3114402,0.4420930577029179,0.3128834355828221,163,0.1292096221200958
3157336,0.4420930577029179,0.5569620253164557,79,-0.11486896761353776
3140100,0.4420930577029179,0.4528301886792453,53,-0.010737130976327391
3115003,0.4420930577029179,0.14285714285714285,28,0.29923591484577505
3136801,0.4420930577029179,0.4444444444444444,27,-0.0023513867415265177
3121100,0.4420930577029179,0.06976744186046512,43,0.3723256158424528
3169109,0.4420930577029179,0.11009174311926606,109,0.33200131458365184
3166907,0.44209305770291785,0.18181818181818182,77,0.260274875884736
4321204,0.4418902889984495,0.5489795918367347,490,-0.10708930283828522
1708205,0.4417523286880129,0.5454545454545454,176,-0.10370221676653252
1718899,0.44175232868801284,0.5666666666666667,30,-0.12491433797865381
3143302,0.44164629560985114,0.2474964234620887,3495,0.19414987214776244
4304002,0.44088933265114855,0.5357142857142857,56,-0.09482495306313715
3146008,0.44077368757531127,0.14347826086956522,230,0.29729542670574605
4302451,0.44024096434008175,0.3,20,0.14024096434008176
4321501,0.4398726865987157,0.5148063781321185,439,-0.07493369153340279
4318606,0.43979221461521434,0.6166666666666667,60,-0.17687445205145236
3148756,0.4397391312308005,0.20634920634920634,63,0.23338992488159416
4309209,0.4394966281850644,0.5942397289284201,2361,-0.15474310074335573
4311304,0.439457008577919,0.48134328358208955,268,-0.04188627500417058
2506707,0.4392253778327961,0.58,100,-0.14077462216720388
3105608,0.43922478618257976,0.16162790697674417,860,0.2775968792058356
4216602,0.43885315923479057,0.42166755177907594,1883,0.017185607455714624
3134202,0.4387282210589315,0.36129753914988816,894,0.07743068190904334
4212700,0.43862614541971656,0.32894736842105265,76,0.10967877699866391
2707503,0.4384727374706574,0.1910828025477707,157,0.2473899349228867
4207205,0.43830842455662217,0.5495495495495496,111,-0.11124112499292743
5209903,0.43828153675246323,0.3442622950819672,122,0.09401924167049602
5211909,0.43828153675246323,0.29878048780487804,1148,0.1395010489475852
5212501,0.43828153675246323,0.33587521663778164,2885,0.10240632011468159
5210109,0.43828153675246323,0.2593984962406015,266,0.1788830405118617
4307005,0.4381325988126102,0.5317545748116254,929,-0.09362197599901517
3100906,0.43807942149759876,0.37566137566137564,189,0.062418045836223124
4314159,0.43800664118903476,0.5333333333333333,60,-0.09532669214429856
3171303,0.4374594069065739,0.21722846441947566,534,0.22023094248709826
2500809,0.4373202742387428,0.5288461538461539,104,-0.09152587960741104
2611705,0.4368839865504108,0.3181818181818182,154,0.1187021683685926
2106508,0.43669109504572357,0.532258064516129,186,-0.09556696947040544
4311155,0.4364962266182987,0.45,40,-0.013503773381701334
3144003,0.4362405735776193,0.2,245,0.2362405735776193
3136207,0.43568599914610856,0.17024539877300612,652,0.26544060037310246
3203205,0.43559375413135415,0.3216715257531584,2058,0.11392222837819577
3106002,0.43559044778828504,0.26785714285714285,112,0.1677333049311422
4213351,0.43524104612070164,0.2978723404255319,47,0.13736870569516973
5106224,0.4352100332511844,0.25254813137032844,883,0.18266190188085596
5209200,0.4352100332511844,0.29577464788732394,213,0.13943538536386046
3160702,0.43492055239598015,0.27450980392156865,306,0.1604107484744115
3508108,0.4348485724209504,0.32298136645962733,161,0.11186720596132305
4110607,0.4347348800518076,0.3178294573643411,129,0.11690542268746651
4128104,0.4347348800518076,0.36732851985559567,1108,0.06740636019621193
4305355,0.43471157647253883,0.48757763975155277,322,-0.05286606327901394
3116803,0.43456936751877784,0.09090909090909091,77,0.3436602766096869
3163706,0.43456936751877784,0.14713896457765668,367,0.28743040294112115
3166402,0.43456936751877784,0.25,20,0.18456936751877784
3138658,0.4345693675187778,0.2222222222222222,90,0.21234714529655557
3158201,0.43428597685485687,0.16101694915254236,118,0.27326902770231454
1711100,0.43422992394907334,0.76,25,-0.32577007605092667
4213708,0.43420823532995706,0.37142857142857144,245,0.06277966390138562
3156908,0.4337133061853206,0.20123839009287925,323,0.23247491609244136
4215455,0.4337000738951548,0.5095541401273885,157,-0.07585406623223373
2206803,0.4336221332988381,0.5443037974683544,158,-0.11068166416951636
3168408,0.4334444606966712,0.23958333333333334,96,0.19386112736333785
4309571,0.4328671655633731,0.6470588235294118,17,-0.21419165796603867
3172004,0.43280006939635746,0.24585635359116023,362,0.18694371580519722
4314472,0.4325421549223361,0.5609756097560976,41,-0.1284334548337615
3526209,0.4319343777524015,0.3638968481375358,349,0.0680375296148657
2703304,0.4319130380490465,0.19911504424778761,226,0.2327979938012589
2411502,0.43185155882515974,0.6413793103448275,145,-0.2095277515196678
4310009,0.43162006413371895,0.36787564766839376,193,0.0637444164653252
3149606,0.431503894700258,0.19298245614035087,57,0.23852143855990715
1200708,0.4306407319677993,0.47804878048780486,205,-0.047408048520005575
2505907,0.43019703686927524,0.6190476190476191,21,-0.18885058217834383
2502300,0.43019703686927524,0.5526315789473685,38,-0.12243454207809323
4305603,0.4296838362687573,0.14814814814814814,27,0.28153568812060914
1600535,0.42954132321162486,0.314540059347181,337,0.11500126386444387
1200203,0.42820633230858923,0.4841341795104261,1103,-0.055927847201836856
4204251,0.4276538053275322,0.3644859813084112,107,0.06316782401912102
4208104,0.4274747615653243,0.38461538461538464,247,0.04285937694993969
5000807,0.4273981898070126,0.2,105,0.2273981898070126
4305116,0.426549495908612,0.28,25,0.146549495908612
4200101,0.42650599762457975,0.412,250,0.01450599762457977
4211702,0.4263477782495479,0.35864978902953587,237,0.06769798922001202
4318002,0.4262184123135242,0.5284552845528455,492,-0.10223687223932132
1200328,0.4259123907816522,0.6907216494845361,97,-0.26480925870288385
4304705,0.4256974416482165,0.5338208409506399,547,-0.10812339930242337
2510402,0.42549741685488945,0.09375,64,0.33174741685488945
4219853,0.4250734470697663,0.4266666666666667,75,-0.001593219596900397
2508000,0.42507195369738277,0.524390243902439,82,-0.09931829020505628
2513927,0.4250719536973827,0.4,35,0.025071953697382687
2509503,0.4250719536973827,0.17391304347826086,69,0.25115891021912184
2510105,0.42507195369738265,0.3302752293577982,109,0.09479672433958447
4200408,0.424733637162911,0.29333333333333333,75,0.13140030382957768
4207403,0.424733637162911,0.20238095238095238,84,0.22235268478195863
5200803,0.42457469183941815,0.34782608695652173,92,0.07674860488289642
5214838,0.42457469183941815,0.27972027972027974,143,0.1448544121191384
5205109,0.42457469183941815,0.24091381100726894,963,0.1836608808321492
5107768,0.42457469183941815,0.36470588235294116,85,0.05986880948647699
5203104,0.42457469183941815,0.10714285714285714,28,0.317431834696561
5217609,0.42446535059220264,0.2475696694750486,1543,0.17689568111715404
5103700,0.4244653505922026,0.48366013071895425,153,-0.05919478012675167
5215504,0.4244653505922026,0.2077922077922078,77,0.21667314279999478
5204904,0.4244653505922026,0.24107142857142858,224,0.183393922020774
5107883,0.4244653505922026,0.05263157894736842,19,0.37183377164483417
4209607,0.4242476956145796,0.30246913580246915,162,0.12177855981211044
4206108,0.42422050406970957,0.2948717948717949,78,0.1293487091979147
1100205,0.42421575876895645,0.4791589819254887,5422,-0.05494322315653227
3302254,0.4239711562179033,0.31896551724137934,348,0.10500563897652399
2515104,0.4236208201673414,0.43243243243243246,74,-0.008811612265091029
4306908,0.42351596826950727,0.48132780082987553,241,-0.05781183256036826
4316907,0.4234464438657008,0.5914994096812278,1694,-0.16805296581552703
2912004,0.4233359766735454,0.3880597014925373,67,0.035276275181008065
2707800,0.4233351995626136,0.5346534653465347,101,-0.11131826578392107
2701407,0.42322594274556113,0.32456140350877194,456,0.0986645392367892
2607406,0.42318792063996885,0.5142857142857142,35,-0.09109779364574538
2605152,0.42318792063996885,0.16568047337278108,169,0.2575074472671878
2607703,0.4230786739464775,0.10833333333333334,120,0.3147453406131442
2604007,0.4230786739464775,0.4070175438596491,570,0.016061130086828412
2108058,0.42299653381286156,0.3128491620111732,179,0.11014737180168838
2102556,0.42299653381286156,0.38764044943820225,178,0.03535608437465931
2111508,0.42299653381286156,0.34216335540838855,453,0.08083317840447302
2924702,0.4229965338128615,0.43529411764705883,85,-0.012297583834197323
2101608,0.4228873003037976,0.3567774936061381,782,0.06610980669765953
2202455,0.4228873003037976,0.22641509433962265,53,0.19647220596417497
2111029,0.4228873003037976,0.2947976878612717,173,0.12808961244252592
5204201,0.4224082067525212,0.35714285714285715,14,0.06526534960966407
1200302,0.42240621760853175,0.35805626598465473,391,0.06434995162387702
4216008,0.4223738094464366,0.2734375,128,0.1489363094464366
2410009,0.4222810259574493,0.3684210526315789,19,0.05385997332587039
4213807,0.42183176837178604,0.2818181818181818,110,0.14001358655360424
4302659,0.4217642607558912,0.43333333333333335,60,-0.011569072577442163
4310330,0.4217362470309047,0.6323024054982818,291,-0.21056615846737708
4202537,0.421557927782149,0.45,40,-0.028442072217851
4209508,0.42155792778214896,0.39285714285714285,84,0.028700784925006106
4219176,0.42151829361778614,0.2894736842105263,76,0.13204460940725982
3505351,0.4215076387348003,0.3469387755102041,49,0.07456886322459622
3528007,0.42150763873480024,0.37362637362637363,182,0.04788126510842661
3544004,0.42150763873480024,0.410958904109589,292,0.01054873462521122
4203600,0.42148262286985955,0.3569620253164557,395,0.06452059755340384
4101101,0.4213948336083657,0.355,200,0.06639483360836573
4108700,0.4213948336083657,0.3793103448275862,87,0.04208448878077953
3500402,0.4211685911795192,0.39622641509433965,53,0.024942176085179568
3518305,0.42116859117951916,0.23116883116883116,385,0.189999760010688
3545001,0.42116859117951916,0.3484848484848485,198,0.07268374269467065
3518859,0.42116859117951916,0.6610169491525424,59,-0.23984835797302323
3534906,0.42116859117951916,0.4625,80,-0.041331408820480864
3550803,0.42116859117951916,0.3163265306122449,98,0.10484206056727424
3304607,0.42116859117951916,0.32857142857142857,70,0.09259716260809059
3538808,0.42116859117951916,0.2846975088967972,281,0.13647108228272198
3509908,0.42116859117951916,0.4,120,0.021168591179519136
3536208,0.42116859117951916,0.3872832369942196,173,0.03388535418529953
3505203,0.42116859117951916,0.2702702702702703,259,0.15089832090924887
3541208,0.42116859117951916,0.203125,64,0.21804359117951916
3527405,0.42116859117951916,0.3157894736842105,152,0.10537911749530865
3510401,0.42116859117951916,0.3345070422535211,568,0.08666154892599803
3505104,0.42116859117951916,0.35135135135135137,74,0.06981723982816779
1100015,0.42116859117951916,0.32,275,0.10116859117951915
3556305,0.42116859117951916,0.2936802973977695,269,0.12748829378174964
4300059,0.42116859117951916,0.4482758620689655,29,-0.027107270889446367
4314175,0.42116859117951916,0.45,20,-0.028831408820480853
3200359,0.42116859117951916,0.16304347826086957,92,0.2581251129186496
3303609,0.4211685911795191,0.2997275204359673,367,0.12144107074355182
3529708,0.4211685911795191,0.6903225806451613,155,-0.2691539894656422
3538501,0.4210594852472931,0.2988505747126437,87,0.12220891053464938
3306206,0.4210594852472931,0.39655172413793105,348,0.024507761109362036
3303401,0.42105948524729303,0.31029986962190353,1534,0.1107596156253895
3201209,0.42105948524729303,0.2793141592920354,1808,0.14174532595525763
3523909,0.42105948524729303,0.3804692454026633,1577,0.04059023984462973
3553401,0.42105948524729303,0.2575107296137339,233,0.16354875563355914
3523404,0.42105948524729303,0.2671300893743793,1007,0.1539293958729137
3302106,0.42105948524729303,0.30851063829787234,188,0.11254884694942069
1101005,0.42105948524729303,0.2903225806451613,124,0.13073690460213172
4309050,0.42105948524729303,0.6617647058823529,68,-0.2407052206350599
4122909,0.42105581074711285,0.2711864406779661,59,0.14986937006914675
4105607,0.42105581074711285,0.36774193548387096,155,0.05331387526324188
4105805,0.42105581074711285,0.3908416639793615,3101,0.03021414676775136
4114708,0.42105581074711285,0.5,56,-0.07894418925288715
4126652,0.42105581074711285,0.24324324324324326,37,0.1778125675038696
4108007,0.4210558107471128,0.35714285714285715,98,0.06391295360425564
4101002,0.4209467127840751,0.2943722943722944,231,0.1265744184117807
4107702,0.42094671278407503,0.38095238095238093,42,0.0399943318316941
3122405,0.4208916283567385,0.32894736842105265,76,0.09194425993568583
3156106,0.4208916283567385,0.17647058823529413,34,0.24442104012144436
3110202,0.4208916283567385,0.30434782608695654,46,0.11654380226978195
3131802,0.4208916283567385,0.16666666666666666,102,0.2542249616900718
3113503,0.4208916283567385,0.29069767441860467,86,0.13019395393813382
4205431,0.42078891543097224,0.23333333333333334,30,0.1874555820976389
3138625,0.4207825420153571,0.40336134453781514,119,0.01742119747754195
3140209,0.4207825420153571,0.38095238095238093,42,0.039830161062976155
3155801,0.4207825420153571,0.2127659574468085,141,0.20801658456854857
3159407,0.4207825420153571,0.12,25,0.3007825420153571
3110608,0.4207825420153571,0.17857142857142858,252,0.2422111134439285
3164704,0.42078254201535703,0.18712574850299402,668,0.23365679351236301
3145901,0.42078254201535703,0.18604651162790697,387,0.23473603038745006
3502705,0.4206721427486609,0.25475285171102663,263,0.16591929103763425
3515186,0.42026025511699694,0.23972602739726026,292,0.18053422771973668
2401651,0.4201176997680108,0.4,10,0.020117699768010755
5221403,0.41998084332475094,0.22802547770700637,1570,0.19195536561774457
4303608,0.4198431648970911,0.46153846153846156,39,-0.04169529664137045
4321832,0.419560300974167,0.4583333333333333,24,-0.03877303235916629
4311429,0.419560300974167,0.3333333333333333,24,0.08622696764083371
2508307,0.41955417454510197,0.5285714285714286,210,-0.10901725402632662
4320800,0.419179593490341,0.3709677419354839,248,0.04821185155485713
3120904,0.41916899452380624,0.26721763085399447,726,0.15195136366981177
5213756,0.4191530300200465,0.21333333333333335,150,0.20581969668671315
5105606,0.4191530300200465,0.4745762711864407,295,-0.05542324116639419
4205555,0.4189237987161916,0.047619047619047616,21,0.371304751097144
1200450,0.41890342175100487,0.5142857142857142,280,-0.09538229253470937
4100608,0.41889421013492534,0.2948717948717949,156,0.12402241526313046
2606507,0.4188033519692121,0.1791907514450867,173,0.2396126005241254
4201000,0.4187976948605182,0.2112676056338028,71,0.2075300892267154
3121605,0.41878567208373996,0.27479338842975204,484,0.14399228365398792
2207850,0.4186125089889445,0.1,40,0.31861250898894444
4209102,0.41852030738835183,0.30708364732479276,5308,0.11143666006355907
4306056,0.41850460256695815,0.36923076923076925,65,0.0492738333361889
4202875,0.41848972200140055,0.25925925925925924,27,0.1592304627421413
2611101,0.4179761870727163,0.2969290657439446,4624,0.12104712132877166
2103703,0.41778545007072443,0.32971014492753625,276,0.08807530514318818
2102408,0.41778545007072443,0.36764705882352944,68,0.05013839124719499
2207355,0.41778545007072443,0.36,25,0.05778545007072444
2108256,0.4177854500707244,0.42328042328042326,189,-0.0054949732096988835
2207009,0.4177854500707244,0.27299703264094954,337,0.14478841742977483
3104700,0.4174339080515341,0.44329896907216493,97,-0.025865061020630853
2402402,0.41707238542138897,0.7068965517241379,58,-0.28982416630274893
5220108,0.4170419967017255,0.24148606811145512,323,0.17555592859027036
5208707,0.4170419967017255,0.3044361666102269,8859,0.1126058300914986
4311734,0.41698948306148215,0.4444444444444444,36,-0.027454961382962273
3304151,0.41698948306148215,0.29389312977099236,262,0.12309635329048979
1600154,0.41698948306148215,0.5543478260869565,184,-0.1373583430254744
3541703,0.4169894830614821,0.3181818181818182,110,0.09880766487966391
4208500,0.4169615969340415,0.2751677852348993,298,0.14179381169914218
4101200,0.41687701574274705,0.35858585858585856,198,0.058291157156888485
3165701,0.41671328995126367,0.08235294117647059,85,0.3343603487747931
3150901,0.41671328995126367,0.21052631578947367,38,0.20618697416179
4202701,0.4165199165855137,0.35443037974683544,79,0.06208953683867824
4219507,0.4163302427160441,0.29295154185022027,454,0.12337870086582381
3505005,0.4161633354352722,0.35,40,0.0661633354352722
3554953,0.4161633354352721,0.4461538461538462,65,-0.02999051071857406
1101492,0.4161633354352721,0.36742424242424243,264,0.04873909301102969
1508159,0.4161633354352721,0.3879093198992443,397,0.0282540155360278
3205309,0.4161633354352721,0.26612305411415865,2698,0.15004028132111347
3304409,0.4161633354352721,0.3469387755102041,147,0.06922455992506804
3545704,0.4161633354352721,0.4153846153846154,65,0.0007787200506567116
3545159,0.4161633354352721,0.3564356435643564,101,0.0597276918709157
3304524,0.4161633354352721,0.3110410094637224,1585,0.10512232597154975
1100304,0.4161633354352721,0.2805155420773313,1319,0.1356477933579408
3305406,0.4161633354352721,0.3282828282828283,198,0.08788050715244383
3537404,0.4161633354352721,0.16097560975609757,205,0.2551877256791746
3502804,0.41616333543527206,0.2582826233941853,1479,0.15788071204108678
4219002,0.416143026218787,0.2916666666666667,216,0.12447635955212033
4105003,0.4160509319272896,0.4358974358974359,117,-0.019846503970146312
4104451,0.4160509319272896,0.2826086956521739,184,0.1334422362751157
4206751,0.4158936516911169,0.037037037037037035,27,0.3788566146540799
4217006,0.4158936516911169,0.31216931216931215,189,0.10372433952180476
4215059,0.41589365169111686,0.21739130434782608,23,0.19850234734329078
3162401,0.41588729918273754,0.3672316384180791,177,0.04865566076465844
3125952,0.4158872991827375,0.25,128,0.16588729918273748
3105103,0.4158872991827375,0.19254658385093168,161,0.2233407153318058
3130556,0.4158872991827375,0.10204081632653061,49,0.31384648285620687
3168309,0.4158872991827375,0.05660377358490566,53,0.35928352559783183
3123205,0.4158872991827375,0.1452991452991453,117,0.27058815388359214
3119500,0.4158872991827375,0.31746031746031744,63,0.09842698172242004
3111606,0.4158872991827374,0.25,204,0.16588729918273742
2103257,0.4156763753544624,0.13529411764705881,170,0.28038225770740355
4314605,0.41566223291525844,0.45588235294117646,136,-0.040220120025918016
1720499,0.41555172368567905,0.5365853658536586,41,-0.12103364216797952
4212502,0.41523142130215895,0.4875,320,-0.07226857869784103
5103908,0.41509415247367687,0.375,64,0.04009415247367687
3143104,0.4147954990724624,0.16824644549763032,422,0.24654905357483206
4317509,0.4146784362740489,0.5693311582381729,613,-0.15465272196412405
4205506,0.41466781629949984,0.22566371681415928,452,0.18900409948534055
4321352,0.41463039254369644,0.6923076923076923,39,-0.27767729976399586
4300802,0.4145599124107504,0.4367816091954023,87,-0.022221696784651912
3304706,0.41405662584608566,0.2537764350453172,331,0.16028019080076844
3501707,0.4140566258460856,0.2924791086350975,359,0.12157751721098808
3520442,0.4140566258460856,0.19617224880382775,209,0.21788437704225785
3303856,0.4140566258460856,0.2465753424657534,292,0.1674812833803322
3531605,0.4140566258460856,0.0625,32,0.3515566258460856
4217709,0.41400792829571603,0.4789156626506024,332,-0.06490773435488639
4312401,0.41388275910579275,0.5637480798771122,651,-0.14986532077131942
3169901,0.41381237815942473,0.2138442521631644,809,0.19996812599626032
4203303,0.41378733973195736,0.4,145,0.013787339731957338
3124401,0.41378099660509376,0.3333333333333333,96,0.08044766327176045
3127503,0.41378099660509376,0.175,40,0.23878099660509378
3167707,0.41378099660509376,0.225,40,0.18878099660509376
3152204,0.41354195690273293,0.27844311377245506,334,0.13509884313027787
3136306,0.4124913771330639,0.25871559633027524,545,0.15377578080278864
3170057,0.4123341610342266,0.3067484662576687,163,0.10558569477655788
4215505,0.41220903579883694,0.4260869565217391,230,-0.01387792072290217
5106752,0.4121361624091876,0.3304964539007092,705,0.0816397085084784
3102506,0.41200842088784884,0.27586206896551724,29,0.1361463519223316
3133907,0.41186543007426785,0.14285714285714285,49,0.269008287217125
4322103,0.4113589735059392,0.48936170212765956,47,-0.07800272862172036
5213400,0.4107636252269954,0.15384615384615385,13,0.25691747138084153
4202909,0.41069721062591136,0.33793103448275863,1305,0.07276617614315273
4208302,0.4105224740207179,0.2952815829528158,657,0.11524089106790208
4316709,0.4102861046724494,0.5714285714285714,84,-0.16114246675612198
2504801,0.4099323750640664,0.5094339622641509,106,-0.09950158720008456
3147907,0.4091567118522229,0.1711378353376503,1081,0.2380188765145726
4218707,0.4085220651742121,0.3912037037037037,864,0.01731836147050836
3108255,0.408107893067393,0.5324675324675324,77,-0.12435963940013944
1200401,0.4080050187679202,0.451792473836562,4491,-0.04378745506864179
4312104,0.4078672486531221,0.5,22,-0.09213275134687787
5213707,0.407437369354924,0.25773195876288657,97,0.1497054105920374
5206404,0.4074373693549239,0.22950819672131148,122,0.17792917263361244
5213053,0.4074373693549239,0.2,30,0.2074373693549239
5218508,0.4074373693549239,0.19852941176470587,544,0.20890795759021805
5207907,0.4074373693549239,0.3333333333333333,138,0.0741040360215906
5200555,0.4074373693549239,0.2782608695652174,115,0.12917649978970652
5207501,0.4074373693549239,0.02,50,0.3874373693549239
5209952,0.4074373693549239,0.17204301075268819,186,0.23539435860223573
4320602,0.4074119025838126,0.6451612903225806,31,-0.23774938773876803
2303709,0.40717842089104506,0.3152748414376321,3784,0.09190357945341293
4211892,0.40661765138672207,0.52,25,-0.11338234861327795
4312658,0.4065291407038097,0.3987341772151899,158,0.007794963488619799
3117603,0.40647720006953414,0.075,40,0.33147720006953413
2708204,0.40641595242231804,0.2903225806451613,93,0.11609337177715673
2600104,0.40627041277804044,0.2971576227390181,387,0.10911279003902236
2602407,0.4062704127780404,0.14102564102564102,78,0.26524477175239936
3532603,0.4062404747604205,0.3,70,0.10624047476042053
2103752,0.40608129055700254,0.3006535947712418,153,0.10542769578576072
2105104,0.40608129055700254,0.3034188034188034,234,0.10266248713819914
2206696,0.40608129055700254,0.34523809523809523,84,0.060843195318907306
2914109,0.40608129055700254,0.4084507042253521,71,-0.0023694136683495848
2206605,0.4060812905570025,0.43103448275862066,116,-0.02495319220161818
4217105,0.40578564176000836,0.4418604651162791,43,-0.03607482335627071
4219705,0.4054460542722509,0.39622641509433965,424,0.009219639177911243
4218202,0.405168680246749,0.2459396751740139,431,0.1592290050727351
5221551,0.4051560510758928,0.14285714285714285,70,0.26229890821874996
2508208,0.4049033998837787,0.5588235294117647,68,-0.153920129527986
3518107,0.404473049045047,0.5272727272727272,55,-0.12279967822768023
3201100,0.40447304904504694,0.3333333333333333,108,0.07113971571171362
3551801,0.40447304904504694,0.4755244755244755,143,-0.07105142647942858
3531704,0.40447304904504694,0.49019607843137253,51,-0.08572302938632559
3502606,0.40447304904504694,0.13157894736842105,38,0.27289410167662587
3533106,0.40447304904504694,0.16666666666666666,18,0.23780638237838028
3556958,0.40447304904504694,0.0,14,0.40447304904504694
3525805,0.40447304904504694,0.4489795918367347,49,-0.04450654279168775
3553104,0.40447304904504694,0.6086956521739131,46,-0.20422260312886614
3546900,0.40447304904504694,0.2903225806451613,93,0.11415046839988563
3531308,0.40447304904504694,0.41118421052631576,304,-0.006711161481268824
3546207,0.40447304904504694,0.26666666666666666,30,0.13780638237838028
3516853,0.40447304904504694,0.26229508196721313,61,0.1421779670778338
4320651,0.40447304904504694,0.6428571428571429,14,-0.23838409381209597
3517604,0.40447304904504694,0.3958333333333333,144,0.008639715711713625
3556107,0.40447304904504694,0.1417910447761194,134,0.2626820042689275
4310405,0.40447304904504694,0.425531914893617,47,-0.021058865848570085
3502408,0.4044730490450469,0.425,40,-0.020526950954953105
4120804,0.40436161616752103,0.3271604938271605,324,0.07720112234036053
4125506,0.404361616167521,0.3536071616640337,3798,0.050754454503487256
4126504,0.404361616167521,0.39097744360902253,133,0.013384172558498442
4111506,0.404361616167521,0.27626459143968873,257,0.12809702472783224
3108305,0.4043599736992764,0.19879518072289157,166,0.20556479297638483
4212056,0.4042056961059429,0.42857142857142855,28,-0.024365732465485623
4214201,0.4042056961059429,0.3050847457627119,118,0.09912095034323104
3122702,0.40419939858424647,0.07692307692307693,39,0.32727632166116954
3101300,0.40419939858424647,0.10344827586206896,29,0.3007511227221775
3150604,0.40419939858424647,0.2222222222222222,63,0.18197717636202426
3164407,0.40419939858424647,0.09333333333333334,75,0.31086606525091315
3164803,0.40419939858424647,0.0,9,0.40419939858424647
4311106,0.40388217285349315,0.39655172413793105,58,0.007330448715562099
3554300,0.403394267287295,0.27802690582959644,223,0.12536736145769856
4311718,0.4032753601506684,0.5098039215686274,51,-0.10652856141795902
4306304,0.40318638472851603,0.3902439024390244,41,0.01294248228949163
3126109,0.4029023652222774,0.14285714285714285,469,0.26004522236513455
4322004,0.4028334244648821,0.33974358974358976,312,0.06308983472129231
5208905,0.4024181280198219,0.13071895424836602,153,0.2716991737714559
5206206,0.4024181280198219,0.30778301886792453,848,0.09463510915189738
5100508,0.4024181280198219,0.4657534246575342,73,-0.06333529663771231
5217401,0.4024181280198219,0.19455252918287938,257,0.20786559883694253
4321436,0.4023642610988733,0.42857142857142855,105,-0.02620716747255525
4314506,0.4023050103519821,0.5432098765432098,81,-0.14090486619122777
3137809,0.40228228137225186,0.2903225806451613,186,0.11195970072709055
3152006,0.40211911196195393,0.3356164383561644,292,0.06650267360578954
3118403,0.40204079418295663,0.4375,208,-0.03545920581704337
3125903,0.40194887323350464,0.11764705882352941,51,0.28430181440997526
3151909,0.4018092856877859,0.11627906976744186,86,0.28553021592034405
4322509,0.40151130064248103,0.5810055865921788,716,-0.1794942859496978
4207007,0.40126842312550515,0.3046757164404223,663,0.09659270668508285
2612000,0.4012558126196388,0.189873417721519,79,0.21138239489811977
2613602,0.4012558126196388,0.2651006711409396,298,0.13615514147869917
3522703,0.4010836652584647,0.24,325,0.16108366525846474
2100154,0.4010674478789334,0.3445378151260504,119,0.056529632752882975
2101004,0.40106744787893334,0.27586206896551724,319,0.1252053789134161
2112209,0.40106744787893334,0.23949579831932774,1666,0.1615716495596056
2933257,0.40106744787893334,0.6415094339622641,53,-0.24044198608333078
2101301,0.40106744787893334,0.423728813559322,177,-0.02266136568038868
2100303,0.40106744787893334,0.5424528301886793,212,-0.14138538230974595
2918704,0.40106744787893334,0.43478260869565216,23,-0.033715160816718825
2202711,0.40106744787893334,0.4,60,0.0010674478789333142
2302008,0.40106744787893334,0.3597560975609756,164,0.04131135031795774
2207603,0.4010674478789333,0.5213675213675214,117,-0.12030007348858812
4214508,0.4008745059568901,0.19298245614035087,57,0.20789204981653925
4322707,0.40078383489358615,0.5445544554455446,202,-0.14377062055195844
3108404,0.40076259393674607,0.1527777777777778,144,0.24798481615896828
3164100,0.3998206541723277,0.11627906976744186,43,0.28354158440488586
3204906,0.3996852550531053,0.2939233817701453,1514,0.10576187328296
3154002,0.399543975267179,0.16071428571428573,168,0.23882968955289327
3205010,0.3994657076135145,0.2877030162412993,431,0.11176269137221523
3517703,0.3994657076135145,0.2222222222222222,180,0.1772434853912923
3303005,0.39946570761351446,0.30303030303030304,231,0.09643540458321143
3300233,0.39946570761351446,0.3138801261829653,634,0.08558558143054917
3529609,0.39946570761351446,0.32608695652173914,46,0.07337875109177533
3554409,0.39946570761351446,0.2602739726027397,73,0.13919173501077475
4307302,0.39946570761351446,0.5,32,-0.10053429238648554
3535200,0.39946570761351446,0.15789473684210525,76,0.2415709707714092
4306379,0.39946570761351446,0.48148148148148145,27,-0.08201577386796699
1100320,0.39946570761351446,0.3079470198675497,302,0.09151868774596478
3520707,0.39946570761351446,0.21052631578947367,38,0.1889393918240408
3536406,0.39946570761351446,0.24107142857142858,112,0.1583942790420859
3202652,0.39946570761351446,0.18309859154929578,142,0.21636711606421868
4301057,0.39946570761351446,0.5328467153284672,137,-0.1333810077149527
3530300,0.39946570761351446,0.38650306748466257,489,0.012962640128851899
3202504,0.39946570761351446,0.1896551724137931,116,0.20981053519972137
3510906,0.39946570761351446,0.25,32,0.14946570761351446
4311791,0.39946570761351446,0.4,25,-0.0005342923864855575
3500105,0.39946570761351446,0.34,200,0.05946570761351444
4310504,0.3994657076135144,0.40816326530612246,49,-0.008697557692608049
4304689,0.3994657076135144,0.47058823529411764,85,-0.07112252768060323
4109609,0.39935472916604886,0.33068362480127184,629,0.06867110436477702
4107157,0.39935472916604886,0.25675675675675674,74,0.14259797240929212
4114500,0.39935472916604886,0.2786885245901639,122,0.12066620457588495
4211603,0.39924488407633113,0.2565789473684211,152,0.14266593670791006
4211454,0.3991994458190072,0.28888888888888886,45,0.11031055693011832
4218855,0.3991994458190071,0.3448275862068966,29,0.05437185961211055
4206900,0.39919944581900707,0.27586206896551724,203,0.12333737685348983
3154507,0.3991931740349947,0.3,90,0.09919317403499472
3111309,0.39919317403499466,0.23595505617977527,89,0.16323811785521938
3115359,0.39919317403499466,0.288135593220339,59,0.11105758081465567
3127370,0.39919317403499466,0.08571428571428572,35,0.3134788883207089
3138708,0.39919317403499466,0.024390243902439025,41,0.3748029301325556
3122207,0.39919317403499466,0.12903225806451613,93,0.27016091597047853
3114204,0.39919317403499466,0.2731707317073171,205,0.12602244232767756
3146503,0.39919317403499466,0.12857142857142856,70,0.2706217454635661
3120201,0.39919317403499466,0.13934426229508196,122,0.2598489117399127
3135407,0.39919317403499466,0.11428571428571428,70,0.2849074597492804
3108008,0.39919317403499466,0.16129032258064516,124,0.2379028514543495
3149804,0.3991931740349946,0.16593886462882096,229,0.23325430940617364
4320305,0.3990454575431037,0.3269230769230769,52,0.0721223806200268
4307807,0.39880704787993093,0.48846153846153845,260,-0.08965449058160752
4211009,0.39870485982195186,0.3942307692307692,104,0.0044740905911826445
4321402,0.39868558948882554,0.375,112,0.023685589488825542
4307609,0.3986326308574251,0.5641025641025641,546,-0.16546993324513898
4311700,0.398576089272051,0.36363636363636365,55,0.03493972563568737
4313508,0.3984404285980775,0.5781584582441114,467,-0.1797180296460339
4314209,0.39830073121397896,0.6470588235294118,51,-0.24875809231543283
4311809,0.39802644604923854,0.5347222222222222,432,-0.13669577617298367
4311122,0.39800589478995085,0.6190476190476191,42,-0.22104172425766822
4217204,0.397811505431443,0.3036529680365297,438,0.09415853739491331
5214507,0.3969997888858297,0.2891246684350133,377,0.10787512045081643
5215702,0.3969997888858297,0.19382022471910113,356,0.20317956416672858
5108808,0.3969997888858297,0.32432432432432434,74,0.07267546456150537
5217104,0.3969997888858297,0.27884615384615385,208,0.11815363503967585
4203006,0.39677791788220856,0.33819628647214856,754,0.05858163141006001
5209101,0.3966291600421594,0.22613065326633167,398,0.17049850677582776
5209804,0.39662916004215937,0.275,40,0.12162916004215935
5218607,0.39662916004215937,0.029850746268656716,134,0.3667784137735027
5205208,0.39662916004215937,0.12727272727272726,55,0.2693564327694321
5004502,0.39618116270924986,0.45267489711934156,243,-0.0564937344100917
2615102,0.39584275678643943,0.24,50,0.15584275678643944
2605806,0.3958427567864394,0.28865979381443296,97,0.10718296297200641
2613305,0.3958427567864394,0.27896995708154504,233,0.11687279970489434
2603009,0.3958427567864394,0.35691318327974275,311,0.038929573506696624
2612802,0.3958427567864394,0.20454545454545456,132,0.19129730224098482
2607208,0.3958427567864394,0.35525321239606955,1323,0.040589544390369825
2615805,0.3958427567864394,0.31443298969072164,194,0.08140976709571773
2200459,0.39565525396329754,0.6,60,-0.20434474603670244
2210607,0.39565525396329754,0.2639225181598063,413,0.13173273580349126
2210706,0.39565525396329754,0.13333333333333333,195,0.2623219206299642
2210904,0.39565525396329754,0.6923076923076923,26,-0.29665243834439475
2111789,0.39565525396329754,0.4594594594594595,74,-0.06380420549616195
2313757,0.39565525396329754,0.1778846153846154,208,0.21777063857868215
2203206,0.39565525396329754,0.21830985915492956,142,0.17734539480836797
2900504,0.39565525396329754,0.627906976744186,43,-0.23225172278088851
2108207,0.39565525396329754,0.3595505617977528,267,0.03610469216554474
2109452,0.3956552539632975,0.5127610208816705,431,-0.11710576691837304
1301506,0.395510470402684,0.5427350427350427,234,-0.1472245723323587
4311627,0.39514453847967884,0.6125,80,-0.2173554615203212
5106109,0.3949773659243632,0.19327731092436976,119,0.20170005499999347
2501302,0.3947307758048157,0.5566502463054187,203,-0.161919470500603
2508802,0.39473077580481564,0.5084745762711864,59,-0.11374380046637078
2502151,0.39473077580481564,0.5068493150684932,73,-0.11211853926367754
2512762,0.3947307758048156,0.2962962962962963,27,0.0984344795085193
4300307,0.39427045088242524,0.578125,64,-0.18385454911757476
4305108,0.39421326333487333,0.5625,3664,-0.16828673666512667
3506300,0.3940609072300017,0.5217391304347826,92,-0.1276782232047809
4306205,0.39406090723000164,0.6271186440677966,59,-0.23305773683779496
3205200,0.39406090723000164,0.31619900966753123,4241,0.07786189756247042
3553203,0.39406090723000164,0.4262295081967213,61,-0.03216860096671964
3304201,0.39406090723000164,0.2726347914547304,983,0.12142611577527124
3204302,0.39406090723000164,0.3021978021978022,182,0.09186310503219947
3203403,0.39406090723000164,0.34517766497461927,197,0.048883242255382375
4322152,0.39406090723000164,0.5909090909090909,22,-0.1968481836790893
3501004,0.39406090723000164,0.3231707317073171,164,0.07089017552268456
3504206,0.39406090723000164,0.22,100,0.17406090723000164
3534500,0.39406090723000164,0.12,25,0.27406090723000165
3533254,0.39406090723000164,0.358974358974359,78,0.03508654825564267
3544806,0.39406090723000164,0.3188405797101449,69,0.07522032751985674
1504307,0.39406090723000164,0.5279187817258884,197,-0.1338578744958867
3520004,0.39406090723000164,0.22488038277511962,209,0.16918052445488202
3302205,0.39406090723000164,0.3446244477172312,679,0.049436459512770425
5101605,0.39401093308024393,0.47368421052631576,76,-0.07967327744607183
4116208,0.39395044531467593,0.3939393939393939,231,1.1051375282011833e-05
4117503,0.39395044531467593,0.37236842105263157,760,0.021582024262044364
4122602,0.39395044531467593,0.5773195876288659,97,-0.18336914231419
4127403,0.39395044531467593,0.23783783783783785,185,0.15611260747683808
4218350,0.3937958856373117,0.47058823529411764,34,-0.07679234965680592
4204004,0.3937958856373117,0.2605633802816901,142,0.1332325053556216
4211207,0.3937958856373117,0.3068181818181818,264,0.08697770381912989
4218608,0.39379588563731166,0.367816091954023,87,0.025979793683288677
3162906,0.3937896431045251,0.3024390243902439,205,0.09135061871428118
3121506,0.393789643104525,0.034482758620689655,29,0.35930688448383535
3130903,0.393789643104525,0.152317880794702,151,0.24147176230982303
3145372,0.393789643104525,0.06666666666666667,30,0.32712297643785837
3145455,0.393789643104525,0.0967741935483871,62,0.2970154495561379
3160900,0.393789643104525,0.18604651162790697,43,0.20774313147661805
3161056,0.393789643104525,0.3333333333333333,33,0.06045630977119171
3164902,0.393789643104525,0.08695652173913043,23,0.3068331213653946
3106655,0.393789643104525,0.16666666666666666,42,0.22712297643785836
3165107,0.393789643104525,0.17857142857142858,84,0.21521821453309645
3166303,0.393789643104525,0.15384615384615385,65,0.23994348925837117
3139508,0.39378964310452497,0.30434782608695654,207,0.08944181701756843
4304804,0.393775568213544,0.37065637065637064,259,0.023119197557173343
3167608,0.3934849261456112,0.2682926829268293,205,0.12519224321878192
3147006,0.39321729644085057,0.30809674027339645,951,0.08512055616745412
4301909,0.3921500081703196,0.6575342465753424,73,-0.26538423840502284
1303007,0.3918948825165801,0.40441176470588236,136,-0.012516882189302247
4208005,0.39154116561621516,0.2916666666666667,96,0.09987449894954847
3131307,0.39131324864415534,0.2377006732263076,1931,0.15361257541784773
3108503,0.39070291717042405,0.1724137931034483,58,0.21828912406697576
1302405,0.3903052379978661,0.3169164882226981,467,0.07338874977516802
3118304,0.39016536840275096,0.16476345840130505,1226,0.2254019100014459
3129657,0.38984541408261364,0.4489795918367347,49,-0.05913417775412105
3200201,0.389386125566458,0.13513513513513514,259,0.2542509904313229
2704609,0.38840222942832525,0.25225225225225223,111,0.13614997717607302
2600906,0.38825892116602434,0.4503311258278146,151,-0.06207220466179025
4201703,0.38823767274435805,0.3793103448275862,87,0.008927327916771866
2210953,0.3880727031789783,0.3488372093023256,43,0.039235493876652705
2205516,0.3880727031789783,0.27906976744186046,43,0.10900293573711783
3202108,0.3880406728145658,0.06060606060606061,198,0.32743461220850517
4316808,0.38761705452522305,0.5072604065827686,1033,-0.11964335205754556
2500205,0.3871545922488785,0.37777777777777777,45,0.009376814471100725
3541604,0.38654461623807296,0.2673992673992674,273,0.11914534883880556
4300661,0.3864893709433576,0.6666666666666666,15,-0.280177295723309
4309654,0.386393217523486,0.6349206349206349,63,-0.2485274173971489
4108320,0.386379678081113,0.2,100,0.186379678081113
4106001,0.38637967808111295,0.5922330097087378,103,-0.20585333162762487
3118205,0.3862199967745564,0.3466666666666667,75,0.039553330107889695
3104007,0.3862199967745564,0.24070631970260223,1076,0.14551367707195415
3114907,0.3862199967745564,0.058823529411764705,17,0.32739646736279165
3115201,0.3862199967745564,0.2962962962962963,27,0.0899237004782601
3106804,0.3862199967745564,0.0,16,0.3862199967745564
2512804,0.3859308486776025,0.5535714285714286,56,-0.16764057989382608
2512606,0.38593084867760247,0.5454545454545454,22,-0.15952369677694295
4216800,0.3854460269186598,0.40540540540540543,74,-0.019959378486745616
3543303,0.38535171976010824,0.32934131736526945,1002,0.05601040239483879
5208806,0.3852067242782359,0.20077594568380214,1031,0.18443077859443374
5203906,0.3852067242782359,0.3486238532110092,109,0.036582871067226685
5209705,0.3852067242782359,0.34517766497461927,394,0.04002905930361661
3128204,0.38519514582558007,0.15789473684210525,76,0.2273004089834748
4301958,0.3847689277037919,0.4782608695652174,23,-0.09349194186142551
1100288,0.38464942731359203,0.2555720653789004,673,0.1290773619346916
2609204,0.38442853899622315,0.42452830188679247,106,-0.040099762890569324
2612455,0.3844285389962231,0.3116883116883117,154,0.07274022730791141
4312617,0.38440094401088487,0.4444444444444444,36,-0.06004350043355955
3133808,0.3843456622721695,0.13213213213213212,666,0.25221353014003733
2104651,0.38424300421627905,0.21951219512195122,82,0.16473080909432783
2206902,0.38424300421627905,0.10714285714285714,56,0.2771001470734219
2921807,0.38424300421627905,0.4,105,-0.015756995783720973
3169356,0.3836638780809265,0.16607773851590105,283,0.21758613956502545
3124500,0.3836394403968357,0.1919191919191919,99,0.19172024847764377
3508702,0.3835710933053271,0.2926829268292683,164,0.09088816647605885
2504108,0.38332827799438646,0.08333333333333333,24,0.29999494466105314
3550506,0.3826655260169587,0.2857142857142857,84,0.09695124030267299
3525904,0.3826655260169587,0.294941411831952,3499,0.0877241141850067
3200805,0.3826655260169587,0.2545454545454545,275,0.12812007147150417
1100031,0.3826655260169587,0.24,75,0.1426655260169587
3510708,0.3826655260169587,0.4020618556701031,97,-0.019396329653144417
3300902,0.38266552601695863,0.3577981651376147,109,0.024867360879343936
3110707,0.38262462732409586,0.18181818181818182,110,0.20080644550591403
4127304,0.3825562417047105,0.1839080459770115,174,0.19864819572769898
4117909,0.3825562417047105,0.25495049504950495,404,0.12760574665520552
4107652,0.3825562417047105,0.35188047398248323,1941,0.030675767722227243
4210308,0.3824033316781171,0.25842696629213485,89,0.12397636538598222
4211405,0.3824033316781171,0.2714285714285714,70,0.11097476024954567
3101508,0.3823971558207039,0.44015444015444016,259,-0.05775728433373628
3130200,0.3823971558207039,0.20634920634920634,126,0.17604794947149754
3161007,0.3823971558207039,0.15702479338842976,121,0.22537236243227413
3161601,0.3823971558207039,0.3,30,0.0823971558207039
4115739,0.3822687932946319,0.07407407407407407,27,0.30819471922055786
1712157,0.3820709274069539,0.41379310344827586,29,-0.03172217604132194
3529302,0.38195555281725796,0.28083209509658247,673,0.10112345772067549
3201159,0.3818184494460767,0.11009174311926606,218,0.2717267063268106
4315354,0.381384363994764,0.1,40,0.28138436399476396
3171030,0.3809358026522341,0.5333333333333333,90,-0.15239753068109924
3167103,0.3803854460775435,0.3288590604026846,149,0.0515263856748589
3170008,0.3796206175686208,0.3829787234042553,94,-0.003358105835634506
3124203,0.37846762801777406,0.40384615384615385,208,-0.025378525828379794
4213609,0.37825594292355696,0.3253012048192771,249,0.052954738104279864
4205175,0.37795477079116707,0.34375,32,0.03420477079116707
4210704,0.37681263493960393,0.6153846153846154,39,-0.2385719804450115
5001102,0.37650310879798543,0.4192546583850932,644,-0.04275154958710775
5008305,0.37650310879798543,0.1701346389228886,1634,0.20636846987509683
5000203,0.3765031087979854,0.2210242587601078,371,0.15547885003787756
3133501,0.375373067490716,0.14084507042253522,142,0.23452799706818075
3168002,0.3750580985629044,0.14210526315789473,380,0.23295283540500966
2508703,0.37440725106360345,0.36363636363636365,11,0.010770887427239806
3122306,0.3741268184191643,0.2228506787330317,1768,0.1512761396861326
3158300,0.3739128788852454,0.1206896551724138,58,0.25322322371283157
5212808,0.37369159052314666,0.12213740458015267,131,0.251554185942994
5211503,0.37369159052314666,0.26071428571428573,1120,0.11297730480886092
5106653,0.37369159052314666,0.4864864864864865,74,-0.11279489596333986
5200209,0.37369159052314666,0.21739130434782608,23,0.15630028617532057
5221007,0.37369159052314666,0.25,44,0.12369159052314666
5204003,0.3736915905231466,0.06315789473684211,95,0.3105336957863045
5107875,0.3736915905231466,0.16080402010050251,398,0.21288757042264408
3141405,0.37357935225952654,0.3556701030927835,194,0.017909249166743024
3519204,0.37357875535281837,0.26,50,0.11357875535281836
3539905,0.37357875535281837,0.4222222222222222,45,-0.04864346686940385
3115409,0.37357875535281837,0.2,25,0.17357875535281836
4312625,0.3735787553528183,0.3076923076923077,13,0.0658864476605106
4323754,0.3735787553528183,0.3076923076923077,13,0.0658864476605106
4306072,0.3735787553528183,0.07142857142857142,14,0.30215018392424686
4309159,0.3735787553528183,0.625,8,-0.2514212446471817
4204756,0.3735787553528183,0.0,8,0.3735787553528183
3541109,0.3735787553528183,0.391304347826087,23,-0.01772559247326866
4314555,0.3735787553528183,0.2727272727272727,11,0.10085148262554561
4300471,0.3735787553528183,0.6363636363636364,11,-0.26278488101081804
4315321,0.3735787553528183,0.75,8,-0.3764212446471817
3555703,0.3735787553528183,0.2,15,0.1735787553528183
4313425,0.3735787553528183,0.4,10,-0.026421244647181708
4215901,0.3735787553528183,0.2631578947368421,19,0.11042086061597622
3555802,0.3735787553528183,0.2328767123287671,73,0.1407020430240512
4300554,0.3735787553528183,0.36363636363636365,11,0.009942391716454668
4300703,0.3735787553528183,0.2903225806451613,31,0.083256174707657
3549003,0.3735787553528183,0.16666666666666666,18,0.20691208868615166
3543808,0.3735787553528183,0.36470588235294116,85,0.008872872999877157
4318432,0.3735787553528183,0.07692307692307693,13,0.2966556784297414
3551603,0.3735787553528183,0.30337078651685395,267,0.07020796883596436
4308805,0.3735787553528183,0.7692307692307693,39,-0.39565201387795096
5300108,0.3735787553528183,0.4057256569128488,22111,-0.03214690156003047
3503950,0.3735787553528183,0.045454545454545456,22,0.32812420989827285
3166501,0.3735787553528183,0.26666666666666666,30,0.10691208868615165
3123502,0.3735787553528183,0.21052631578947367,19,0.16305243956334464
3152303,0.3735787553528183,0.03508771929824561,57,0.3384910360545727
3100609,0.3735787553528183,0.21296296296296297,108,0.16061579238985535
3127909,0.3735787553528183,0.058823529411764705,17,0.3147552259410536
3521705,0.3735787553528183,0.13815789473684212,152,0.2354208606159762
3500808,0.3735787553528183,0.25,36,0.12357875535281831
3523800,0.3735787553528183,0.30434782608695654,69,0.06923092926586177
3100500,0.3735787553528183,0.22727272727272727,22,0.14630602808009105
3155207,0.3735787553528183,0.16666666666666666,30,0.20691208868615166
2605459,0.3735787553528183,0.13953488372093023,43,0.23404387163188808
3126950,0.3735787553528183,0.13043478260869565,23,0.24314397274412267
3514007,0.3735787553528183,0.06521739130434782,92,0.3083613640484705
3516101,0.3735787553528183,0.14285714285714285,35,0.23072161249567547
3126505,0.3735787553528183,0.0,19,0.3735787553528183
3138302,0.3735787553528183,0.2571428571428571,35,0.1164358982099612
3135456,0.3735787553528183,0.4090909090909091,44,-0.0355121537380908
3117836,0.3735787553528183,0.3404255319148936,47,0.033153223437924706
3164506,0.3735787553528183,0.18604651162790697,43,0.18753224372491134
3105707,0.3735787553528183,0.058823529411764705,34,0.3147552259410536
3122603,0.3735787553528183,0.23809523809523808,42,0.13548351725758023
3554706,0.37357875535281826,0.33707865168539325,89,0.03650010366742501
3106507,0.37357875535281826,0.10909090909090909,55,0.2644878462619092
4201505,0.37334147515828486,0.20491803278688525,122,0.1684234423713996
4320909,0.37296061102818956,0.5319148936170213,329,-0.1589542825888317
2608503,0.37292255716346817,0.20606060606060606,165,0.16686195110286212
3136504,0.37291290682594785,0.4418604651162791,86,-0.06894755829033122
3204054,0.37286214625350095,0.18210862619808307,313,0.19075352005541787
2203305,0.3727392129744268,0.26732673267326734,101,0.10541248030115946
2920304,0.3727392129744268,0.2972972972972973,74,0.07544191567712949
2909000,0.3727392129744268,0.47540983606557374,61,-0.10267062309114694
2100436,0.3727392129744268,0.47878787878787876,165,-0.10604866581345196
2106409,0.3727392129744268,0.23115577889447236,199,0.14158343407995444
2103901,0.3727392129744268,0.1834319526627219,169,0.18930726031170492
2305266,0.3727392129744268,0.3939393939393939,132,-0.02120018096496712
2103109,0.37273921297442675,0.32954545454545453,88,0.04319375842897222
5221601,0.3726838382050852,0.21971830985915494,355,0.15296552834593027
3521507,0.3711804935194221,0.23684210526315788,76,0.13433838825626424
3544707,0.3711804935194221,0.08333333333333333,24,0.2878471601860888
3542701,0.3711804935194221,0.44761904761904764,105,-0.07643855409962552
3518602,0.3711804935194221,0.2131578947368421,380,0.15802259878258001
1100908,0.3711804935194221,0.36,50,0.01118049351942213
3512506,0.3711804935194221,0.2631578947368421,57,0.10802259878258003
3205101,0.3711804935194221,0.30925925925925923,1080,0.06192123426016288
3203106,0.3711804935194221,0.22727272727272727,154,0.14390776624669485
3556404,0.3711804935194221,0.3810810810810811,370,-0.009900587561658958
3537156,0.3711804935194221,0.3225806451612903,31,0.0485998483581318
4320677,0.3711804935194221,0.6349206349206349,63,-0.26374014140121277
1100379,0.3711804935194221,0.20430107526881722,186,0.1668794182506049
3507100,0.3711804935194221,0.4623287671232877,292,-0.09114827360386557
3533601,0.3711804935194221,0.35064935064935066,77,0.02053114287007146
3540507,0.3711804935194221,0.3902439024390244,82,-0.019063408919602287
3529500,0.3711804935194221,0.2153846153846154,65,0.15579587813480672
1100189,0.3711804935194221,0.18220338983050846,472,0.18897710368891366
3510104,0.3711804935194221,0.07692307692307693,26,0.2942574165963452
4300034,0.37118049351942206,0.4782608695652174,46,-0.10708037604579534
4120101,0.3710725176281812,0.22807017543859648,57,0.14300234218958474
4115705,0.37107251762818116,0.36082474226804123,485,0.010247775360139932
4107124,0.37107251762818116,0.16666666666666666,36,0.2044058509615145
4115903,0.37107251762818116,0.44,25,-0.06892748237181884
4109500,0.37107251762818116,0.4444444444444444,63,-0.07337192681626326
4126801,0.37107251762818116,0.38926174496644295,149,-0.018189227338261782
4122651,0.37107251762818116,0.22857142857142856,70,0.1425010890567526
4100806,0.37107251762818116,0.27358490566037735,106,0.09748761196780381
4118808,0.37107251762818116,0.2564102564102564,156,0.11466226121792478
4101804,0.37107251762818116,0.3093154915079774,1943,0.061757026120203784
4122172,0.3710725176281811,0.2727272727272727,44,0.0983452449009084
4206504,0.37092144026309704,0.3483606557377049,488,0.02256078452539212
4209201,0.37092144026309704,0.25,36,0.12092144026309704
4206306,0.37092144026309704,0.27017543859649124,285,0.1007460016666058
4204103,0.37092144026309704,0.41304347826086957,46,-0.04212203799777253
4202081,0.37092144026309704,0.4444444444444444,45,-0.07352300418134738
3148400,0.3709153384719353,0.09302325581395349,43,0.2778920826579818
3154457,0.3709153384719353,0.2696629213483146,89,0.10125241712362071
3116506,0.3709153384719353,0.3125,64,0.05841533847193531
3113107,0.3709153384719353,0.16666666666666666,12,0.20424867180526865
3145109,0.3709153384719353,0.13218390804597702,174,0.2387314304259583
3109006,0.3709153384719353,0.12436548223350254,394,0.24654985623843279
3114600,0.3709153384719353,0.10204081632653061,49,0.2688745221454047
3111002,0.3709153384719353,0.18032786885245902,183,0.19058746961947629
3111200,0.3709153384719353,0.14432989690721648,388,0.22658544156471883
3139102,0.3709153384719353,0.288135593220339,59,0.08277974525159632
3144409,0.3709153384719353,0.13953488372093023,43,0.23138045475100508
3140159,0.3709153384719353,0.26174496644295303,149,0.10917037202898228
3108107,0.3709153384719353,0.12903225806451613,62,0.24188308040741918
3101409,0.3709153384719353,0.07317073170731707,41,0.2977446067646182
3134608,0.3709153384719353,0.2436548223350254,197,0.12726051613690992
3104908,0.3709153384719353,0.21666666666666667,120,0.15424867180526863
3141801,0.3709153384719353,0.20588235294117646,238,0.16503298553075885
3158953,0.3709153384719353,0.29878048780487804,328,0.07213485066705727
3119955,0.3709153384719353,0.038461538461538464,52,0.3324538000103968
3139706,0.3709153384719353,0.21428571428571427,70,0.15662962418622103
3157203,0.3709153384719353,0.33440514469453375,311,0.036510193777401556
3151008,0.37091533847193525,0.1485148514851485,101,0.22240048698678674
3118908,0.37091533847193525,0.20454545454545456,44,0.1663698839264807
3116308,0.37088243834736184,0.19148936170212766,47,0.17939307664523418
4309506,0.37074825002887274,0.2542372881355932,59,0.11651096189327953
4309803,0.3706760511161656,0.4,35,-0.02932394888383444
1713601,0.3705930276816349,0.796875,64,-0.4262819723183651
1718402,0.3705930276816349,0.4222222222222222,45,-0.05162919454058734
3126307,0.3704055310765628,0.37142857142857144,35,-0.0010230403520086195
4322202,0.3702256071679532,0.5649717514124294,177,-0.19474614424447617
3159803,0.36896704547431974,0.36904761904761907,252,-8.057357329932513e-05
4302303,0.3680118333446125,0.5859375,128,-0.21792566665538748
3141009,0.36764004111466925,0.2814814814814815,135,0.08615855963318775
4217808,0.36700223279675515,0.2840909090909091,176,0.08291132370584603
3135308,0.3669407796968609,0.18867924528301888,53,0.17826153441384202
4308508,0.3665180739641119,0.35714285714285715,294,0.00937521682125475
5204656,0.36629559779304016,0.18181818181818182,44,0.18447741597485834
3137205,0.36595651875425,0.17588932806324112,506,0.19006719069100889
3148004,0.36579540177641484,0.196875,1280,0.16892040177641485
2601805,0.36553290177159686,0.22826086956521738,92,0.13727203220637949
3114303,0.3650429267186515,0.13333333333333333,285,0.23170959338531819
4106902,0.3648239156515103,0.3382341561556914,12923,0.026589759495818877
4100509,0.36482391565151023,0.21397379912663755,229,0.15085011652487268
4317202,0.3647803159947344,0.4859154929577465,710,-0.12113517696301207
3536802,0.364473053558654,0.5121951219512195,41,-0.14772206839256552
3124302,0.3639187814172219,0.27666666666666667,300,0.08725211475055522
4108601,0.36369825961565816,0.35877862595419846,262,0.004919633661459699
4104006,0.36369825961565816,0.32951289398280803,698,0.03418536563285013
4308102,0.36363905627475585,0.5419847328244275,131,-0.17834567654967165
3162708,0.3635423985049886,0.1267605633802817,213,0.2367818351247069
3113206,0.362877094014599,0.17703349282296652,209,0.18584360119163248
3103009,0.3623640608697094,0.15625,64,0.2061140608697094
4200507,0.3620992052060669,0.3333333333333333,87,0.028765871872733606
4110052,0.36169932739125477,0.5652173913043478,23,-0.20351806391309302
3107307,0.3616760201234021,0.2178988326848249,514,0.1437771874385772
4200903,0.361414134186096,0.275,40,0.086414134186096
4212205,0.3614025224571928,0.3220338983050847,177,0.03936862415210807
5206701,0.3610686223955477,0.17543859649122806,57,0.18563002590431965
5200902,0.3610686223955477,0.1935483870967742,31,0.16752023529877352
5208103,0.3610686223955477,0.13333333333333333,45,0.22773528906221438
3115102,0.36083474240026164,0.2235294117647059,170,0.13730533063555575
3118809,0.3605847507906294,0.2074468085106383,188,0.1531379422799911
2606101,0.3603106217692207,0.3350253807106599,197,0.02528524105856078
3510005,0.3601330834814732,0.3208955223880597,268,0.03923756109341353
2310001,0.36012991716094334,0.2540983606557377,122,0.10603155650520563
2207405,0.36012991716094334,0.2777777777777778,36,0.08235213938316555
4303400,0.35990960444894504,0.5,20,-0.14009039555105496
4317400,0.35961181897118966,0.4005102040816326,392,-0.04089838511044297
4314704,0.3589164741006624,0.4387755102040816,98,-0.07985903610341921
3504107,0.35880471926757157,0.3464938126104891,1697,0.012310906657082454
3205036,0.3585937826957938,0.28125,224,0.07734378269579378
1508050,0.3585937826957938,0.3744493392070485,227,-0.015855556511254698
1507979,0.3585937826957938,0.33865814696485624,313,0.01993563573093754
4311239,0.3585937826957938,0.45454545454545453,11,-0.09595167184966075
3517109,0.3585937826957938,0.13157894736842105,38,0.22701483532737274
1101708,0.3585937826957938,0.3904109589041096,146,-0.03181717620831581
3504404,0.3585937826957938,0.2288135593220339,118,0.12978022337375988
3200607,0.3585937826957938,0.25663716814159293,1243,0.10195661455420085
3543238,0.35859378269579373,0.08333333333333333,12,0.2752604493624604
4121604,0.3584873808800587,0.17073170731707318,82,0.18775567356298553
4127957,0.3584873808800587,0.20618556701030927,97,0.15230181386974945
4211876,0.35833850800467326,0.45454545454545453,22,-0.09620694654078127
4205704,0.35833850800467326,0.24561403508771928,342,0.11272447291695398
3134806,0.35833249530055145,0.15476190476190477,84,0.20357059053864668
3104304,0.35833249530055145,0.11688311688311688,154,0.24144937841743458
3117108,0.3583324953005514,0.21649484536082475,97,0.14183764993972664
4300638,0.35774517962493474,0.43902439024390244,41,-0.0812792106189677
5106315,0.35766968305105884,0.4166666666666667,36,-0.058996983615607845
4315701,0.3574828872206818,0.38801261829652994,317,-0.030529731075848165
3108602,0.35723127365533436,0.2332155477031802,283,0.12401572595215415
2608701,0.3569148319391589,0.13592233009708737,103,0.22099250184207153
2601508,0.35691483193915885,0.2032520325203252,123,0.15366279941883365
2924504,0.3567348806524954,0.6166666666666667,120,-0.2599317860141713
2111607,0.3567348806524954,0.15354330708661418,254,0.20319157356588124
5107404,0.3558072503390148,0.23880597014925373,67,0.11700128018976105
2507101,0.35579861293880566,0.16783216783216784,143,0.18796644510663782
4323358,0.3552051887193918,0.47058823529411764,17,-0.11538304657472587
4309605,0.3552051887193918,0.42245989304812837,187,-0.06725470432873659
3507308,0.3552051887193918,0.3333333333333333,66,0.02187185538605846
3519402,0.3552051887193918,0.37606837606837606,117,-0.02086318734898429
4305447,0.3552051887193918,0.3170731707317073,41,0.03813201798768445
3506508,0.3552051887193918,0.21793635486981677,1037,0.137268833849575
4119954,0.3550992357157921,0.3917525773195876,388,-0.03665334160379552
5107248,0.3550983319618927,0.06315789473684211,95,0.2919404372250506
5205901,0.3550983319618927,0.1782178217821782,101,0.1768805101797145
5218102,0.3550983319618927,0.23880597014925373,67,0.116292361812639
5106257,0.3550983319618927,0.5510204081632653,245,-0.19592207620137253
5202809,0.35509833196189267,0.0,26,0.35509833196189267
3155900,0.35494500405087465,0.38235294117647056,34,-0.027407937125595916
3161650,0.35494500405087465,0.23684210526315788,38,0.11810289878771676
3164308,0.35494500405087465,0.225,40,0.12994500405087464
3149903,0.35494500405087465,0.20833333333333334,168,0.1466116707175413
3155306,0.3549450040508746,0.02040816326530612,49,0.33453684078556845
3154101,0.3547078954615146,0.39473684210526316,76,-0.040028946643748564
1100122,0.3546492676673377,0.336934503713707,1481,0.017714763953630697
4309753,0.3546418548191337,0.5121951219512195,41,-0.15755326713208584
2600302,0.3543459139003345,0.36086956521739133,230,-0.006523651317056844
2602506,0.3543459139003345,0.20952380952380953,105,0.14482210437652496
2107001,0.3541665445127271,0.4473684210526316,114,-0.09320187653990447
2413607,0.3534961358376449,0.5205479452054794,73,-0.16705180936783454
4120903,0.3533341262814745,0.3788546255506608,454,-0.025520499269186314
4319901,0.3532526965111863,0.5532687651331719,826,-0.20001606862198562
4212908,0.3531730137206224,0.24897959183673468,245,0.1041934218838877
3203007,0.3531481519891445,0.3,370,0.05314815198914452
2505006,0.35311866852253715,0.023255813953488372,86,0.3298628545690488
3202405,0.35264182823940937,0.23486360612109114,1503,0.11777822211831823
3509403,0.35264182823940937,0.44954128440366975,218,-0.09689945616426038
4302220,0.3526418282394093,0.3333333333333333,18,0.019308494906076
3548104,0.3526418282394093,0.2753623188405797,69,0.0772795093988296
3539707,0.3526418282394093,0.15384615384615385,39,0.19879567439325546
3540309,0.3526418282394093,0.2608695652173913,23,0.09177226302201802
3514304,0.3526418282394093,0.27848101265822783,79,0.07416081558118148
3528700,0.3526418282394093,0.5172413793103449,29,-0.16459955107093555
4319737,0.3526418282394093,0.5384615384615384,13,-0.18581971022212912
3527900,0.3526418282394093,0.22727272727272727,22,0.12536910096668205
3500758,0.3526418282394093,0.3709677419354839,62,-0.01832591369607456
4302238,0.3526418282394093,0.7391304347826086,23,-0.38648860654319933
3305158,0.3526418282394093,0.23412698412698413,252,0.11851484411242519
4313441,0.3526418282394093,0.5263157894736842,19,-0.17367396123427487
3148608,0.3526394388729259,0.2545454545454545,110,0.0980939843274714
4117701,0.3525362218045644,0.33589743589743587,390,0.016638785907128528
4127908,0.3525362218045644,0.3176470588235294,85,0.034889162981035005
4106704,0.3525362218045644,0.2857142857142857,49,0.0668219360902787
4128708,0.3525362218045644,0.30434782608695654,115,0.04818839571760786
4121208,0.3525362218045644,0.24180327868852458,244,0.11073294311603982
3154309,0.35238249507395036,0.37209302325581395,129,-0.019710528181863585
3115706,0.35238249507395036,0.2727272727272727,55,0.07965522234667766
3127800,0.35238249507395036,0.13846153846153847,130,0.2139209566124119
3164605,0.35238249507395036,0.23076923076923078,130,0.12161326430471958
3145703,0.35238249507395036,0.16666666666666666,18,0.1857158284072837
3118700,0.35238249507395036,0.17567567567567569,74,0.17670681939827468
4320107,0.35215774867112354,0.5,214,-0.14784225132887646
1715150,0.3520672758151783,0.2916666666666667,24,0.06040060914851164
4214300,0.35206352523284073,0.18421052631578946,38,0.16785299891705127
4315107,0.3516004168507057,0.42857142857142855,70,-0.07697101172072285
2308708,0.3514921857580203,0.23885918003565063,561,0.1126330057223697
4306973,0.35139324205731587,0.5517241379310345,29,-0.2003308958737186
4210605,0.3512540649217324,0.23394495412844038,218,0.11730911079329201
4208906,0.3507936669817525,0.274251497005988,1670,0.07654216997576452
2509008,0.3505790111815809,0.3894736842105263,95,-0.03889467302894539
4218103,0.35031055609011613,0.2,65,0.15031055609011612
4219606,0.35031055609011613,0.2,30,0.15031055609011612
4216909,0.35031055609011613,0.2847682119205298,302,0.06554234416958632
4305132,0.349972743822319,0.3333333333333333,12,0.016639410488985706
1101559,0.349972743822319,0.33962264150943394,53,0.010350102312885079
3203130,0.349972743822319,0.224,125,0.12597274382231902
3543105,0.349972743822319,0.2542372881355932,59,0.09573545568672581
3525508,0.349972743822319,0.417910447761194,134,-0.067937703938875
4313953,0.34996282392316597,0.6893203883495146,103,-0.3393575644263486
4110078,0.3498675047100134,0.3005464480874317,183,0.04932105662258168
4100905,0.3498675047100133,0.23376623376623376,77,0.11610127094377956
4125902,0.3498675047100133,0.25,16,0.09986750471001332
4107546,0.3498675047100133,0.1794871794871795,78,0.17038032522283383
3133709,0.34984484615291234,0.19753086419753085,162,0.15231398195538148
3125200,0.3497143131394612,0.13043478260869565,23,0.21927953053076557
3150406,0.3497143131394612,0.15384615384615385,52,0.19586815929330736
3157906,0.3497143131394612,0.4,170,-0.0502856868605388
3109501,0.3494276120584213,0.1368421052631579,95,0.21258550679526342
4207908,0.3493636024296042,0.20155038759689922,129,0.14781321483270496
4218400,0.3493636024296042,0.37777777777777777,90,-0.028414175348173587
2516706,0.3486733642179114,0.17886178861788618,123,0.16981157560002522
2513000,0.3486733642179114,0.15789473684210525,38,0.19077862737580614
4313060,0.3483576540994946,0.5450819672131147,244,-0.19672431311362015
4311601,0.3480641987808899,0.38235294117647056,34,-0.03428874239558066
5100607,0.34794283935511566,0.30246913580246915,162,0.045473703552646516
5205802,0.34794283935511566,0.20618556701030927,97,0.1417572723448064
5201108,0.34794283935511566,0.2676056338028169,3479,0.08033720555229878
5204557,0.34794283935511566,0.391304347826087,46,-0.04336150847097131
5204250,0.34794283935511566,0.20618556701030927,97,0.1417572723448064
5219209,0.34794283935511566,0.14285714285714285,42,0.2050856964979728
5214606,0.34794283935511566,0.19877675840978593,327,0.14916608094532974
5209291,0.34794283935511566,0.047619047619047616,21,0.30032379173606805
5220405,0.34794283935511566,0.17972350230414746,217,0.1682193370509682
5221502,0.34794283935511566,0.19298245614035087,57,0.1549603832147648
2106607,0.34705637161154046,0.6579925650557621,269,-0.31093619344422163
2105450,0.34705637161154046,0.31521739130434784,92,0.03183898030719262
2104701,0.34705637161154046,0.25,72,0.09705637161154046
2301703,0.34705637161154046,0.26066350710900477,211,0.0863928645025357
2100709,0.34705637161154046,0.5886524822695035,141,-0.24159611065796305
2304954,0.34705637161154046,0.20164609053497942,243,0.14541028107656104
2100105,0.34705637161154046,0.06896551724137931,58,0.2780908543701611
4312450,0.34695929183579516,0.5081967213114754,61,-0.16123742947568026
4217907,0.3463717999231654,0.23255813953488372,86,0.1138136603882817
1301951,0.34637159051683836,0.175,120,0.17137159051683837
4216305,0.3459051778890021,0.30324909747292417,277,0.042656080416077935
3204708,0.34580425654214864,0.1893491124260355,338,0.15645514411611314
1505908,0.34580425654214864,0.1883720930232558,430,0.15743216351889283
1100502,0.34580425654214864,0.29411764705882354,102,0.0516866094833251
4323101,0.34580425654214864,0.2972972972972973,37,0.04850695924485132
3201407,0.34580425654214864,0.1716171617161716,303,0.17418709482597702
1101203,0.34580425654214864,0.3048780487804878,82,0.04092620776166084
3203056,0.34580425654214864,0.19212962962962962,432,0.153674626912519
4317558,0.34580425654214864,0.6538461538461539,26,-0.3080418973040052
1100155,0.34580425654214864,0.3342541436464088,362,0.011550112895739817
3514924,0.34580425654214864,0.15151515151515152,33,0.19428910502699712
3503604,0.34580425654214864,0.25190839694656486,131,0.09389585959558377
4300570,0.34580425654214864,0.41935483870967744,31,-0.0735505821675288
3546801,0.34580425654214864,0.3241106719367589,506,0.021693584605389726
1101401,0.34580425654214864,0.29069767441860467,172,0.05510658212354397
3503406,0.34580425654214864,0.20930232558139536,86,0.13650193096075328
4114906,0.34569960428548213,0.14814814814814814,108,0.197551456137334
4114401,0.34569960428548213,0.3313253012048193,166,0.014374303080662842
4109708,0.34569960428548213,0.2857142857142857,336,0.05998531857119643
4102604,0.34569960428548213,0.256,125,0.08969960428548213
4103057,0.34569960428548213,0.4666666666666667,90,-0.12096706238118454
4113304,0.34569960428548213,0.3112745098039216,408,0.03442509448156056
4109757,0.34569960428548213,0.29545454545454547,88,0.05024505883093666
4108908,0.34569960428548213,0.17857142857142858,84,0.16712817571405356
4109203,0.34569960428548213,0.25,44,0.09569960428548213
4113502,0.34569960428548213,0.2626728110599078,217,0.08302679322557432
4113007,0.34569960428548213,0.33766233766233766,77,0.008037266623144468
4121703,0.34569960428548213,0.1893687707641196,301,0.15633083352136254
4104055,0.34569960428548213,0.2127659574468085,47,0.13293364683867362
2608909,0.3456323058551129,0.32891246684350134,377,0.01671983901161156
2608602,0.3456323058551129,0.14432989690721648,97,0.20130240894789642
2609006,0.34563230585511284,0.17757009345794392,214,0.16806221239716893
2606903,0.34563230585511284,0.1643835616438356,73,0.18124874421127724
2607307,0.34563230585511284,0.29476584022038566,363,0.05086646563472719
3170438,0.3455472676941475,0.2727272727272727,33,0.0728199949668748
3163003,0.3455472676941475,0.46153846153846156,26,-0.11599119384431406
3148202,0.3455472676941475,0.18518518518518517,54,0.16036208250896233
3119708,0.3455472676941475,0.0784313725490196,51,0.2671158951451279
3120409,0.3455472676941475,0.1016949152542373,59,0.2438523524399102
3101631,0.3455472676941475,0.21739130434782608,92,0.12815596334632143
3108800,0.3455472676941475,0.3870967741935484,31,-0.04154950649940087
3150505,0.3455472676941475,0.056338028169014086,71,0.28920923952513344
3152170,0.3455472676941475,0.32222222222222224,90,0.023325045471925265
3130408,0.3455472676941475,0.17307692307692307,52,0.17247034461722444
3145000,0.3455472676941475,0.21052631578947367,171,0.13502095190467384
3137700,0.34554726769414745,0.3014354066985646,209,0.04411186099558284
4312252,0.3454070724960361,0.43529411764705883,85,-0.08988704515102275
4202156,0.3451985175599477,0.2,35,0.14519851755994767
4203907,0.3451985175599477,0.3003533568904594,283,0.04484516066948829
4211801,0.3451985175599477,0.1694915254237288,59,0.17570699213621888
4200051,0.3451985175599477,0.23076923076923078,39,0.1144292867907169
4208401,0.3451626204196581,0.1774891774891775,231,0.16767344293048062
4201802,0.34484176534218547,0.2682926829268293,41,0.07654908241535618
3102100,0.34483556357614475,0.14444444444444443,90,0.20039111913170032
1600238,0.3447530653513287,0.26666666666666666,150,0.07808639868466205
4210100,0.3438988226578714,0.25757575757575757,528,0.08632306508211385
3155603,0.34381634826576435,0.13059701492537312,268,0.21321933334039123
5217302,0.3435874047097698,0.35517241379310344,290,-0.011585009083333653
3139201,0.34258609854593164,0.24064171122994651,187,0.10194438731598512
3145307,0.3417067706420968,0.22145328719723184,289,0.12025348344486497
5004601,0.3414258737440808,0.2057142857142857,350,0.13571158802979508
5204300,0.34086074388478266,0.0847457627118644,118,0.25611498117291825
5204102,0.34086074388478266,0.21705426356589147,129,0.12380648031889119
4200804,0.3404308114471108,0.19696969696969696,66,0.14346111447741383
4204301,0.340377056968917,0.28210526315789475,950,0.058271793811022266
5217708,0.340132304443922,0.1402439024390244,164,0.1998884020048976
3111705,0.33949921268764954,0.14285714285714285,56,0.1966420698305067
5106158,0.33934280862344873,0.21465968586387435,191,0.12468312275957438
5106240,0.33934280862344873,0.41784037558685444,213,-0.07849756696340571
5107305,0.3393428086234487,0.3991228070175439,228,-0.0597799983940952
4319125,0.33874205931908596,0.6451612903225806,31,-0.30641923100349466
2509404,0.3381566027457789,0.3939393939393939,99,-0.05578279119361501
2506509,0.3381566027457789,0.0,29,0.3381566027457789
3116001,0.3380741437654497,0.3392857142857143,56,-0.0012115705202646043
3511300,0.3380345859257317,0.45454545454545453,143,-0.11651086861972282
3515301,0.3380345859257317,0.10714285714285714,28,0.23089172878287456
3531506,0.3380345859257317,0.448,125,-0.1099654140742683
4119608,0.3379310704161273,0.26571428571428574,350,0.07221678470184156
4107108,0.3379310704161273,0.21428571428571427,56,0.12364535613041303
4104600,0.3379310704161273,0.21674876847290642,203,0.12118230194322088
4119400,0.3379310704161273,0.25384615384615383,260,0.08408491656997347
3527108,0.3379032485120538,0.18541996830427893,631,0.15248328020777485
2614600,0.3378645033835949,0.3087248322147651,298,0.029139671168829817
3135357,0.3378158011529318,0.28169014084507044,71,0.05612566030786137
3159704,0.33778038985554343,0.16666666666666666,48,0.17111372318887677
4203105,0.3377005237832211,0.46875,64,-0.13104947621677893
4215802,0.337467225116218,0.201765447667087,793,0.135701777449131
4210035,0.3374354368740744,0.2033898305084746,59,0.1340456063655998
3157005,0.3371953116475751,0.22959183673469388,392,0.10760347491288122
2202703,0.33656317998578245,0.16037735849056603,318,0.17618582149521642
4314035,0.3350811286206771,0.4583333333333333,48,-0.12325220471265619
4108304,0.3349780598673282,0.27691309987029833,3084,0.058064959997029875
4302253,0.334778567356621,0.25,24,0.08477856735662098
1501725,0.3347785673566209,0.12560386473429952,207,0.2091747026223214
3203320,0.3347785673566209,0.3028169014084507,568,0.03196166594817024
4301800,0.3347785673566209,0.4418604651162791,43,-0.10708189775965815
4306007,0.3347785673566209,0.43103448275862066,116,-0.09625591540199974
3554201,0.3347785673566209,0.40625,64,-0.07147143264337907
4311908,0.3347785673566209,0.22580645161290322,31,0.1089721157437177
3519808,0.3347785673566209,0.18,50,0.15477856735662093
5001243,0.3347752376097491,0.26618705035971224,139,0.06858818725003685
2511509,0.33469211630481854,0.6162790697674418,86,-0.2815869534626233
4109906,0.33467554482602113,0.47619047619047616,105,-0.14151493136445503
4104428,0.3346755448260211,0.35185185185185186,216,-0.017176307025830784
4114807,0.3346755448260211,0.2686868686868687,495,0.06598867613915238
4126207,0.3346755448260211,0.16853932584269662,89,0.16613621898332445
4109807,0.3346755448260211,0.34321372854914195,641,-0.008538183723120873
4104204,0.3346755448260211,0.30583756345177665,1576,0.028837981374244426
4105706,0.3346755448260211,0.25125628140703515,199,0.08341926341898592
4124020,0.334675544826021,0.2222222222222222,225,0.11245332260379881
3167806,0.33452558241647473,0.1111111111111111,63,0.22341447130536363
3152709,0.33452558241647473,0.06896551724137931,58,0.26556006517509545
5207535,0.3344402622229062,0.29411764705882354,51,0.04032261516408264
4219200,0.33418227597394895,0.16176470588235295,68,0.172417570091596
4202578,0.33418227597394895,0.041666666666666664,24,0.29251560930728226
5200852,0.3334941060667123,0.21153846153846154,52,0.12195564452825078
5204706,0.3334941060667123,0.18055555555555555,144,0.15293855051115676
5213509,0.3334941060667123,0.1875,64,0.14599410606671231
2209500,0.3331068021251332,0.14634146341463414,41,0.18676533871049908
2100204,0.3331068021251332,0.2909090909090909,110,0.04219771121604232
4308904,0.33216616602145294,0.4074074074074074,162,-0.07524124138595445
4317707,0.33170541902908834,0.4536082474226804,97,-0.12190282839359207
4211256,0.331534138092077,0.2631578947368421,38,0.0683762433552349
3531407,0.3313313638398429,0.3181818181818182,154,0.01314954565802473
4307559,0.3313313638398429,0.5441176470588235,68,-0.21278628321898058
3550001,0.3313313638398429,0.4090909090909091,88,-0.07775954525106621
4122404,0.33122887392259415,0.2800925925925926,864,0.05113628133000153
4125704,0.33122887392259415,0.218562874251497,334,0.11266599967109714
4115606,0.33122887392259415,0.29098360655737704,244,0.04024526736521711
4112405,0.33122887392259415,0.18888888888888888,90,0.14233998503370526
4110201,0.33122887392259415,0.29931972789115646,147,0.031909146031437685
2701001,0.331208170204245,0.11764705882352941,238,0.21356111138071557
3105301,0.3310796873837976,0.05555555555555555,72,0.2755241318282421
3110004,0.3310796873837976,0.28695652173913044,345,0.04412316564466717
3171154,0.3310796873837976,0.18181818181818182,44,0.1492615055656158
3117900,0.3310796873837976,0.1623931623931624,117,0.16868652499063522
5222302,0.3309139909204251,0.2,65,0.1309139909204251
5208400,0.3309139909204251,0.3163841807909605,177,0.014529810129464638
2301505,0.3309009145015152,0.24,50,0.09090091450151522
5100300,0.3306108333358989,0.22875816993464052,153,0.1018526634012584
4200309,0.3304817340975501,0.2830188679245283,53,0.04746286617302181
2108009,0.3299598073098102,0.35807860262008734,229,-0.02811879531027711
2208551,0.3299598073098102,0.35714285714285715,42,-0.027183049833046924
2205003,0.3299598073098102,0.2619047619047619,84,0.06805504540504831
2205276,0.3299598073098102,0.04878048780487805,41,0.2811793195049322
2109056,0.3299598073098102,0.6458333333333334,48,-0.31587352602352314
4301404,0.3298811910537328,0.2375,80,0.09238119105373283
4201208,0.32942766220995306,0.2647058823529412,170,0.06472177985701189
2304400,0.3291952383358128,0.2500846405597562,17722,0.07911059777605661
3540606,0.3291314309131711,0.29865125240847784,519,0.030480178504693256
4110300,0.32902928664474473,0.30303030303030304,33,0.025998983614441695
4104709,0.32902928664474473,0.3333333333333333,156,-0.004304046688588581
4123907,0.32902928664474473,0.16494845360824742,97,0.16408083303649731
3128303,0.3288806036114144,0.3523809523809524,210,-0.023500348769537993
3105905,0.32888060361141436,0.16883116883116883,154,0.16004943478024553
2615300,0.3285705919659168,0.2254335260115607,346,0.10313706595435612
2610301,0.3285705919659168,0.3333333333333333,138,-0.004762741367416501
2605608,0.3285705919659168,0.31724137931034485,145,0.011329212655571963
4204459,0.3285402302808981,0.0967741935483871,31,0.23176603673251103
4215695,0.3285402302808981,0.18181818181818182,22,0.1467220484627163
4302352,0.3284249346897879,0.49707602339181284,171,-0.16865108870202494
3548401,0.3281928878047317,0.22580645161290322,62,0.1023864361918285
3527256,0.3281928878047317,0.2777777777777778,18,0.050415110026953924
3202306,0.3281928878047317,0.23255813953488372,344,0.095634748269848
3543204,0.3281928878047317,0.41304347826086957,46,-0.08485059045613785
4314464,0.3281928878047317,0.6470588235294118,17,-0.3188659357246801
3501509,0.3281928878047317,0.08333333333333333,48,0.2448595544713984
3540903,0.3281928878047317,0.3717277486910995,191,-0.043534860886367766
4305959,0.3281928878047317,0.5588235294117647,34,-0.230630641607033
3517901,0.3281928878047317,0.26732673267326734,101,0.06086615513146437
4320354,0.3281928878047317,0.7666666666666667,30,-0.438473778861935
3523701,0.3281928878047317,0.1875,48,0.14069288780473171
4323705,0.3281928878047317,0.0,10,0.3281928878047317
4117800,0.32809089236064193,0.3053435114503817,131,0.02274738091026024
4126678,0.32809089236064193,0.328125,128,-3.410763935807193e-05
4119202,0.32809089236064193,0.22727272727272727,88,0.10081816508791466
4104907,0.32809089236064193,0.25361512791991103,899,0.0744757644407309
4106605,0.32809089236064193,0.26556016597510373,241,0.0625307263855382
4116901,0.32809089236064193,0.25217391304347825,230,0.07591697931716368
4128534,0.32809089236064193,0.23076923076923078,130,0.09732166159141115
4128807,0.32809089236064193,0.44594594594594594,74,-0.11785505358530401
4115457,0.32809089236064193,0.1780821917808219,73,0.15000870057982002
3201605,0.32809005759443227,0.3207070707070707,396,0.007382986887361553
3162658,0.32794242611697993,0.13636363636363635,22,0.19157878975334358
3145851,0.32794242611697993,0.175,40,0.15294242611697995
3103900,0.32794242611697993,0.0967741935483871,93,0.23116823256859284
3119906,0.32794242611697993,0.0,51,0.32794242611697993
3127602,0.32794242611697993,0.08955223880597014,134,0.2383901873110098
3105004,0.32794242611697993,0.1,50,0.22794242611697993
4113700,0.32777728012908547,0.2643485546711353,4774,0.06342872545795014
4204400,0.32760254977975173,0.13725490196078433,102,0.1903476478189674
4208609,0.32760254977975173,0.225,40,0.10260254977975172
4316600,0.3272337114327022,0.4625,160,-0.13526628856729783
3151404,0.32689193113077136,0.21189591078066913,269,0.11499602035010223
3201506,0.32683216852812824,0.21672661870503598,1112,0.11010554982309226
2307205,0.32665150792199843,0.22580645161290322,93,0.10084505630909521
2110609,0.32665150792199843,0.3177570093457944,321,0.008894498576204057
4308607,0.3262306383794311,0.4158415841584158,303,-0.08961094577898471
4310207,0.32622174505031937,0.43546284224250326,767,-0.10924109719218389
4311403,0.32618982195057344,0.5177111716621253,734,-0.19152134971155188
4314779,0.3254703388665509,0.5,22,-0.1745296611334491
2603405,0.3252694596683355,0.13253012048192772,83,0.19273933918640776
2614402,0.3252694596683355,0.05714285714285714,70,0.2681266025254783
3547601,0.32489371405246625,0.24623115577889448,199,0.07866255827357177
3204955,0.3248937140524662,0.10679611650485436,103,0.21809759754761182
3204807,0.3248937140524662,0.37623762376237624,101,-0.05134390970991004
3204351,0.3248937140524662,0.17012448132780084,241,0.15476923272466536
3205150,0.3248937140524662,0.3870967741935484,62,-0.06220306014108218
3539608,0.3248937140524662,0.16,50,0.1648937140524662
3200706,0.3248937140524662,0.22123893805309736,113,0.10365477599936884
3512407,0.3248937140524662,0.30246913580246915,324,0.02242457824999705
3556354,0.3248937140524662,0.3372093023255814,86,-0.012315588273115186
3200300,0.3248937140524662,0.12745098039215685,102,0.19744273366030934
4121802,0.3247922482233762,0.13986013986013987,143,0.18493210836323634
4109401,0.3247922482233762,0.3294219904389396,2301,-0.004629742215563393
4100707,0.3247922482233762,0.352,125,-0.027207751776623768
4125357,0.3247922482233762,0.09859154929577464,71,0.22620069892760158
4120002,0.3247922482233762,0.12643678160919541,87,0.1983554666141808
4125753,0.3247922482233762,0.19117647058823528,68,0.13361577763514093
4103370,0.3247922482233762,0.2222222222222222,36,0.102570026001154
4106308,0.3247922482233762,0.14847161572052403,229,0.17632063250285218
3113909,0.3246445534495325,0.21212121212121213,132,0.1125233413283204
3133758,0.3246445534495325,0.10483870967741936,124,0.21980584377211315
4218954,0.3245603817269118,0.6511627906976745,43,-0.32660240897076265
4207577,0.32430644567017436,0.030303030303030304,33,0.294003415367144
4218509,0.32430644567017436,0.2753623188405797,138,0.04894412682959465
4207809,0.3241227933883602,0.34146341463414637,123,-0.01734062124578617
3202702,0.3231368537234077,0.1267605633802817,142,0.19637629034312604
4217253,0.32197756722592524,0.3870967741935484,62,-0.06511920696762313
4215307,0.321345636953684,0.3181818181818182,110,0.003163818771865834
3202553,0.3213353266296469,0.18023255813953487,172,0.14110276849011205
4203808,0.32074528319566487,0.21891418563922943,571,0.10183109755643543
2512903,0.31841878898845244,0.5281385281385281,231,-0.2097197391500757
3102902,0.31797471670408145,0.2857142857142857,91,0.03226043098979575
3151305,0.3179296876867543,0.14049586776859505,121,0.17743381991815924
3168507,0.3173322640427427,0.2840909090909091,88,0.03324135495183356
2504850,0.317025456187743,0.06666666666666667,15,0.2503587895210764
4218756,0.3163136865253394,0.22,50,0.09631368652533942
2702009,0.31578383848038577,0.2268041237113402,97,0.08897971476904556
2919405,0.3154841418307621,0.34523809523809523,84,-0.02975395340733311
2308401,0.3154841418307621,0.17676767676767677,396,0.13871646506308535
2111409,0.3154841418307621,0.30303030303030304,132,0.012453838800459083
2202604,0.3154841418307621,0.17365269461077845,167,0.14183144721998367
4317806,0.31534890455296793,0.35374149659863946,147,-0.038392592045671525
2516607,0.314829761898625,0.3246753246753247,77,-0.009845562776699679
2610509,0.3141273000076707,0.23880597014925373,201,0.07532132985841697
3539202,0.3140265792184501,0.30434782608695654,230,0.009678753131493578
1100148,0.3140265792184501,0.24583333333333332,240,0.0681932458851168
4320552,0.3140265792184501,0.5384615384615384,13,-0.22443495924308832
3527504,0.3140265792184501,0.25,28,0.06402657921845012
3553658,0.3140265792184501,0.7272727272727273,11,-0.4132461480542772
4305124,0.3140265792184501,0.6097560975609756,41,-0.2957295183425255
4300505,0.3140265792184501,0.32786885245901637,61,-0.01384227324056625
4316733,0.3140265792184501,0.5909090909090909,22,-0.2768825116906408
4118006,0.3139269290903225,0.31125827814569534,151,0.002668650944627149
4104659,0.3139269290903225,0.30254777070063693,314,0.011379158389685562
4128203,0.3139269290903225,0.26383763837638374,542,0.05008929071393875
4103040,0.3139269290903225,0.40625,64,-0.09232307090967751
4103024,0.3139269290903225,0.07142857142857142,28,0.24249835766175107
1300102,0.3138757753974133,0.24548736462093862,277,0.06838841077647467
3116407,0.31378187906131766,0.14705882352941177,68,0.1667230555319059
3127388,0.31378187906131766,0.1935483870967742,31,0.12023349196454347
3104601,0.31378187906131766,0.11382113821138211,123,0.19996074084993554
3122504,0.31378187906131766,0.2608695652173913,46,0.05291231384392636
3103603,0.31378187906131766,0.42857142857142855,28,-0.11478954951011089
3163805,0.31378187906131766,0.22058823529411764,68,0.09319364376720002
3142809,0.3137818790613176,0.43119266055045874,218,-0.11741078148914114
4302105,0.3135338715448499,0.5101449275362319,1035,-0.19661105599138196
5006275,0.313463269230182,0.21481481481481482,135,0.09864845441536715
4209805,0.3134498337116638,0.375,24,-0.061550166288336206
2308302,0.3132942257177283,0.20703125,256,0.1062629757177283
2303907,0.3132942257177283,0.08496732026143791,153,0.2283269054562904
2300408,0.3132942257177283,0.24025974025974026,154,0.07303448545798805
3115508,0.312122235568515,0.25625,160,0.055872235568515005
5220157,0.3120309598677844,0.140625,64,0.1714059598677844
5216007,0.3120309598677844,0.15625,32,0.1557809598677844
5221700,0.3120309598677844,0.022727272727272728,132,0.2893036871405117
5213087,0.3120309598677844,0.18545454545454546,275,0.12657641441323894
4216404,0.3119844474602737,0.21739130434782608,115,0.09459314311244763
3305133,0.3118421714662394,0.19444444444444445,36,0.11739772702179493
4305207,0.3118420923745534,0.5132743362831859,113,-0.20143224390863246
4114609,0.31174289949940825,0.23520485584218512,659,0.07653804365722314
3131406,0.3115984002778979,0.23684210526315788,38,0.07475629501474004
3123528,0.3113614378752415,0.28169014084507044,71,0.029671297030171073
4320263,0.3105064792061817,0.23529411764705882,51,0.07521236155912286
4317608,0.3103396337261327,0.41946308724832215,298,-0.10912345352218944
3147956,0.30999397092445125,0.15,60,0.15999397092445125
5200308,0.30963194536066296,0.24181360201511334,397,0.06781834334554962
5202601,0.30963194536066296,0.0625,32,0.24713194536066296
5203500,0.30963194536066296,0.18450184501845018,271,0.12513010034221278
5218300,0.30963194536066296,0.19395465994962216,397,0.1156772854110408
5206602,0.30963194536066296,0.2727272727272727,33,0.036904672633390256
5209937,0.30963194536066296,0.13043478260869565,69,0.17919716275196731
2511103,0.3095355603682751,0.16417910447761194,67,0.14535645589066318
2512408,0.3095355603682751,0.3761904761904762,210,-0.06665491582220107
4316105,0.3092585030314899,0.47435897435897434,78,-0.16510047132748445
1303205,0.30861385111156703,0.41295546558704455,247,-0.10434161447547752
5107156,0.3081880560123122,0.16,25,0.1481880560123122
4313904,0.30811020594937893,0.4502923976608187,513,-0.14218219171143975
2307502,0.30801423789158744,0.2571428571428571,245,0.05087138074873032
2311900,0.30801423789158744,0.18439716312056736,141,0.12361707477102007
2109239,0.30801423789158744,0.25,68,0.05801423789158744
2208304,0.30801423789158744,0.1751269035532995,394,0.13288733433828795
2301307,0.30801423789158744,0.22807017543859648,285,0.07994406245299096
2111953,0.30801423789158744,0.1935483870967742,31,0.11446585079481325
2109403,0.30801423789158744,0.30337078651685395,89,0.004643451374733487
2608057,0.30785305022456855,0.3181818181818182,110,-0.01032876795724963
2613909,0.30785305022456855,0.2196319018404908,815,0.08822114838407774
3162005,0.30727044733926057,0.2384937238493724,239,0.06877672348988817
4216107,0.3069281858175768,0.2077922077922078,77,0.099135978025369
2612471,0.3066751294664904,0.12903225806451613,124,0.17764287140197427
4305306,0.3065757300705082,0.5254237288135594,59,-0.21884799874305116
3536000,0.3065757300705082,0.2653061224489796,98,0.04126960762152859
4315800,0.3065757300705082,0.5421686746987951,83,-0.23559294462828695
4101606,0.3064773879707862,0.31871345029239767,342,-0.012236062321611452
4101853,0.3064773879707862,0.3076923076923077,26,-0.0012149197215214902
4111209,0.3064773879707862,0.24736842105263157,190,0.05910896691815465
4102406,0.3064773879707862,0.271523178807947,302,0.0349542091628392
4304200,0.30634565873079533,0.4692982456140351,228,-0.16295258688323977
3165909,0.30633424311032525,0.09375,32,0.21258424311032525
4304309,0.30617983372745516,0.4339622641509434,53,-0.12778243042348825
2511905,0.3055560719996463,0.4945054945054945,182,-0.18894942250584823
5106802,0.305553481145508,0.25,80,0.05555348114550801
5003751,0.30553912787482557,0.42613636363636365,176,-0.12059723576153808
2701100,0.30433935721471733,0.2033898305084746,118,0.10094952670624274
4319802,0.3041085113376476,0.5365853658536586,82,-0.23247685451601097
5000252,0.30410138859257657,0.36231884057971014,69,-0.05821745198713357
2108108,0.3040456955077519,0.0947867298578199,211,0.20925896564993202
2210102,0.3040456955077519,0.25,40,0.0540456955077519
2100956,0.3040456955077519,0.2556390977443609,133,0.04840659776339101
2106375,0.3040456955077519,0.02459016393442623,122,0.2794555315733257
2104677,0.3040456955077519,0.3914590747330961,281,-0.0874133792253442
2209757,0.3040456955077519,0.39285714285714285,28,-0.08881144734939095
2309706,0.3040456955077519,0.21674876847290642,812,0.08729692703484548
4210001,0.30397111449440073,0.3709677419354839,186,-0.06699662744108315
4309001,0.3038950446656101,0.4782608695652174,138,-0.17436582489960728
4315008,0.3038901612723977,0.15625,32,0.1476401612723977
4322541,0.303841818492868,0.59375,64,-0.289908181507132
4315750,0.3037433194835405,0.3793103448275862,29,-0.07556702534404569
4316303,0.30357777493004906,0.29411764705882354,34,0.009460127871225521
4317905,0.30339265086246114,0.4028776978417266,139,-0.09948504697926547
4319158,0.3032269970575041,0.49333333333333335,75,-0.19010633627582924
2612208,0.3027162928339252,0.2475795297372061,723,0.05513676309671911
3202603,0.3026176165197983,0.23880597014925373,134,0.06381164637054457
1100296,0.3026176165197983,0.16666666666666666,78,0.13595094985313164
4312054,0.3026176165197983,0.52,25,-0.21738238348020172
4300877,0.3026176165197983,0.5656565656565656,99,-0.26303894913676734
3525854,0.3026176165197983,0.4878048780487805,41,-0.18518726152898218
3515350,0.3026176165197983,0.30158730158730157,63,0.0010303149324967231
4112306,0.3025199901700522,0.35555555555555557,45,-0.05303556538550336
4100301,0.3025199901700522,0.12857142857142856,140,0.17394856159862365
4101507,0.3025199901700522,0.28583403185247275,1193,0.016685958317579463
4111902,0.3025199901700522,0.3826530612244898,196,-0.08013307105443757
4107553,0.3025199901700522,0.04081632653061224,49,0.26170366363944
4102307,0.3025199901700522,0.24336283185840707,226,0.05915715831164514
4115309,0.3025199901700522,0.325,80,-0.0224800098299478
4107900,0.3025199901700522,0.25748502994011974,167,0.045034960229932475
4123857,0.3025199901700522,0.291044776119403,134,0.011475214050649218
4128633,0.3025199901700522,0.296875,64,0.005644990170052211
4101705,0.3025199901700522,0.2254335260115607,173,0.07708646415849152
4120408,0.3025199901700522,0.37209302325581395,43,-0.06957303308576174
4119905,0.3025199901700522,0.2400501410216233,3191,0.0624698491484289
2604908,0.3025126736322263,0.04938271604938271,81,0.25312995758284357
3168200,0.30237788778034846,0.0,11,0.30237788778034846
3153301,0.30237788778034846,0.20454545454545456,44,0.0978324332348939
3111408,0.30237788778034846,0.4742268041237113,97,-0.17184891634336286
3165560,0.30237788778034846,0.15384615384615385,13,0.1485317339341946
3158805,0.30237788778034846,0.13333333333333333,45,0.16904455444701513
4217758,0.3020525983215258,0.2692307692307692,26,0.032821829090756593
4216701,0.3020525983215258,0.1761006289308176,159,0.1259519693907082
4201653,0.3020525983215258,0.23076923076923078,26,0.07128336755229503
4206801,0.3020525983215258,0.45714285714285713,35,-0.15509025882133132
3155702,0.30170800697757044,0.2,135,0.10170800697757043
4322608,0.3016859805963239,0.38934426229508196,488,-0.08765828169875806
2504405,0.30151219812790664,0.06578947368421052,152,0.23572272444369613
3100302,0.3015075889260983,0.1568627450980392,102,0.1446448438280591
1302108,0.3005839028173497,0.09473684210526316,95,0.20584706071208653
4305405,0.2989179017019786,0.21875,32,0.08016790170197863
4318465,0.29876934981168296,0.6666666666666666,9,-0.36789731685498367
4318051,0.2975356614412741,0.6,20,-0.3024643385587259
4312427,0.2975356614412741,0.47058823529411764,17,-0.17305257385284356
5211305,0.2953658536321156,0.16666666666666666,72,0.12869918696544894
5205703,0.2953658536321156,0.0,14,0.2953658536321156
5219258,0.2953658536321156,0.07462686567164178,67,0.2207389879604738
5218706,0.2953658536321156,0.0,56,0.2953658536321156
5207352,0.2953658536321156,0.09090909090909091,44,0.20445676272302468
5211701,0.2953658536321156,0.19672131147540983,61,0.09864454215670576
5204409,0.2953658536321156,0.15436241610738255,149,0.14100343752473304
5207808,0.2953658536321156,0.2976190476190476,84,-0.0022531939869320228
5201603,0.2953658536321156,0.06521739130434782,46,0.23014846232776776
5218904,0.2953658536321156,0.12135922330097088,206,0.17400663033114472
4312906,0.2941928159346999,0.38666666666666666,75,-0.09247385073196673
5216452,0.29398091389504144,0.2222222222222222,45,0.07175869167281923
5212303,0.29398091389504144,0.25842696629213485,89,0.03555394760290659
5108956,0.29396016352772797,0.06716417910447761,134,0.22679598442325036
5106703,0.29396016352772797,0.03125,32,0.26271016352772797
4318424,0.2935682252586675,0.2641509433962264,53,0.02941728186244108
4307500,0.29343652637673606,0.4927536231884058,138,-0.19931709681166976
1303304,0.2933620041428834,0.47619047619047616,252,-0.18282847204759278
4319406,0.29315207337868004,0.4215686274509804,102,-0.12841655407230035
4303905,0.2925990525404728,0.5361842105263158,608,-0.24358515798584301
2201606,0.2922903107225441,0.3153153153153153,111,-0.023025004592771237
2203404,0.2922903107225441,0.2328767123287671,73,0.05941359839377697
2107902,0.2922903107225441,0.4129353233830846,201,-0.12064501266054051
2112605,0.2922903107225441,0.6101083032490975,277,-0.3178179925265534
2106201,0.2922903107225441,0.1504424778761062,113,0.14184783284643787
2107308,0.2922903107225441,0.48936170212765956,47,-0.19707139140511548
2607752,0.29113536597632356,0.17153284671532848,274,0.11960251926099508
2310605,0.2909138381019646,0.3559322033898305,118,-0.06501836528786592
2302909,0.2909138381019646,0.12643678160919541,174,0.16447705649276917
2206720,0.2909138381019646,0.4765625,128,-0.18564866189803542
4317756,0.2908943675100866,0.22727272727272727,22,0.06362164023735936
3535705,0.2908943675100866,0.13043478260869565,46,0.16045958490139098
3536257,0.2908943675100866,0.09375,32,0.19714436751008663
3305901,0.2908943675100866,0.21311475409836064,61,0.07777961341172598
4310801,0.2908943675100866,0.42920353982300885,226,-0.13830917231292222
4306924,0.2908943675100866,0.5882352941176471,17,-0.29734092660756045
4312138,0.2908943675100866,0.6071428571428571,28,-0.31624848963277047
3521309,0.2908943675100866,0.35664335664335667,143,-0.06574898913327004
4322806,0.2908943675100866,0.42718446601941745,206,-0.13629009850933083
4313003,0.2908943675100866,0.05555555555555555,18,0.23533881195453107
3514205,0.2908943675100866,0.34615384615384615,26,-0.05525947864375952
3527009,0.2908943675100866,0.38961038961038963,77,-0.098716022100303
1100940,0.2908943675100866,0.3230769230769231,260,-0.03218255556683647
4306734,0.2908943675100866,0.36585365853658536,41,-0.07495929102649873
3201704,0.2908943675100866,0.15789473684210525,152,0.13299963066798137
3200169,0.2908943675100866,0.18421052631578946,152,0.10668384119429716
3526001,0.2908943675100866,0.193717277486911,191,0.09717709002317562
3514601,0.2908943675100866,0.3563218390804598,87,-0.06542747157037315
4318440,0.2908943675100866,0.3333333333333333,18,-0.04243896582324669
4106407,0.2907989461144007,0.2603092783505155,388,0.03048966776388523
4117057,0.2907989461144007,0.32051282051282054,78,-0.029713874398419826
4102752,0.2907989461144007,0.12195121951219512,41,0.1688477266022056
4107801,0.2907989461144007,0.14814814814814814,54,0.14265079796625257
4121109,0.2907989461144007,0.26666666666666666,45,0.02413227944773405
4118600,0.2907989461144007,0.24561403508771928,57,0.04518491102668143
4112108,0.2907989461144007,0.30978260869565216,184,-0.018983662581251448
4104303,0.2907989461144007,0.2278719397363465,1062,0.0629270063780542
4121307,0.2907989461144007,0.14285714285714285,49,0.14794180325725786
4127007,0.2907989461144007,0.11764705882352941,136,0.1731518872908713
4128401,0.2907989461144007,0.3384615384615385,65,-0.04766259234713777
4120333,0.2907989461144007,0.24528301886792453,53,0.045515927246476184
4111308,0.2907989461144007,0.6,40,-0.30920105388559926
4116000,0.29079894611440066,0.4827586206896552,29,-0.19195967457525454
2615904,0.29079179486698803,0.17346938775510204,98,0.11732240711188599
2611408,0.29079179486698803,0.4939759036144578,83,-0.20318410874746978
2610202,0.29079179486698803,0.05485232067510549,237,0.23593947419188255
3162559,0.290660055048396,0.28289473684210525,152,0.007765318206290728
3129103,0.290660055048396,0.13953488372093023,43,0.15112517132746575
3161304,0.290660055048396,0.23880597014925373,67,0.051854084899142255
3116209,0.290660055048396,0.2391304347826087,46,0.05152962026578728
3108552,0.290660055048396,0.23300970873786409,206,0.0576503463105319
3116704,0.290660055048396,0.16883116883116883,77,0.12182888621722715
3163201,0.290660055048396,0.14,50,0.15066005504839597
3153400,0.290660055048396,0.2236842105263158,152,0.06697584452208019
3114501,0.290660055048396,0.1834319526627219,169,0.1072281023856741
3140530,0.290660055048396,0.16129032258064516,93,0.12936973246775083
3123304,0.290660055048396,0.04,50,0.250660055048396
3163904,0.290660055048396,0.02857142857142857,70,0.2620886264769674
3140407,0.290660055048396,0.15384615384615385,26,0.13681390120224213
3111101,0.290660055048396,0.25833333333333336,120,0.03232672171506262
3114709,0.2906600550483959,0.0,29,0.2906600550483959
4304408,0.29046133389939754,0.5267665952890792,467,-0.23630526138968166
1720853,0.29037529268942347,0.41379310344827586,29,-0.12341781075885239
4204152,0.2903421249502509,0.24444444444444444,45,0.045897680505806476
3542404,0.28952177940842627,0.3941176470588235,170,-0.10459586765039725
4319307,0.28952177940842627,0.38235294117647056,34,-0.09283116176804429
4306130,0.28952177940842627,0.35714285714285715,14,-0.06762107773443088
4117107,0.2894266244880612,0.2605633802816901,142,0.028863244206371097
4127502,0.2894266244880612,0.21942446043165467,278,0.07000216405640655
3132800,0.2892881215074239,0.16666666666666666,12,0.12262145484075723
3201001,0.28821450450644315,0.14358974358974358,195,0.14462476091669957
3204104,0.28755879334597717,0.15602836879432624,282,0.13153042455165093
4302402,0.28750858103845844,0.3511450381679389,131,-0.06363645712948046
5217203,0.2867301613585806,0.3025210084033613,119,-0.01579084704478073
5222054,0.2867301613585806,0.15789473684210525,95,0.12883542451647534
5221809,0.2867301613585806,0.3235294117647059,34,-0.036799250406125306
5207253,0.2867301613585806,0.16666666666666666,72,0.12006349469191394
5219001,0.2867301613585806,0.07954545454545454,88,0.20718470681312606
4313300,0.28624097511782753,0.3983739837398374,246,-0.11213300862200987
2605004,0.28392657204664673,0.1095890410958904,292,0.17433753095075633
2300150,0.2837083340619724,0.19047619047619047,168,0.09323214358578191
2302206,0.2837083340619724,0.1834319526627219,676,0.10027638139925049
2202737,0.2837083340619724,0.0547945205479452,73,0.22891381351402718
2204006,0.2837083340619724,0.15789473684210525,38,0.12581359721986712
2302107,0.2837083340619724,0.13271604938271606,324,0.15099228467925632
2307106,0.2837083340619724,0.2922636103151863,349,-0.008555276253213895
4306403,0.28346525630681263,0.4222873900293255,341,-0.1388221337225129
4312302,0.28319775073974346,0.5370370370370371,54,-0.25383928629729363
3202900,0.2823370259930105,0.18518518518518517,81,0.09715184080782535
4308052,0.2823370259930105,0.5,14,-0.21766297400698947
3514700,0.2823370259930105,0.04819277108433735,83,0.2341442549086732
3203346,0.2823370259930105,0.1319796954314721,197,0.15035733056153844
4310363,0.2823370259930105,0.5,12,-0.21766297400698947
3540408,0.2823370259930105,0.2,40,0.08233702599301052
3538204,0.2823370259930105,0.21014492753623187,138,0.07219209845677865
3204401,0.2823370259930105,0.23134328358208955,134,0.05099374241092097
3533304,0.2823370259930105,0.2682926829268293,41,0.014044343066181242
4214904,0.28229510913378064,0.31746031746031744,63,-0.0351652083265368
4209458,0.28229510913378064,0.3333333333333333,30,-0.05103822419955267
4215554,0.28229510913378064,0.3333333333333333,24,-0.05103822419955267
4121356,0.2822432943619763,0.43478260869565216,23,-0.15253931433367585
4121752,0.2822432943619763,0.17777777777777778,90,0.10446551658419853
4118501,0.2822432943619763,0.2888165038002172,921,-0.006573209438240857
4117222,0.2822432943619763,0.2733812949640288,139,0.008861999397947518
4318408,0.28223346300757446,0.37593984962406013,133,-0.09370638661648567
3142304,0.28210686416710923,0.09433962264150944,53,0.1877672415255998
3143807,0.28210686416710923,0.17582417582417584,91,0.10628268834293339
3162302,0.28210686416710923,0.28,25,0.0021068641671092014
3160454,0.28210686416710923,0.3389830508474576,59,-0.056876186680348384
3161502,0.28077245529946987,0.12264150943396226,106,0.1581309458655076
3140902,0.28074870049306294,0.1902834008097166,247,0.09046529968334635
4313102,0.28040982813300247,0.37142857142857144,35,-0.09101874329556897
2607109,0.2802312487429582,0.10204081632653061,49,0.17819043241642757
5210208,0.2796259686992494,0.16758241758241757,364,0.11204355111683181
5219100,0.2796259686992494,0.0,82,0.2796259686992494
5213004,0.2796259686992494,0.16101694915254236,118,0.11860901954670702
4316451,0.279113732705724,0.42105263157894735,76,-0.14193889887322336
5219407,0.2781728118021227,0.16666666666666666,78,0.11150614513545606
2506251,0.2780786352162948,0.2962962962962963,27,-0.0182176610800015
2516508,0.2780786352162948,0.08943089430894309,123,0.1886477409073517
2512788,0.2780786352162948,0.4444444444444444,18,-0.16636580922814964
2516003,0.2780786352162948,0.5401069518716578,187,-0.262028316655363
3149408,0.27725417624149334,0.0,13,0.27725417624149334
4308201,0.2768179917773519,0.4050179211469534,279,-0.1281999293696015
5103106,0.27681680114145696,0.47674418604651164,86,-0.19992738490505468
3115805,0.2767718092645965,0.08333333333333333,96,0.19343847593126318
4321808,0.27623959824109046,0.4786729857819905,211,-0.20243338754090007
4315156,0.275299668742488,0.35,20,-0.07470033125751196
3501202,0.275299668742488,0.2727272727272727,22,0.002572396015215306
4318457,0.275299668742488,0.3888888888888889,18,-0.11358922014640088
4320578,0.275299668742488,0.3333333333333333,12,-0.0580336645908453
4316956,0.275299668742488,0.40540540540540543,37,-0.13010573666291742
3203353,0.275299668742488,0.21774193548387097,124,0.057557733258617044
3553906,0.275299668742488,0.32051282051282054,78,-0.04521315177033253
4309902,0.275299668742488,0.5094339622641509,53,-0.23413429352166293
4106456,0.2752073774914765,0.3717948717948718,78,-0.0965874943033953
4124004,0.2752073774914765,0.45454545454545453,55,-0.17933807705397803
4123956,0.2752073774914765,0.2,45,0.07520737749147649
4104501,0.2752073774914765,0.2,200,0.07520737749147649
4115408,0.2752073774914765,0.15204678362573099,171,0.12316059386574552
4124608,0.2752073774914765,0.26666666666666666,75,0.008540710824809838
4118907,0.2752073774914765,0.37777777777777777,135,-0.10257040028630127
4125100,0.2752073774914765,0.19895287958115182,191,0.07625449791032468
4106209,0.2752073774914765,0.22592592592592592,270,0.04928145156555058
3200904,0.275089871673036,0.1300639658848614,469,0.1450259057881746
3161205,0.2750730449020488,0.09375,64,0.1813230449020488
3103108,0.2750730449020488,0.13333333333333333,15,0.14173971156871548
3136900,0.2750730449020488,0.1721311475409836,122,0.10294189736106521
3169059,0.2750730449020488,0.0625,16,0.2125730449020488
3132008,0.2750730449020488,0.0,18,0.2750730449020488
3123858,0.2750730449020488,0.22580645161290322,62,0.049266593289145594
3121704,0.2750730449020488,0.22857142857142856,35,0.04650161633062025
3152600,0.2750730449020488,0.19672131147540983,61,0.07835173342663898
4318804,0.2745789976626302,0.43661971830985913,355,-0.1620407206472289
3142908,0.27419714752069657,0.32608695652173914,138,-0.051889809001042564
5004007,0.27394241624204013,0.26,100,0.013942416242040123
5003157,0.27394241624204013,0.3812316715542522,341,-0.10728925531221206
5007976,0.27394241624204013,0.14545454545454545,55,0.12848787078749468
4318481,0.2738604475284033,0.5625,32,-0.2886395524715967
4316428,0.2738604475284033,0.5625,16,-0.2886395524715967
4308706,0.2738604475284033,0.2553191489361702,47,0.01854129859223308
4127601,0.2737684564941086,0.3140495867768595,242,-0.04028113028275093
4128658,0.2737684564941086,0.18333333333333332,60,0.09043512316077526
4111605,0.2737684564941086,0.13793103448275862,29,0.13583742201134996
3155504,0.2736345610977036,0.38860103626943004,193,-0.11496647517172642
3104205,0.2736345610977036,0.11263736263736264,364,0.160997198460341
3108206,0.2731126402906974,0.3148148148148148,54,-0.04170217452411745
4300208,0.2731075936194987,0.2608695652173913,46,0.012238028402107415
3510153,0.2724940803112565,0.20689655172413793,87,0.06559752858711856
5210406,0.2711543949830884,0.18738049713193117,523,0.08377389785115724
5214408,0.2711543949830884,0.1595744680851064,94,0.11157992689798202
5210901,0.2711543949830884,0.15319148936170213,235,0.11796290562138628
5205000,0.2711543949830884,0.14130434782608695,92,0.12985004715700146
5200100,0.2711543949830884,0.2032967032967033,182,0.06785769168638511
4309100,0.2708634376356924,0.42696629213483145,445,-0.15610285449913908
4217501,0.2704179500214524,0.3682008368200837,239,-0.09778288679863129
4318903,0.26989285865097995,0.5027173913043478,368,-0.23282453265336783
5107925,0.26981980828840313,0.18410286382232613,1711,0.085716944466077
2107704,0.268234987940215,0.25287356321839083,261,0.015361424721824168
2205201,0.268234987940215,0.40853658536585363,164,-0.14030159742563864
3147600,0.2681928533772607,0.19148936170212766,141,0.07670349167513302
4308003,0.2678323927488294,0.17142857142857143,35,0.09640382132025799
4217956,0.26725792725722997,0.08108108108108109,37,0.18617684617614888
3545506,0.26691060138869677,0.1,50,0.16691060138869676
3551207,0.26691060138869677,0.2,45,0.06691060138869676
4313607,0.26691060138869677,0.4666666666666667,30,-0.1997560652779699
3532843,0.26691060138869677,0.2777777777777778,18,-0.010867176389081024
3516606,0.26691060138869677,0.3235294117647059,68,-0.05661881037600913
4103701,0.26682008703352805,0.2294642857142857,1120,0.03735580131924235
4108502,0.26682008703352805,0.4383561643835616,146,-0.17153607735003357
4100459,0.26682008703352805,0.2553191489361702,47,0.01150093809735786
3146404,0.26668834202289515,0.1702127659574468,47,0.09647557606544835
3136553,0.26668834202289515,0.21212121212121213,33,0.054567129901683026
3114006,0.26668834202289515,0.3194444444444444,72,-0.05275610242154927
3131208,0.26668834202289515,0.22905027932960895,179,0.037638062693286206
3128600,0.26668834202289515,0.49230769230769234,65,-0.22561935028479718
4217303,0.2656957907383069,0.17142857142857143,140,0.09426721930973547
2604155,0.2652743653133131,0.17333333333333334,75,0.09194103197997977
4204905,0.264863011330211,0.3382352941176471,68,-0.07337228278743607
5106190,0.26337524528812073,0.25,84,0.01337524528812073
5221304,0.2633195150887743,0.2222222222222222,27,0.041097292866552115
5204607,0.2633195150887743,0.06382978723404255,47,0.1994897278547318
5205513,0.2633195150887743,0.11347517730496454,282,0.1498443377838098
5215652,0.2633195150887743,0.2558139534883721,43,0.007505561600402222
5218789,0.2633195150887743,0.0392156862745098,51,0.22410382881426452
5219357,0.2633195150887743,0.2222222222222222,36,0.041097292866552115
5203401,0.2633195150887743,0.26666666666666666,75,-0.0033471515778923377
2509339,0.2631946318789674,0.2777777777777778,36,-0.014583145898810379
2510709,0.2631946318789674,0.3333333333333333,21,-0.0701387014543659
2503506,0.2631946318789674,0.3722627737226277,137,-0.10906814184366032
4107306,0.2621735532331469,0.38333333333333336,60,-0.12115978010018646
4111001,0.2621735532331469,0.2,55,0.06217355323314688
2708303,0.2620829385174263,0.04678362573099415,171,0.21529931278643216
2311355,0.2618147052663133,0.11688311688311688,154,0.14493158838319642
2303600,0.2618147052663133,0.1875,64,0.07431470526631329
4306809,0.26158298910089334,0.42021276595744683,188,-0.1586297768565535
4310108,0.26139605681331674,0.5226666666666666,375,-0.2612706098533499
4201273,0.26085269431204766,0.03636363636363636,55,0.22448905794841129
4215679,0.260619411670383,0.26262626262626265,99,-0.0020068509558796577
3508306,0.2605107331398024,0.22448979591836735,49,0.03602093722143504
3542909,0.2605107331398024,0.45544554455445546,101,-0.19493481141465308
4116802,0.26042161811974673,0.12121212121212122,99,0.13920949690762552
4116406,0.26042161811974673,0.05128205128205128,39,0.20913956683769547
4127858,0.26042161811974673,0.25,128,0.010421618119746734
4117206,0.26042161811974673,0.08450704225352113,71,0.1759145758662256
4116109,0.26042161811974673,0.2169811320754717,106,0.04344048604427503
4123824,0.26042161811974673,0.14285714285714285,42,0.11756447526260388
4114302,0.26042161811974673,0.3597560975609756,328,-0.09933447944122886
4108957,0.26042161811974673,0.2808988764044944,89,-0.020477258284747668
4124400,0.26042161811974673,0.18442622950819673,244,0.07599538861155
4123501,0.26042161811974673,0.20699708454810495,343,0.053424533571641786
4105508,0.26042161811974673,0.24776785714285715,896,0.012653760976889583
4115804,0.26042161811974673,0.20601503759398496,665,0.05440658052576178
3121209,0.26029191080541514,0.3181818181818182,88,-0.05788990737640304
3120870,0.26029191080541514,0.19607843137254902,102,0.06421347943286612
3166006,0.26029191080541514,0.13725490196078433,51,0.12303700884463081
3144359,0.26029191080541514,0.352112676056338,71,-0.09182076525092286
5202502,0.26004958132217704,0.09876543209876543,81,0.1612841492234116
5208608,0.26004958132217704,0.17454954954954954,888,0.0855000317726275
4214607,0.25900482251693496,0.31746031746031744,63,-0.05845549494338248
2312502,0.2585568997605582,0.03636363636363636,55,0.2221932633969218
2307700,0.2585568997605582,0.18322698268003645,1097,0.07532991708052172
4310439,0.2579568808780902,0.39215686274509803,51,-0.13419998186700782
2203008,0.2576238307606009,0.20454545454545456,88,0.053078376215146356
4213153,0.25760268196999736,0.09375,32,0.16385268196999736
4108403,0.25717510792742976,0.23823246878001922,1041,0.01894263914741054
4127700,0.25717510792742976,0.1811320754716981,1590,0.07604303245573166
4102109,0.25717510792742976,0.24609375,256,0.011081357927429758
4119707,0.25717510792742976,0.2,45,0.05717510792742975
3141504,0.25704645559752765,0.4,55,-0.14295354440247238
4301206,0.25559128623376076,0.34285714285714286,70,-0.0872658566233821
4320701,0.2553651072780249,0.35833333333333334,120,-0.10296822605530842
4107009,0.2553524746264348,0.31446540880503143,159,-0.05911293417859664
4103909,0.2553524746264348,0.22026431718061673,227,0.03508815744581806
4102000,0.2553524746264348,0.19338422391857507,393,0.06196825070785972
5208301,0.25513409823418065,0.1917808219178082,73,0.06335327631637244
5204805,0.25513409823418065,0.22772277227722773,101,0.02741132595695292
5201207,0.25513409823418065,0.1875,16,0.06763409823418065
5205471,0.25513409823418065,0.12980769230769232,208,0.12532640592648833
4315404,0.25494924168866784,0.3559322033898305,59,-0.10098296170116267
4304507,0.2546902478261934,0.4319526627218935,338,-0.17726241489570005
4314027,0.254053524624658,0.45454545454545453,33,-0.2004919299207965
3138104,0.2537910744005793,0.52,50,-0.2662089255994207
3125507,0.2537910744005793,0.1724137931034483,29,0.08137728129713101
2305407,0.2536599592603782,0.24408014571949,549,0.009579813540888216
2105427,0.2536599592603782,0.3968253968253968,252,-0.1431654375650186
2302404,0.2536599592603782,0.09595959595959595,396,0.15770036330078224
4109302,0.25291388412222754,0.2896174863387978,183,-0.036703602216570264
4103404,0.25291388412222754,0.36363636363636365,33,-0.11072247951413611
4110409,0.25291388412222754,0.3018867924528302,53,-0.04897290833060264
4104808,0.25291388412222754,0.2554831061055127,3374,-0.002569221983285186
4120655,0.25291388412222754,0.40540540540540543,37,-0.1524915212831779
4219408,0.25271765398120016,0.22727272727272727,44,0.025444926708472898
4212007,0.25271765398120016,0.19101123595505617,89,0.06170641802614399
4210050,0.25271765398120016,0.4375,16,-0.18478234601879984
4315172,0.25238271591393147,0.25,16,0.0023827159139314658
3532058,0.25238271591393147,0.21951219512195122,41,0.032870520791980246
4308078,0.25238271591393147,0.35185185185185186,54,-0.0994691359379204
3552908,0.25238271591393147,0.32894736842105265,76,-0.07656465250712119
1507755,0.25238271591393147,0.2976190476190476,84,-0.04523633170511615
3547700,0.25238271591393147,0.20689655172413793,87,0.04548616418979354
4303558,0.25238271591393147,0.4444444444444444,36,-0.19206172853051295
3146602,0.25216839276381403,0.07142857142857142,14,0.1807398213352426
3165537,0.25216839276381403,0.17473684210526316,475,0.07743155065855087
3103306,0.25216839276381403,0.13043478260869565,23,0.12173361015511838
3149705,0.25216839276381403,0.18666666666666668,150,0.06550172609714736
3160009,0.25216839276381403,0.5483870967741935,31,-0.2962187040103795
3162575,0.25216839276381403,0.2711864406779661,59,-0.01901804791415207
3121001,0.25216839276381403,0.09722222222222222,72,0.15494617054159182
4302204,0.25196692096726836,0.3333333333333333,72,-0.08136641236606496
4321857,0.2513865483864454,0.35714285714285715,70,-0.10575630875641173
2611533,0.250795035256278,0.13008130081300814,123,0.12071373444326985
2601300,0.250795035256278,0.1346153846153846,104,0.11617965064089339
4305702,0.25053589090753486,0.39344262295081966,61,-0.1429067320432848
5213103,0.2504120156623999,0.1588683351468988,919,0.0915436805155011
5219506,0.2504120156623999,0.0,37,0.2504120156623999
4314498,0.25017654481223806,0.25,40,0.0001765448122380553
4306957,0.24967991396936343,0.2727272727272727,33,-0.02304735875790928
3112802,0.2494359808075666,0.1523809523809524,105,0.0970550284266142
2514800,0.2487903800601874,0.047619047619047616,21,0.20117133244113977
2508554,0.2487903800601874,0.05128205128205128,39,0.19750832877813612
3107802,0.248709863514065,0.22377622377622378,143,0.024933639737841212
4305801,0.24840591183085015,0.5047619047619047,105,-0.2563559929310546
4321956,0.24832223908053355,0.44155844155844154,77,-0.193236202477908
2202729,0.24746061047925252,0.13414634146341464,82,0.11331426901583788
2301851,0.2474606104792525,0.2384937238493724,239,0.0089668866298801
2107456,0.2474606104792525,0.627906976744186,86,-0.38044636626493356
2104552,0.2474606104792525,0.3235294117647059,306,-0.0760688012854534
2300903,0.24746061047925247,0.25547445255474455,137,-0.008013842075492078
4305900,0.24658539420638087,0.5584415584415584,77,-0.31185616423517754
4205605,0.24653372755779382,0.2978723404255319,47,-0.05133861286773808
4219101,0.24653372755779382,0.475,40,-0.22846627244220616
4310579,0.24620428507525305,0.23529411764705882,17,0.010910167428194228
3556008,0.24620428507525302,0.34210526315789475,114,-0.09590097808264172
1100080,0.24620428507525302,0.4010152284263959,197,-0.1548109433511429
4319356,0.24620428507525302,0.4074074074074074,54,-0.16120312233215436
1100924,0.24620428507525302,0.2662337662337662,154,-0.02002948115851319
3202454,0.246204285075253,0.1783625730994152,342,0.0678417119758378
2513505,0.24603786508482325,0.0,40,0.24603786508482325
3167905,0.2459934822801778,0.25,44,-0.004006517719822189
3128402,0.24599348228017778,0.2222222222222222,72,0.023771260057955573
3147709,0.24599348228017778,0.21348314606741572,89,0.03251033621276206
3161908,0.24599348228017778,0.08536585365853659,164,0.1606276286216412
3114808,0.24599348228017778,0.28125,32,-0.03525651771982222
3109808,0.24599348228017778,0.05263157894736842,19,0.19336190333280937
5210000,0.2459825367361853,0.12450592885375494,506,0.12147660788243037
5218391,0.2459825367361853,0.22727272727272727,44,0.018709809463458044
5210604,0.2459825367361853,0.1,50,0.1459825367361853
5210802,0.2459825367361853,0.17142857142857143,35,0.07455396530761388
5220009,0.2459825367361853,0.10112359550561797,178,0.14485894123056733
5211206,0.24598253673618528,0.1532567049808429,261,0.09272583175534238
3201902,0.2456815888774743,0.17801047120418848,382,0.06767111767328582
4106803,0.24558854250871814,0.15300546448087432,183,0.09258307802784382
4125407,0.24558854250871814,0.23880597014925373,67,0.006782572359464417
4126306,0.24558854250871812,0.17699115044247787,226,0.06859739206624024
4106506,0.24558854250871812,0.25249169435215946,301,-0.006903151843441341
4118402,0.24558854250871812,0.25553319919517103,994,-0.009944656686452918
4110102,0.24558854250871812,0.21794871794871795,468,0.027639824560000165
4105409,0.24558854250871812,0.28879310344827586,232,-0.04320456093955774
4104105,0.24558854250871812,0.1919191919191919,99,0.05366935058952621
4102901,0.24558854250871812,0.29694323144104806,229,-0.051354688932329945
4117255,0.2455885425087181,0.2727272727272727,132,-0.02713873021855462
5211602,0.24513963868111158,0.2608695652173913,23,-0.01572992653627972
5107297,0.24513963868111158,0.25806451612903225,31,-0.012924877447920674
5203203,0.24513963868111155,0.22448979591836735,147,0.020649842762744203
4115200,0.24511583625444297,0.21301596866526062,3319,0.032099867589182346
4122156,0.24501029511415026,0.2565217391304348,230,-0.011511444016284539
2200053,0.2447180148629603,0.18032786885245902,61,0.06439014601050128
2105963,0.2447180148629603,0.02830188679245283,106,0.21641612807050747
2207777,0.2447180148629603,0.3695652173913043,46,-0.12484720252834403
2114007,0.2447180148629603,0.2696078431372549,408,-0.02488982827429459
2312601,0.2447180148629603,0.34234234234234234,111,-0.09762432747938204
2313807,0.24471801486296027,0.17857142857142858,224,0.0661465862915317
4311254,0.24464917248492835,0.34285714285714286,35,-0.09820797037221451
4312443,0.24391039417171476,0.36666666666666664,30,-0.12275627249495188
4210902,0.24379807655927135,0.04878048780487805,41,0.1950175887543933
4212403,0.24379807655927135,0.3,30,-0.056201923440728635
4208955,0.24379807655927135,0.23529411764705882,17,0.008503958912212534
4200200,0.24379807655927135,0.23376623376623376,154,0.010031842793037593
4200606,0.24379807655927135,0.2,85,0.04379807655927134
4205357,0.24379807655927135,0.4166666666666667,24,-0.17286859010739533
4213104,0.24379807655927133,0.16417910447761194,67,0.07961897208165938
4319604,0.24368856312867912,0.47586206896551725,145,-0.23217350583683813
3525607,0.24347110845556616,0.35,60,-0.10652889154443382
3520608,0.24347110845556616,0.29411764705882354,34,-0.05064653860325738
3528106,0.24347110845556616,0.037037037037037035,54,0.20643407141852912
4322855,0.24347110845556616,0.5333333333333333,15,-0.28986222487776714
3549300,0.24347110845556616,0.0,14,0.24347110845556616
3543501,0.24347110845556616,0.3614457831325301,83,-0.11797467467696396
3504800,0.24347110845556616,0.16666666666666666,72,0.0768044417888995
4312385,0.24347110845556616,0.23076923076923078,13,0.012701877686335378
3200409,0.24347110845556616,0.11688311688311688,385,0.12658799157244927
3204252,0.24347110845556616,0.2,85,0.04347110845556615
3555901,0.24347110845556616,0.0,16,0.24347110845556616
4306700,0.24347110845556616,0.7333333333333333,15,-0.4898622248777671
3514502,0.24347110845556613,0.22727272727272727,110,0.016198381182838867
3556909,0.24347110845556613,0.47126436781609193,87,-0.2277932593605258
3142403,0.24326189062415735,0.17777777777777778,90,0.06548411284637956
3130606,0.24326189062415732,0.14285714285714285,49,0.10040474776701447
3148905,0.24326189062415732,0.0,31,0.24326189062415732
3164001,0.24326189062415732,0.3246753246753247,77,-0.08141343405116735
3137536,0.24326189062415732,0.23711340206185566,97,0.006148488562301657
3153202,0.24326189062415732,0.45454545454545453,22,-0.2112835639212972
3138674,0.24326189062415732,0.125,80,0.11826189062415732
3120607,0.24326189062415732,0.09615384615384616,52,0.14710804447031117
3121407,0.24326189062415732,0.1896551724137931,58,0.053606718210364224
5203807,0.24301527888294544,0.07228915662650602,83,0.1707261222564394
5214861,0.2430152788829454,0.12244897959183673,49,0.12056629929110868
5220264,0.24301527888294538,0.32558139534883723,43,-0.08256611646589185
5205059,0.24201424172740074,0.08695652173913043,46,0.1550577199882703
5200159,0.24201424172740074,0.18181818181818182,33,0.06019605990921892
5212253,0.24201424172740071,0.23809523809523808,21,0.003919003632162632
2209856,0.24176111995723648,0.037037037037037035,27,0.20472408292019945
2305357,0.24176111995723648,0.2363013698630137,292,0.005459750094222782
2205540,0.24176111995723648,0.11764705882352941,34,0.12411406113370707
2312403,0.24176111995723648,0.14314314314314314,999,0.09861797681409334
2101103,0.24176111995723645,0.2867132867132867,143,-0.044952166756050266
4124707,0.24060154219799557,0.2840909090909091,88,-0.04348936689291355
4105300,0.24060154219799554,0.15384615384615385,130,0.08675538835184168
4122701,0.24060154219799554,0.2013888888888889,144,0.03921265330910664
4112009,0.24060154219799554,0.20681818181818182,440,0.03378336037981372
4128609,0.24060154219799554,0.3229166666666667,96,-0.08231512446867115
4106571,0.24060154219799554,0.13157894736842105,38,0.10902259482957449
4117008,0.24060154219799554,0.2028985507246377,69,0.037702991473357844
4113205,0.24060154219799554,0.2495049504950495,505,-0.008903408297053966
4124053,0.24060154219799554,0.2100456621004566,219,0.03055588009753893
4115754,0.24060154219799554,0.18791946308724833,149,0.05268207911074721
4115358,0.24060154219799554,0.23148148148148148,108,0.009120060716514056
4107736,0.24060154219799554,0.20253164556962025,79,0.03806989662837529
4128500,0.24060154219799554,0.25961538461538464,208,-0.0190138424173891
4322251,0.24052448182184274,0.453125,64,-0.21260051817815726
3500600,0.24052448182184274,0.19047619047619047,42,0.05004829134565228
3534807,0.24052448182184272,0.23863636363636365,88,0.0018881181854790707
3109204,0.24031699173233867,0.23684210526315788,76,0.003474886469180788
3125408,0.24031699173233864,0.2054794520547945,73,0.03483753967754413
3151701,0.24031699173233864,0.29285714285714287,140,-0.05254015112480423
4320206,0.23872585249306874,0.3333333333333333,129,-0.09460748084026457
5005681,0.23863056589768578,0.5104602510460251,239,-0.27182968514833933
4321477,0.23813374272688784,0.3333333333333333,12,-0.09519959060644548
4107751,0.2376787338427614,0.22826086956521738,92,0.009417864277544014
4103222,0.2376787338427614,0.2857142857142857,49,-0.04803555187152431
4103503,0.2376787338427614,0.3076923076923077,143,-0.07001357384954632
4101408,0.23767873384276136,0.21242653232577666,1191,0.025252201516984707
2605103,0.2360818080590359,0.15300546448087432,366,0.08307634357816157
2514552,0.23493764418831017,0.18181818181818182,11,0.05311946237012835
5207402,0.2348840343832569,0.27564102564102566,156,-0.04075699125776877
5219712,0.23488403438325686,0.0821917808219178,73,0.15269225356133906
2307650,0.2339338361028257,0.1536977491961415,3110,0.08023608690668421
4313805,0.23381853687998597,0.2808988764044944,89,-0.047080339524508436
2204600,0.23365888634906187,0.18,50,0.05365888634906188
3148509,0.23365332086872462,0.16455696202531644,79,0.06909635884340817
3123908,0.23314606571615337,0.1111111111111111,135,0.12203495460504227
4301008,0.23245098680449672,0.3696969696969697,165,-0.13724598289247297
3517307,0.2324509868044967,0.16326530612244897,49,0.06918568068204772
3524204,0.2324509868044967,0.3283582089552239,67,-0.0959072221507272
4318499,0.2324509868044967,0.5,24,-0.2675490131955033
4313359,0.2324509868044967,0.16666666666666666,30,0.06578432013783003
4310462,0.2324509868044967,0.5555555555555556,18,-0.32310456875105886
3535101,0.2324509868044967,0.22448979591836735,98,0.007961190886129343
4312807,0.2324509868044967,0.4098360655737705,61,-0.1773850787692738
3528205,0.2324509868044967,0.275,40,-0.04254901319550333
3162203,0.23224833157239552,0.1590909090909091,88,0.07315742248148643
3121803,0.2322483315723955,0.2786885245901639,61,-0.046440193017768416
3160405,0.2322483315723955,0.18309859154929578,284,0.049149740023099714
3141306,0.2322483315723955,0.21428571428571427,42,0.01796261728668122
4319000,0.23106271324803682,0.5526315789473685,152,-0.32156886569933163
4321329,0.23070616103850825,0.17073170731707318,41,0.05997445372143506
4321451,0.23039552372044583,0.3694029850746269,268,-0.13900746135418104
4113908,0.229671873440413,0.1242603550295858,169,0.10541151841082722
4123808,0.22967187344041298,0.1724137931034483,116,0.057258080336964695
4120606,0.22967187344041298,0.1748971193415638,486,0.05477475409884919
4112207,0.22967187344041298,0.23214285714285715,56,-0.0024709837024441683
4111704,0.22967187344041298,0.2619047619047619,84,-0.032232888464348936
4116703,0.22967187344041298,0.24615384615384617,130,-0.016481972713433185
4127965,0.22967187344041298,0.15023474178403756,213,0.07943713165637542
4124301,0.22967187344041295,0.18518518518518517,27,0.04448668825522778
4305009,0.2295209236407668,0.2857142857142857,63,-0.05619336207351891
4308409,0.22862050343325135,0.4318181818181818,44,-0.20319767838493047
4304903,0.22822148309788634,0.2261904761904762,84,0.002031006907410149
4301503,0.2279946756036189,0.5517241379310345,29,-0.32372946232741556
4320404,0.22637615212369422,0.4583333333333333,144,-0.2319571812096391
5005251,0.22635602771593824,0.22627737226277372,137,7.865545316451672e-05
4307906,0.22554747758723637,0.4395448079658606,703,-0.21399733037862423
4210506,0.22484067295132418,0.23714285714285716,350,-0.012302184191532978
2612703,0.22411546800593699,0.3564356435643564,101,-0.13232017555841943
4321907,0.22407108177255622,0.43023255813953487,258,-0.20616147636697865
2513968,0.22404886157455947,0.45454545454545453,22,-0.23049659297089506
2502706,0.22404886157455944,0.3170731707317073,41,-0.09302430915714788
5200605,0.223997008980179,0.3984375,128,-0.174440491019821
5211800,0.223997008980179,0.15835140997830802,461,0.06564559900187097
2106359,0.2228121103758931,0.6097560975609756,41,-0.3869439871850825
2108801,0.2228121103758931,0.5825242718446602,103,-0.35971216146876706
2203602,0.2228121103758931,0.34146341463414637,41,-0.11865130425825327
2310308,0.22281211037589307,0.1171875,256,0.10562461037589307
2104305,0.22281211037589307,0.12025316455696203,158,0.10255894581893105
2300754,0.22281211037589307,0.17488789237668162,669,0.047924217999211455
4300901,0.22257460437576407,0.6,60,-0.37742539562423594
3133105,0.22244604096634152,0.19626168224299065,107,0.02618435872335087
4215752,0.22195032106455317,0.3,40,-0.07804967893544681
4206405,0.22195032106455315,0.16470588235294117,85,0.05724443871161197
4207601,0.22195032106455315,0.15384615384615385,52,0.06810416721839929
4215075,0.22195032106455315,0.28205128205128205,39,-0.0601009609867289
3507407,0.22178053404819986,0.1440677966101695,118,0.07771273743803037
4322327,0.22164406576413226,0.38461538461538464,39,-0.16297131885125238
3537701,0.22164406576413226,0.24193548387096775,62,-0.02029141810683549
3516002,0.22164406576413226,0.4523809523809524,84,-0.23073688661682012
4323770,0.22164406576413226,0.38461538461538464,26,-0.16297131885125238
3542305,0.22164406576413226,0.1568627450980392,51,0.06478132066609305
3553955,0.22164406576413223,0.08333333333333333,192,0.1383107324307989
3157377,0.22144811393270789,0.2727272727272727,22,-0.05127915879456482
3144904,0.22144811393270789,0.10526315789473684,19,0.11618495603797105
3162609,0.22144811393270789,0.3157894736842105,76,-0.09434135975150262
3170578,0.22144811393270789,0.16666666666666666,60,0.05478144726604123
3112208,0.22144811393270789,0.22580645161290322,31,-0.004358337680195334
3159506,0.22144811393270789,0.1590909090909091,44,0.0623572048417988
3160108,0.22144811393270786,0.057692307692307696,52,0.16375580624040015
4319372,0.22135532041494993,0.36,25,-0.13864467958505006
1720150,0.22121001313676875,0.38095238095238093,21,-0.15974236781561219
3204005,0.21924143985181485,0.136986301369863,146,0.08225513848195184
2615706,0.2191583910421339,0.19402985074626866,134,0.025128540295865226
4107603,0.21895729880077036,0.2783018867924528,212,-0.05934458799168246
4118105,0.21895729880077033,0.1984732824427481,131,0.020484016358022245
4125605,0.21895729880077033,0.29191321499013806,507,-0.07295591618936773
4126009,0.21895729880077033,0.11764705882352941,68,0.10131023997724092
4108452,0.21895729880077033,0.21951219512195122,82,-0.0005548963211808866
4124202,0.21895729880077033,0.11764705882352941,34,0.10131023997724092
4125456,0.21895729880077033,0.2545454545454545,55,-0.035588155744684186
4113106,0.21895729880077033,0.21951219512195122,41,-0.0005548963211808866
4125308,0.21895729880077033,0.2909090909090909,55,-0.07195179210832056
4104402,0.21895729880077033,0.1437908496732026,153,0.07516644912756773
4110706,0.2189572988007703,0.11816838995568685,677,0.10078890884508346
2515906,0.21618888505758363,0.2545454545454545,55,-0.03835656948787089
5215207,0.21613834483667282,0.45161290322580644,31,-0.23547455838913361
5222203,0.21613834483667282,0.21311475409836064,61,0.003023590738312182
5200829,0.21613834483667282,0.10256410256410256,39,0.11357424227257026
5218052,0.21613834483667282,0.2465753424657534,73,-0.030436997629080587
1100098,0.2158521872352461,0.30357142857142855,392,-0.08771924133618245
2700904,0.215217742534362,0.011111111111111112,90,0.2041066314232509
2201002,0.21498350023029159,0.018518518518518517,54,0.19646498171177307
2307007,0.21498350023029156,0.11560693641618497,346,0.09937656381410659
2302701,0.21498350023029156,0.1715686274509804,204,0.043414872779311164
3205069,0.21482621188866494,0.12099644128113879,281,0.09382977060752615
4309555,0.21450358647157128,0.32432432432432434,74,-0.10982073785275306
3542107,0.21384520321902492,0.2857142857142857,112,-0.07186908249526078
3204500,0.21384520321902492,0.26262626262626265,99,-0.04878105940723773
3551306,0.2138452032190249,0.23529411764705882,34,-0.021448914428033927
3546504,0.2138452032190249,0.0851063829787234,47,0.12873882024030148
4319109,0.2138452032190249,0.3559322033898305,59,-0.1420870001708056
3531001,0.2138452032190249,0.19230769230769232,26,0.021537510911332575
4322558,0.2138452032190249,0.3076923076923077,13,-0.09384710447328282
3203601,0.2138452032190249,0.15942028985507245,69,0.05442491336395244
3202009,0.2138452032190249,0.18446601941747573,103,0.029379183801549164
3533700,0.2138452032190249,0.09615384615384616,52,0.11769135706517873
3539004,0.2138452032190249,0.24271844660194175,103,-0.028873243382916858
4320321,0.2138452032190249,0.5,24,-0.2861547967809751
3203908,0.21375355466602242,0.16435643564356436,505,0.04939711902245805
3159902,0.21365425363680848,0.19254658385093168,161,0.021107669785876804
3119807,0.21365425363680848,0.2413793103448276,29,-0.027725056708019113
3103801,0.21365425363680848,0.07692307692307693,26,0.13673117671373156
4322533,0.21362555144980108,0.43478260869565216,46,-0.22115705724585108
3204609,0.21336377748670451,0.17446808510638298,235,0.038895692380321534
4310850,0.21292401061916727,0.6,35,-0.3870759893808327
3205176,0.21275780188530968,0.2026431718061674,227,0.01011463007914229
4210555,0.21140951744596678,0.25,20,-0.03859048255403322
4120358,0.21000357297549702,0.2,55,0.010003572975497005
4122503,0.21000357297549702,0.24113475177304963,141,-0.031131178797552617
4123709,0.21000357297549702,0.2523364485981308,107,-0.0423328756226338
4125803,0.21000357297549702,0.1388888888888889,72,0.07111468408660812
4105904,0.21000357297549702,0.21568627450980393,204,-0.0056827015343069165
4107207,0.21000357297549702,0.17358490566037735,530,0.03641866731511967
4107405,0.21000357297549702,0.13636363636363635,66,0.07363993661186066
4204707,0.20931711213029877,0.25203252032520324,123,-0.042715408194904464
4310553,0.20927584839957852,0.7,10,-0.49072415160042143
4301750,0.2092758483995785,0.96,25,-0.7507241516004215
1100262,0.20900344818369995,0.3709677419354839,62,-0.16196429375178392
2512077,0.20738076632420333,0.4146341463414634,41,-0.20725338001726007
2616183,0.20601968665389214,0.1728395061728395,81,0.033180180481052646
2603926,0.20601968665389214,0.0,53,0.20601968665389214
3126752,0.20251206849898704,0.2826086956521739,46,-0.08009662715318686
2702108,0.20202735117274906,0.266304347826087,184,-0.06427699665333791
5219704,0.2000687220932689,0.11392405063291139,79,0.08614467146035751
5215256,0.2000687220932689,0.07017543859649122,57,0.12989328349677767
4313037,0.1996793249368557,0.28,50,-0.08032067506314433
4315552,0.19937302083905303,0.20833333333333334,24,-0.00896031249428031
2202026,0.1991841111150261,0.01694915254237288,59,0.1822349585726532
2201051,0.1991841111150261,0.30120481927710846,83,-0.10202070816208236
3165206,0.19903294808727628,0.09859154929577464,71,0.10044139879150164
2512507,0.19870250809420434,0.07130124777183601,561,0.12740126032236831
4207650,0.19852539088427323,0.10344827586206896,87,0.09507711502220427
2306405,0.19833098192553736,0.11225188227241616,1461,0.0860790996531212
4310900,0.19790302825375697,0.38095238095238093,21,-0.18304935269862396
3528304,0.19790302825375694,0.06060606060606061,33,0.13729696764769633
4305871,0.19790302825375694,0.3225806451612903,31,-0.12467761690753337
4313086,0.19790302825375694,0.42105263157894735,19,-0.2231496033251904
4318614,0.19790302825375694,0.625,16,-0.42709697174624306
4307401,0.19790302825375694,0.5135135135135135,37,-0.31561048525975655
3528809,0.1979030282537569,0.09090909090909091,110,0.106993937344666
2501104,0.19772756268754735,0.09433962264150944,212,0.10338794004603791
3103207,0.19772273371023014,0.2777777777777778,18,-0.08005504406754765
3111150,0.19772273371023014,0.2702702702702703,37,-0.07254753656004015
2104073,0.19757004500604725,0.3486238532110092,109,-0.15105380820496195
2311603,0.19757004500604725,0.07547169811320754,318,0.1220983468928397
2308104,0.19757004500604725,0.15601503759398497,532,0.04155500741206228
4103354,0.19730568107350263,0.14583333333333334,48,0.05147234774016929
4111555,0.1973056810735026,0.2289156626506024,83,-0.031609981577099794
4115002,0.1973056810735026,0.2441860465116279,86,-0.04688036543812529
4114203,0.1973056810735026,0.18292682926829268,410,0.014378851805209925
4120309,0.1973056810735026,0.25,40,-0.0526943189264974
4109104,0.1973056810735026,0.3333333333333333,18,-0.1360276522598307
4111407,0.1973056810735026,0.17341040462427745,173,0.02389527644922515
4117214,0.1973056810735026,0.2037037037037037,54,-0.006398022630201089
2509602,0.19705472481840777,0.06666666666666667,45,0.1303880581517411
3516507,0.19693104147964405,0.14285714285714285,28,0.0540738986225012
3521903,0.19693104147964402,0.17006802721088435,147,0.026863014268759672
3519006,0.19693104147964402,0.18604651162790697,86,0.010884529851737046
2313401,0.19592935663502714,0.13998170173833485,1093,0.05594765489669229
3153004,0.19399065628269083,0.46938775510204084,49,-0.27539709881935004
3158409,0.19399065628269083,0.2608695652173913,23,-0.06687890893470047
3162948,0.19399065628269083,0.27472527472527475,91,-0.08073461844258392
3148806,0.19399065628269083,0.14705882352941177,34,0.04693183275327906
5216304,0.1939611729376884,0.029411764705882353,102,0.16454940823180603
5213905,0.1939611729376884,0.0,37,0.1939611729376884
5210562,0.1939611729376884,0.2236842105263158,76,-0.029723037588627405
4215406,0.193845261765102,0.27450980392156865,51,-0.08066454215646665
4212239,0.19384526176510197,0.16129032258064516,31,0.032554939184456816
4122305,0.19378436821214487,0.11320754716981132,371,0.08057682104233355
4312203,0.1932487126123287,0.5675675675675675,37,-0.37431885495523887
2202133,0.19264209606704835,0.041666666666666664,72,0.1509754294003817
2204808,0.19264209606704835,0.041666666666666664,72,0.1509754294003817
4314753,0.19184573612971065,0.3333333333333333,24,-0.14148759720362267
4320230,0.19184573612971062,0.631578947368421,19,-0.4397332112387104
4320453,0.19184573612971062,0.8888888888888888,18,-0.6970431527591783
3544202,0.19184573612971062,0.15294117647058825,85,0.03890455965912237
4308250,0.19184573612971062,0.2857142857142857,7,-0.09386854958457508
4314068,0.19184573612971062,0.25,16,-0.05815426387028938
3513306,0.19184573612971062,0.5294117647058824,17,-0.33756602857617174
4322525,0.19184573612971062,0.5333333333333333,30,-0.3414875972036227
3204559,0.19111375325269686,0.14563106796116504,515,0.04548268529153182
2104099,0.19106839407994455,0.15656565656565657,198,0.03450273751428798
2309607,0.19106839407994455,0.12143928035982009,667,0.06962911372012447
2107258,0.19106839407994455,0.22857142857142856,70,-0.03750303449148401
2301901,0.19106839407994455,0.12056737588652482,705,0.07050101819341974
2313351,0.19106839407994453,0.19911504424778761,226,-0.008046650167843089
2500734,0.1908382898445128,0.5862068965517241,29,-0.3953686067072113
2514206,0.1908382898445128,0.40476190476190477,84,-0.21392361491739198
4314076,0.19073788549368004,0.4230769230769231,52,-0.23233903758324304
4310702,0.19070593278581538,0.6206896551724138,29,-0.42998372238659843
4321667,0.1905392469406573,0.4649122807017544,114,-0.2743730337610971
4315909,0.18975332918739343,0.463768115942029,69,-0.27401478675463553
4123303,0.1887612195202421,0.4205607476635514,107,-0.23179952814330929
4123006,0.18876121952024208,0.2261904761904762,168,-0.03742925667023411
4112801,0.18876121952024208,0.14545454545454545,165,0.04330667406569663
4113734,0.18876121952024208,0.13043478260869565,92,0.05832643691154643
4126603,0.18876121952024208,0.16917293233082706,266,0.01958828718941502
4107850,0.18876121952024208,0.14516129032258066,62,0.043599929197661424
4128005,0.18876121952024208,0.22440944881889763,254,-0.03564822929865555
4103958,0.18876121952024208,0.15384615384615385,78,0.034915065674088225
5218805,0.18627159517727795,0.11743912018853103,2546,0.06883247498874692
5103809,0.18627159517727795,0.4166666666666667,36,-0.23039507148938873
5220603,0.18627159517727793,0.09,200,0.09627159517727793
4212601,0.18615921798706236,0.125,24,0.061159217987062364
4202131,0.18615921798706236,0.18461538461538463,65,0.0015438333716777386
2309102,0.18586353342661488,0.1111111111111111,108,0.07475242231550377
2306256,0.18586353342661488,0.1504539559014267,771,0.03540957752518817
4314423,0.1842208569947958,0.4230769230769231,52,-0.23885606608212728
3535408,0.18422085699479576,0.07602339181286549,171,0.10819746518193027
4304952,0.18422085699479576,0.6,20,-0.41577914300520424
4313391,0.18422085699479576,0.23076923076923078,39,-0.04654837377443502
2306900,0.18346739641642767,0.10746268656716418,335,0.0760047098492635
2105922,0.18346739641642767,0.21518987341772153,79,-0.03172247700129385
2105351,0.18346739641642767,0.2716049382716049,162,-0.08813754185517725
2109700,0.18346739641642767,0.22388059701492538,67,-0.040413200598497706
2112852,0.18346739641642767,0.25748502994011974,167,-0.07401763352369206
2910206,0.18346739641642767,0.47619047619047616,42,-0.2927230797740485
2311504,0.18346739641642767,0.06857142857142857,175,0.1148959678449991
2110237,0.18346739641642767,0.4666666666666667,60,-0.283199270250239
2509305,0.18324437248406394,0.48314606741573035,178,-0.2999016949316664
3200102,0.18322182468039544,0.07942238267148015,277,0.10379944200891529
4314001,0.18311776354370127,0.3469387755102041,98,-0.1638210119665028
2605400,0.1828694437306357,0.1643835616438356,219,0.018485882086800104
3203700,0.18161260585788488,0.18285714285714286,175,-0.0012445369992579725
3203163,0.17990549108664222,0.10144927536231885,69,0.07845621572432337
1101476,0.17989635351569264,0.423728813559322,59,-0.24383246004362938
4127205,0.1766685287900819,0.10599078341013825,217,0.07067774537994366
4103800,0.1766685287900819,0.16483516483516483,91,0.011833363954917075
4112751,0.1766685287900819,0.0967741935483871,62,0.07989433524169481
4119103,0.17666852879008188,0.16489361702127658,188,0.011774911768805296
4312153,0.1764199551946674,0.37735849056603776,53,-0.20093853537137035
3159209,0.17461356884222498,0.07575757575757576,66,0.09885599308464922
3156601,0.17461356884222498,0.36065573770491804,61,-0.18604216886269306
3143500,0.17461356884222498,0.35526315789473684,76,-0.18064958905251186
3144508,0.17461356884222498,0.14772727272727273,88,0.026886296114952246
3104106,0.17461356884222498,0.16071428571428573,56,0.013899283127939255
3171907,0.17461356884222498,0.2903225806451613,31,-0.11570901180293633
3124609,0.17461356884222498,0.3333333333333333,21,-0.15871976449110833
3161700,0.17461356884222498,0.1724137931034483,58,0.0021997757387766936
3100401,0.17461356884222495,0.28,25,-0.10538643115777507
5104203,0.17458639258824082,0.15384615384615385,117,0.02074023874208697
5215306,0.17458639258824082,0.23170731707317074,164,-0.05712092448492992
5204854,0.17458639258824082,0.14728682170542637,129,0.027299570882814456
5105234,0.17458639258824082,0.4827586206896552,58,-0.30817222810141437
5215009,0.17458639258824082,0.23728813559322035,118,-0.06270174300497952
5220686,0.17458639258824082,0.21875,64,-0.044163607411759176
5206909,0.17458639258824082,0.17391304347826086,23,0.0006733491099799593
5220207,0.17458639258824082,0.08727272727272728,275,0.08731366531551354
5220058,0.17458639258824082,0.125,24,0.049586392588240824
4200754,0.17447955346574243,0.14814814814814814,27,0.026331405317594286
4205100,0.17447955346574243,0.1111111111111111,54,0.06336844235463132
4217154,0.17447955346574243,0.15789473684210525,19,0.016584816623637172
4209854,0.17447955346574243,0.15217391304347827,46,0.022305640422264156
2207207,0.17337073750968016,0.0,86,0.17337073750968016
4316006,0.17323308327048825,0.3368421052631579,190,-0.16360902199266963
4315149,0.17263700826795358,0.43478260869565216,46,-0.2621456004276986
3540101,0.17263700826795358,0.09090909090909091,33,0.08172791735886267
4310306,0.17263700826795358,0.5172413793103449,29,-0.3446043710423913
4313334,0.17263700826795358,0.72,25,-0.5473629917320464
3505401,0.17263700826795358,0.6545454545454545,55,-0.48190844627750096
4304697,0.17263700826795358,0.42424242424242425,33,-0.25160541597447067
4316204,0.17263700826795358,0.25,32,-0.07736299173204642
4305587,0.17263700826795358,0.6,25,-0.4273629917320464
4301651,0.17263700826795358,0.46875,32,-0.2961129917320464
4305850,0.17263700826795358,0.5833333333333334,12,-0.4106963250653798
4321469,0.17263700826795358,0.30303030303030304,33,-0.13039329476234945
3549201,0.17263700826795358,0.2,10,-0.027362991732046427
4110805,0.1719859142730921,0.19607843137254902,153,-0.024092517099456923
2313302,0.17192094085655865,0.07969639468690702,527,0.09222454616965163
2303501,0.17192094085655865,0.17345872518286312,957,-0.00153778432630447
2303402,0.17192094085655865,0.1592920353982301,226,0.012628905458328565
2301208,0.17192094085655865,0.0914826498422713,317,0.08043829101428736
2313708,0.17192094085655865,0.11320754716981132,53,0.05871339368674733
2301406,0.17192094085655865,0.19318181818181818,176,-0.021260877325259525
2308377,0.17192094085655865,0.1456953642384106,151,0.02622557661814806
2307403,0.17192094085655865,0.09712230215827339,278,0.07479863869828526
2513109,0.1717090012339671,0.5945945945945946,37,-0.42288559336062753
4106555,0.17150804687819582,0.1206896551724138,58,0.05081839170578202
4103453,0.17150804687819582,0.21453287197231835,289,-0.04302482509412253
4117297,0.17150804687819582,0.02857142857142857,35,0.14293661830676724
4103156,0.17150804687819582,0.07142857142857142,42,0.1000794754496244
4103305,0.17150804687819582,0.24675324675324675,77,-0.07524519987505093
4121901,0.17150804687819582,0.15384615384615385,156,0.017661893032041964
4121505,0.17150804687819582,0.22797927461139897,193,-0.05647122773320315
4124806,0.17150804687819582,0.12686567164179105,134,0.04464237523640477
4117453,0.17150804687819582,0.09859154929577464,71,0.07291649758242118
4113809,0.17150804687819582,0.21875,32,-0.04724195312180418
4107504,0.17150804687819582,0.17355371900826447,121,-0.0020456721300686487
4113452,0.17150804687819582,0.26666666666666666,75,-0.09515861978847084
4110953,0.17150804687819582,0.15606936416184972,173,0.015438682716346103
4123204,0.17150804687819582,0.2,35,-0.028491953121804192
2106003,0.1710709529254916,0.0916030534351145,131,0.0794678994903771
4322905,0.16896294116910718,0.16666666666666666,36,0.0022962745024405207
4323408,0.16860817204255654,0.42424242424242425,33,-0.2556342521998677
4301552,0.16814648181380798,0.4444444444444444,27,-0.27629796263063644
1300631,0.1680340240307952,0.22026431718061673,227,-0.05223029314982153
4305504,0.1665925752988837,0.16129032258064516,31,0.0053022527182385315
4322301,0.16600738564234996,0.47368421052631576,76,-0.3076768248839658
2705903,0.16211622959945957,0.17857142857142858,28,-0.01645519897196901
4313201,0.16125753647530683,0.43673469387755104,245,-0.2754771574022442
3128501,0.16088628532362803,0.2727272727272727,33,-0.11184098740364468
3155009,0.16088628532362803,0.09523809523809523,21,0.0656481900855328
3150000,0.16088628532362803,0.22413793103448276,58,-0.06325164571085473
3107000,0.16088628532362803,0.41379310344827586,29,-0.2529068181246478
5103601,0.16086082915738217,0.2804878048780488,82,-0.11962697572066663
5219456,0.16086082915738217,0.043478260869565216,23,0.11738256828781696
5210307,0.16086082915738217,0.07407407407407407,27,0.0867867550833081
5205406,0.16086082915738217,0.054878048780487805,164,0.10598278037689438
2201919,0.15972225225883252,0.24324324324324326,37,-0.08352099098441074
2209559,0.15972225225883252,0.3333333333333333,66,-0.1736110810745008
2205151,0.1597222522588325,0.1568627450980392,51,0.0028595071607932787
4315206,0.15903517243125206,0.1724137931034483,29,-0.013378620672196223
3518909,0.15903517243125206,0.19047619047619047,42,-0.0314410180449384
4312179,0.15903517243125206,0.4166666666666667,12,-0.25763149423541465
4316501,0.15903517243125206,0.29508196721311475,61,-0.13604679478186268
4321626,0.15903517243125206,0.3157894736842105,19,-0.15675430125295844
3204658,0.15903517243125206,0.14583333333333334,96,0.013201839097918722
4121406,0.1584255544233008,0.20192307692307693,208,-0.04349752249977612
4108205,0.15842555442330078,0.14925373134328357,67,0.00917182308001721
4121257,0.15842555442330078,0.22580645161290322,62,-0.06738089718960244
4110508,0.15842555442330078,0.17346938775510204,196,-0.01504383333180126
4109005,0.15842555442330078,0.2463768115942029,69,-0.08795125717090213
4119806,0.15842555442330078,0.20161290322580644,124,-0.04318734880250566
4125209,0.15842555442330078,0.15151515151515152,99,0.00691040290814926
2307601,0.15836472409110042,0.10305343511450382,524,0.055311288976596595
2301000,0.15836472409110042,0.15954415954415954,1053,-0.0011794354530591245
2314102,0.15836472409110042,0.09803921568627451,765,0.06032550840482591
2305704,0.15836472409110042,0.1111111111111111,126,0.04725361297998931
2300101,0.15836472409110042,0.08421052631578947,95,0.07415419777531095
2311306,0.15836472409110042,0.0752157829839704,811,0.08314894110713002
2105948,0.15756900567954493,0.07692307692307693,78,0.080645928756468
4323507,0.15742627661790173,0.2727272727272727,22,-0.11530099610937097
3129400,0.15272272804253467,0.12,50,0.03272272804253468
3112000,0.15272272804253467,0.0967741935483871,93,0.05594853449414758
3165008,0.15241298654493002,0.07446808510638298,94,0.07794490143854704
4303806,0.15082312621522334,0.3541666666666667,48,-0.20334354045144334
4214151,0.15074104922589596,0.3611111111111111,36,-0.21037006188521515
4206603,0.15074104922589596,0.3978494623655914,93,-0.24710841313969542
4219150,0.15074104922589596,0.2916666666666667,24,-0.14092561744077073
2609105,0.1498203025501243,0.032520325203252036,123,0.11729997734687225
4307203,0.14966224638155812,0.5283018867924528,53,-0.3786396404108947
2208908,0.1495036429381267,0.15053763440860216,93,-0.0010339914704754483
2210805,0.1495036429381267,0.325,120,-0.1754963570618733
4303202,0.14910391013027463,0.42105263157894735,19,-0.2719487214486727
3554904,0.14910391013027463,0.3026315789473684,76,-0.1535276688170938
4323200,0.14910391013027463,0.4375,16,-0.28839608986972537
3519501,0.14910391013027463,0.2923076923076923,65,-0.1432037821774177
4303301,0.14910391013027463,0.375,24,-0.22589608986972537
4304655,0.14910391013027463,0.2857142857142857,21,-0.13661037558401107
3520806,0.14910391013027463,0.05128205128205128,39,0.09782185884822335
3514957,0.14910391013027463,0.2692307692307692,26,-0.12012685910049459
4119004,0.1485256374535435,0.11475409836065574,61,0.033771539092887756
4122008,0.1485256374535435,0.10638297872340426,188,0.04214265873013924
4116059,0.1485256374535435,0.16911764705882354,136,-0.020592009605280043
4117271,0.1485256374535435,0.14634146341463414,41,0.002184174038909359
4117404,0.1485256374535435,0.425,40,-0.2764743625464565
4122800,0.1485256374535435,0.06896551724137931,58,0.07956012021216419
4111100,0.1485256374535435,0.12698412698412698,63,0.02154151046941652
4101903,0.1485256374535435,0.19375,160,-0.04522436254645651
4107538,0.1485256374535435,0.04,50,0.10852563745354349
4126108,0.1485256374535435,0.3013698630136986,73,-0.15284422556015512
2709301,0.14834075959472953,0.052132701421800945,633,0.09620805817292859
2301950,0.1482176460788131,0.08852459016393442,305,0.05969305591487868
2309805,0.1482176460788131,0.08823529411764706,136,0.05998235196116604
2313559,0.1482176460788131,0.04741379310344827,232,0.10080385297536483
2312106,0.1482176460788131,0.03488372093023256,172,0.11333392514858054
2301109,0.1482176460788131,0.08844339622641509,848,0.059774249852398015
2309458,0.1482176460788131,0.1526479750778816,321,-0.004430328999068506
2306801,0.1482176460788131,0.061224489795918366,98,0.08699315628289474
2313104,0.1482176460788131,0.15810276679841898,253,-0.009885120719605872
2510600,0.1480297036647898,0.0,29,0.1480297036647898
2101350,0.14666660975651624,0.0,18,0.14666660975651624
2110104,0.14666660975651624,0.20105820105820105,189,-0.054391591301684805
2108900,0.14666660975651624,0.225,80,-0.07833339024348376
2104503,0.14666660975651624,0.21505376344086022,93,-0.06838715368434398
2104909,0.14666660975651624,0.13385826771653545,127,0.012808342039980797
4312757,0.1451021514396226,0.35294117647058826,34,-0.20783902503096566
5222005,0.14438323073206866,0.12179487179487179,156,0.022588358937196865
5220280,0.14438323073206866,0.13636363636363635,22,0.008019594368432303
5206305,0.14438323073206866,0.18,50,-0.035616769267931336
5215900,0.14438323073206866,0.16666666666666666,36,-0.022283435934598
5106851,0.14211957351318716,0.2222222222222222,27,-0.08010264870903505
5104542,0.14211957351318716,0.22321428571428573,112,-0.08109471220109857
5000856,0.13926594790525387,0.15422885572139303,201,-0.014962907816139154
4301701,0.13920504345620532,0.24,75,-0.10079495654379467
4317954,0.13626860247098718,0.21739130434782608,23,-0.0811227018768389
4316758,0.1359720587036855,0.5316455696202531,79,-0.3956735109165676
3167301,0.1250527020205174,0.13636363636363635,22,-0.011310934343118945
3306156,0.12490413133457971,0.16666666666666666,60,-0.041762535332086945
3158904,0.1248947736633802,0.22857142857142856,70,-0.10367665490804837
3110400,0.12489477366338018,0.13333333333333333,30,-0.008438559669953147
3117405,0.12489477366338018,0.25,24,-0.1251052263366198
3160959,0.12489477366338018,0.06382978723404255,94,0.06106498642933764
3136579,0.12489477366338018,0.09090909090909091,33,0.03398568275428927
3117702,0.12489477366338018,0.21705426356589147,129,-0.09215948990251129
3141207,0.12489477366338017,0.08108108108108109,37,0.043813692582299085
4211652,0.124052404824375,0.13043478260869565,23,-0.006382377784320645
2200202,0.12284664753351737,0.08021390374331551,187,0.04263274379020186
2202109,0.12284664753351737,0.0,32,0.12284664753351737
2201804,0.12284664753351737,0.45,20,-0.32715335246648264
2200301,0.12284664753351737,0.17857142857142858,84,-0.0557247810379112
2203420,0.12284664753351736,0.17777777777777778,45,-0.054931130244260426
4127809,0.12251405071120669,0.16417910447761194,67,-0.04166505376640525
4319364,0.12250792194611085,0.1,10,0.022507921946110843
3532504,0.12250792194611083,0.2564102564102564,78,-0.13390233446414557
3548302,0.12250792194611083,0.0,28,0.12250792194611083
3546108,0.12250792194611083,0.0,26,0.12250792194611083
3552601,0.12250792194611083,0.011764705882352941,85,0.1107432160637579
4304713,0.12250792194611083,0.375,48,-0.2524920780538892
4306452,0.12250792194611083,0.4722222222222222,36,-0.3497143002761114
4323309,0.12250792194611083,0.34615384615384615,26,-0.22364592420773532
4303673,0.12250792194611083,0.19047619047619047,21,-0.06796826853007963
3512100,0.12250792194611083,0.27102803738317754,107,-0.14852011543706672
4313011,0.12250792194611082,0.4,35,-0.2774920780538892
4309704,0.12250792194611082,0.3877551020408163,49,-0.2652471800947055
4113403,0.12201800569434279,0.10256410256410256,39,0.01945390313024023
4118451,0.12201800569434278,0.09090909090909091,77,0.031108914785251865
4119251,0.12201800569434278,0.029411764705882353,34,0.09260624098846043
4101150,0.12201800569434278,0.13953488372093023,43,-0.017516878026587454
4124509,0.12201800569434278,0.19767441860465115,86,-0.07565641291030838
4114351,0.12201800569434278,0.2903225806451613,31,-0.16830457495081852
4102505,0.12201800569434278,0.22580645161290322,93,-0.10378844591856044
4101309,0.12201800569434278,0.11827956989247312,93,0.0037384358018696523
4120705,0.12201800569434278,0.09574468085106383,94,0.026273324843278947
4126900,0.12201800569434278,0.22727272727272727,44,-0.10525472157838449
4118709,0.12201800569434278,0.1566265060240964,83,-0.034608500329753614
4115853,0.12201800569434278,0.06796116504854369,103,0.05405684064579909
2310852,0.12175712193159521,0.11397058823529412,272,0.007786533696301098
2301604,0.1217571219315952,0.019230769230769232,260,0.10252635270082597
2309508,0.1217571219315952,0.08928571428571429,224,0.03247140764588091
2303204,0.1217571219315952,0.17455621301775148,338,-0.05279909108615628
2313500,0.1217571219315952,0.08241082410824108,813,0.03934629782335412
2306306,0.1217571219315952,0.10386965376782077,491,0.017887468163774428
2306207,0.1217571219315952,0.03260869565217391,92,0.0891484262794213
2311207,0.1217571219315952,0.08955223880597014,67,0.032204883125625056
2517407,0.12159794205855094,0.3333333333333333,24,-0.21173539127478236
2107803,0.12044383001772306,0.4472049689440994,322,-0.3267611389263763
2106805,0.12044383001772305,0.3006993006993007,143,-0.18025547068157763
2100808,0.12044383001772305,0.6605504587155964,109,-0.5401066286978733
2100402,0.12044383001772305,0.2692307692307692,52,-0.14878693921304617
5221452,0.11851200214907076,0.05405405405405406,37,0.0644579480950167
5202353,0.11851200214907076,0.16129032258064516,31,-0.042778320431574396
5214705,0.11851200214907076,0.047619047619047616,21,0.07089295453002314
5103957,0.11659868252222091,0.16326530612244897,49,-0.04666662360022805
5107107,0.1165986825222209,0.3131868131868132,182,-0.1965881306645923
3120805,0.11408761430896604,0.24087591240875914,137,-0.12678829809979308
2501203,0.11306296906827228,0.297029702970297,101,-0.18396673390202473
3162807,0.11278624955789081,0.2980132450331126,151,-0.1852269954752218
3137106,0.1127862495578908,0.43243243243243246,37,-0.31964618287454166
3118106,0.1127862495578908,0.4,35,-0.28721375044210923
3106408,0.11278624955789078,0.02564102564102564,78,0.08714522391686513
4316477,0.11236131217703,0.3888888888888889,36,-0.2765275767118589
4308458,0.11236131217702999,0.3181818181818182,22,-0.20582050600478818
4126272,0.11024362418083272,0.14285714285714285,98,-0.03261351867631013
4102208,0.11024362418083272,0.11363636363636363,44,-0.0033927394555309104
4108650,0.11024362418083272,0.09523809523809523,63,0.01500552894273749
4120853,0.11024362418083272,0.10294117647058823,68,0.007302447710244492
4126405,0.11024362418083272,0.09230769230769231,65,0.01793593187314041
4110656,0.11024362418083272,0.14814814814814814,27,-0.03790452396731542
4113429,0.11024362418083272,0.16279069767441862,43,-0.052547073493585894
4319752,0.10881377877857185,0.5806451612903226,31,-0.4718313825117508
4215604,0.10783280086311627,0.13513513513513514,37,-0.027302334272018877
4217550,0.10783280086311627,0.025,40,0.08283280086311626
4201604,0.10783280086311627,0.24444444444444444,45,-0.13661164358132816
4207858,0.10783280086311625,0.12,25,-0.012167199136883744
4303707,0.10660317551245833,0.5,44,-0.39339682448754165
4315131,0.10660317551245832,0.058823529411764705,17,0.047779646100693615
4307864,0.10660317551245832,0.3076923076923077,26,-0.2010891321798494
4319703,0.10660317551245832,0.5217391304347826,23,-0.41513595492232425
2603900,0.1063787033821936,0.07539682539682539,252,0.03098187798536821
3203304,0.10565648741894125,0.049079754601226995,163,0.056576732817714255
3200136,0.10565648741894125,0.0547945205479452,146,0.05086196687099605
3515657,0.10565648741894124,0.56,25,-0.4543435125810588
2304285,0.10411416185166979,0.06111696522655427,949,0.042997196625115516
2306553,0.10411416185166979,0.07456140350877193,456,0.02955275834289786
2302503,0.10411416185166979,0.045112781954887216,532,0.05900137989678257
2311801,0.10411416185166977,0.05504587155963303,763,0.04906829029203674
2103158,0.10296885820171706,0.11965811965811966,117,-0.016689261456402607
2105708,0.10296885820171704,0.20243902439024392,410,-0.09947016618852687
4300455,0.10236371805410245,0.36363636363636365,33,-0.2612726455822612
5212907,0.10128503947799165,0.16666666666666666,48,-0.065381627188675
5201306,0.10128503947799165,0.018867924528301886,159,0.08241711494968977
5214101,0.10128503947799164,0.0,52,0.10128503947799164
5219738,0.10128503947799164,0.16831683168316833,101,-0.06703179220517669
5214879,0.10128503947799164,0.05,40,0.05128503947799164
2611903,0.10121625565145777,0.09090909090909091,209,0.010307164742366856
2612109,0.10121625565145777,0.0784313725490196,51,0.02278488310243816
4114005,0.09591931637682546,0.24812030075187969,133,-0.15220098437505422
4119657,0.09591931637682546,0.17142857142857143,35,-0.07550925505174597
4103008,0.09591931637682546,0.07407407407407407,54,0.021845242302751394
4124905,0.09591931637682546,0.06896551724137931,58,0.026953799135446155
3102050,0.09357386104498984,0.12903225806451613,93,-0.035458397019526286
4319711,0.09270260002676704,0.26666666666666666,15,-0.1739640666398996
4312005,0.09270260002676704,0.4166666666666667,12,-0.32396406663989963
3507704,0.08904022994615511,0.25925925925925924,54,-0.17021902931310412
3518008,0.0890402299461551,0.42857142857142855,14,-0.3395311986252735
3555109,0.0890402299461551,0.06557377049180328,122,0.023466459454351815
3532702,0.0890402299461551,0.19298245614035087,57,-0.10394222619419577
3529104,0.0890402299461551,0.0,13,0.0890402299461551
2702306,0.08782303444120822,0.07750952986022872,787,0.010313504580979502
2703007,0.0878230344412082,0.45569620253164556,79,-0.36787316809043735
2210201,0.08779029506439971,0.029411764705882353,34,0.05837853035851736
2311108,0.08779029506439971,0.07936507936507936,252,0.008425215699320351
2210631,0.08779029506439971,0.23076923076923078,52,-0.14297893570483106
2211407,0.08779029506439971,0.23809523809523808,42,-0.15030494303083836
2310704,0.08779029506439971,0.08683473389355742,357,0.0009555611708422923
2308500,0.08779029506439971,0.06506024096385542,415,0.022730054100544295
2304707,0.08779029506439971,0.022222222222222223,675,0.06556807284217749
2203230,0.08779029506439971,0.07692307692307693,39,0.010867218141322785
2304202,0.08779029506439971,0.04628099173553719,1210,0.041509303328862525
2305233,0.08779029506439971,0.038293216630196934,914,0.04949707843420278
5100359,0.08755121307911494,0.5104166666666666,96,-0.4228654535875517
2110039,0.08680716195459388,0.13991769547325103,243,-0.053110533518657146
2110500,0.08680716195459388,0.20388349514563106,309,-0.11707633319103718
5206800,0.0861294626280876,0.030303030303030304,33,0.055826432325057296
5210158,0.0861294626280876,0.03571428571428571,28,0.05041517691380189
4215356,0.07655798117925164,0.25,24,-0.17344201882074836
4125555,0.07635375345133283,0.2692307692307692,26,-0.1928770157794364
4122107,0.07635375345133283,0.3055555555555556,36,-0.22920180210422275
4108551,0.07635375345133283,0.25925925925925924,27,-0.18290550580792642
4106852,0.07635375345133283,0.05555555555555555,36,0.020798197895777276
3547650,0.07538458868006628,0.045454545454545456,22,0.029930043225520828
2102002,0.07506204690134492,0.3132530120481928,332,-0.23819096514684784
2513943,0.07504024964616551,0.0,40,0.07504024964616551
2515203,0.07504024964616551,0.30303030303030304,33,-0.22799005338413753
2511004,0.07504024964616551,0.3,40,-0.22495975035383448
4209177,0.0738812086632798,0.42105263157894735,19,-0.34717142291566755
4323606,0.07373966376305949,0.14285714285714285,14,-0.06911747909408336
4301073,0.07373966376305949,0.8181818181818182,22,-0.7444421544187587
4306551,0.07373966376305949,0.42857142857142855,14,-0.3548317648083691
4308854,0.07373966376305949,0.14285714285714285,14,-0.06911747909408336
3166956,0.07263844177957254,0.038461538461538464,26,0.03417690331803408
3136108,0.07263844177957254,0.14814814814814814,27,-0.0755097063685756
3122801,0.07263844177957254,0.15,20,-0.07736155822042745
2308609,0.07210469236327036,0.02843601895734597,211,0.04366867340592438
5107750,0.06998187940691729,0.02631578947368421,38,0.04366608993323308
5108204,0.06998187940691729,0.11428571428571428,35,-0.044303834878796994
3507753,0.06904186694958137,0.0,24,0.06904186694958137
3512902,0.06904186694958137,0.4411764705882353,68,-0.3721346036386539
3537107,0.06904186694958137,0.058394160583941604,411,0.010647706365639761
3540853,0.06904186694958137,0.2,10,-0.13095813305041865
3528858,0.06904186694958137,0.0,37,0.06904186694958137
3547106,0.06904186694958137,0.19444444444444445,36,-0.12540257749486308
1700350,0.06888021386194029,0.24615384615384617,65,-0.17727363229190587
2209807,0.06886722546188706,0.3584905660377358,53,-0.28962334057584876
2305803,0.06886722546188706,0.13378684807256236,441,-0.0649196226106753
2306702,0.06886722546188706,0.06321839080459771,174,0.005648834657289353
2209104,0.06886722546188706,0.018518518518518517,54,0.05034870694336854
2304608,0.06886722546188706,0.023529411764705882,85,0.04533781369718118
2313906,0.06886722546188706,0.01,200,0.05886722546188706
2305308,0.06886722546188706,0.025559105431309903,313,0.04330812003057716
2314003,0.06886722546188706,0.09047619047619047,420,-0.021608965014303413
2302602,0.06886722546188706,0.05906040268456376,745,0.009806822777323303
2200806,0.06886722546188706,0.2619047619047619,42,-0.19303753644287486
2210300,0.06886722546188706,0.1206896551724138,58,-0.05182242971052674
2313252,0.06886722546188706,0.08247422680412371,97,-0.01360700134223665
2304806,0.06886722546188706,0.0847457627118644,59,-0.015878537249977343
2211506,0.06886722546188706,0.5142857142857142,35,-0.4454184888238272
2300200,0.06886722546188706,0.022754491017964073,835,0.046112734443922984
2307809,0.06886722546188706,0.033707865168539325,445,0.035159360293347736
2310209,0.06886722546188706,0.04929577464788732,568,0.01957145081399974
5203939,0.06882391837593953,0.03333333333333333,30,0.035490585042606194
2105658,0.06808018973510999,0.3218390804597701,87,-0.2537588907246601
2107100,0.06808018973510999,0.3305439330543933,239,-0.2624637433192833
2111748,0.06808018973510999,0.039603960396039604,101,0.02847622933907038
3137908,0.06736105532851122,0.05263157894736842,19,0.014729476381142803
3142205,0.06398376555318258,0.2127659574468085,94,-0.14878219189362593
5003454,0.06082188800924101,0.33519553072625696,179,-0.274373642717016
4216255,0.05999464242631869,0.07692307692307693,65,-0.016928434496758238
4123600,0.059824343316323574,0.0,15,0.059824343316323574
2516904,0.05811137502653135,0.5483870967741935,124,-0.49027572174766215
4307815,0.05774078644963469,0.4,25,-0.3422592135503653
3530201,0.056745927005257595,0.1206896551724138,116,-0.06394372816715621
2311009,0.05592572012777245,0.0,136,0.05592572012777245
2312304,0.048785428978560655,0.04912280701754386,570,-0.00033737803898320484
2304103,0.04704026984283154,0.028189910979228485,674,0.018850358863603058
2302800,0.04687649777527186,0.05030674846625767,815,-0.003430250690985813
3143609,0.046711475236529985,0.32142857142857145,28,-0.2747170961920415
3100708,0.046711475236529985,0.45,20,-0.40328852476347005
3171105,0.046326869016961106,0.23529411764705882,34,-0.18896724863009773
5216908,0.04544923591146054,0.19230769230769232,26,-0.1468584563962318
5219605,0.04544923591146054,0.08333333333333333,36,-0.03788409742187279
5215405,0.04544923591146054,0.03389830508474576,59,0.011550930826714774
5214051,0.04544923591146054,0.0594059405940594,101,-0.013956704682598867
5211404,0.04544923591146054,0.054945054945054944,91,-0.009495819033594408
5207600,0.04544923591146054,0.0,39,0.04544923591146054
2311959,0.045366134625416984,0.015810276679841896,253,0.02955585794557509
2201945,0.045366134625416984,0.2222222222222222,63,-0.1768560875968052
3552551,0.045366134625416984,0.09375,32,-0.048383865374583016
2302057,0.045366134625416984,0.04330708661417323,254,0.0020590480112437567
2302305,0.045366134625416984,0.02181818181818182,275,0.023547952807235165
3542503,0.045366134625416984,0.15492957746478872,71,-0.10956344283937174
3508207,0.045366134625416984,0.42857142857142855,49,-0.38320529394601155
2309300,0.045366134625416984,0.003663003663003663,273,0.04170313096241332
2305332,0.045366134625416984,0.033707865168539325,89,0.01165826945687766
2306504,0.045366134625416984,0.07471264367816093,174,-0.02934650905274394
2303006,0.045366134625416984,0.012738853503184714,157,0.032627281122232274
2303303,0.045366134625416984,0.047619047619047616,168,-0.002252912993630632
2306108,0.045366134625416984,0.03235294117647059,340,0.013013193448946393
2310803,0.045366134625416984,0.06504065040650407,246,-0.019674515781087087
2205532,0.045366134625416984,0.01639344262295082,61,0.028972692002466164
2303808,0.045366134625416984,0.012345679012345678,162,0.033020455613071306
2209450,0.045366134625416984,0.21739130434782608,23,-0.1720251697224091
2313609,0.04536613462541698,0.04878048780487805,451,-0.003414353179461073
2512309,0.04462109815420193,0.13471502590673576,193,-0.09009392775253383
4116950,0.041467776863488674,0.11904761904761904,84,-0.07757984218413036
4307450,0.03999634327465965,0.2,35,-0.16000365672534037
3113602,0.029142797193921894,0.2571428571428571,70,-0.2280000599489352
3130309,0.029142797193921894,0.06060606060606061,66,-0.03146326341213872
3120839,0.029142797193921894,0.3076923076923077,52,-0.27854951049838583
3141603,0.02914279719392189,0.14864864864864866,74,-0.11950585145472677
5212600,0.028703990630221252,0.2857142857142857,28,-0.2570102950840644
5212006,0.028703990630221252,0.0,17,0.028703990630221252
5208152,0.028703990630221252,0.2033898305084746,59,-0.17468583987825334
5221908,0.02870399063022125,0.15217391304347827,46,-0.12346992241325702
3521606,0.028701244448400925,0.0425531914893617,47,-0.013851947040960776
2301802,0.028701244448400925,0.08333333333333333,36,-0.0546320888849324
2307635,0.028701244448400925,0.0481283422459893,187,-0.019427097797588378
2304236,0.028701244448400925,0.008583690987124463,233,0.02011755346127646
2309904,0.028701244448400925,0.0,73,0.028701244448400925
2313005,0.028701244448400925,0.010416666666666666,192,0.018284577781734257
2305902,0.02870124444840092,0.004618937644341801,433,0.02408230680405912
2304459,0.02870124444840092,0.07111111111111111,225,-0.04240986666271019
2307908,0.02870124444840092,0.007575757575757576,132,0.021125486872643345
2309003,0.02870124444840092,0.011764705882352941,170,0.01693653856604798
2300507,0.02870124444840092,0.009523809523809525,105,0.019177434924591397
2208858,0.02870124444840092,0.07575757575757576,66,-0.04705633130917484
2308203,0.02870124444840092,0.018018018018018018,222,0.010683226430382903
2203453,0.02870124444840092,0.12727272727272726,55,-0.09857148282432635
2205607,0.02870124444840092,0.0,58,0.02870124444840092
2303956,0.02870124444840092,0.028688524590163935,244,1.2719858236986264e-05
2311405,0.02870124444840092,0.012557077625570776,876,0.016144166822830146
2310258,0.02870124444840092,0.06181015452538632,453,-0.033108910076985396
2204303,0.02870124444840092,0.03409090909090909,88,-0.005389664642508167
3515608,0.02870124444840092,0.140625,64,-0.11192375555159909
2305654,0.02870124444840092,0.008064516129032258,124,0.020636728319368663
2300804,0.02870124444840092,0.054945054945054944,91,-0.026243810496654023
2304301,0.02870124444840092,0.04,175,-0.01129875555159908
2303931,0.028701244448400918,0.046052631578947366,152,-0.017351387130546448
2312205,0.028701244448400918,0.04935064935064935,385,-0.020649404902248435
2313203,0.028701244448400918,0.01694915254237288,236,0.011752091906028037
2304657,0.028701244448400918,0.0,157,0.028701244448400918
2105203,0.028359257318958265,0.10309278350515463,97,-0.07473352618619637
2104628,0.028359257318958265,0.08333333333333333,96,-0.05497407601437507
2100873,0.02835925731895826,0.08275862068965517,145,-0.05439936337069691
2311264,0.027976142041961843,0.009569377990430622,209,0.018406764051531223
2308807,0.021543070896356372,0.07142857142857142,84,-0.04988550053221505
2310100,0.021543070896356372,0.056910569105691054,123,-0.035367498209334686
2310407,0.021543070896356372,0.057971014492753624,69,-0.036427943596397255
2312007,0.021543070896356372,0.017421602787456445,287,0.004121468108899927
2308906,0.021543070896356372,0.022304832713754646,269,-0.0007617618173982738
2304905,0.021543070896356372,0.032,125,-0.010456929103643629
2312908,0.021543070896356372,0.014304291287386216,2307,0.007238779608970156
2304269,0.021543070896356372,0.011764705882352941,85,0.009778365014003431
2305209,0.021543070896356372,0.03910614525139665,179,-0.017563074355040276
2310951,0.021543070896356372,0.0,68,0.021543070896356372
2305605,0.021543070896356372,0.013986013986013986,143,0.007557056910342386
2309409,0.021543070896356372,0.0,334,0.021543070896356372
2304277,0.021543070896356372,0.05084745762711865,59,-0.029304386730762275
2306009,0.021543070896356372,0.15819209039548024,177,-0.13664901949912386
2305001,0.021543070896356372,0.043548387096774194,620,-0.02200531620041782
2301257,0.021543070896356372,0.006493506493506494,154,0.015049564402849878
2312809,0.02154307089635637,0.008849557522123894,113,0.012693513374232475
2205953,0.020726274085477416,0.10071942446043165,139,-0.07999315037495423
2208700,0.020726274085477416,0.19480519480519481,77,-0.1740789207197174
2201903,0.020726274085477416,0.010526315789473684,285,0.010199958296003732
2112704,0.020477308651070163,0.034220532319391636,526,-0.013743223668321473
1101104,0.020354649151590135,0.2875,160,-0.26714535084840985
3166204,0.019354040775888866,0.1927710843373494,83,-0.17341704356146054
2511707,0.012644989130544682,0.4473684210526316,38,-0.4347234319220869
2708105,0.011598244364847153,0.023255813953488372,86,-0.011657569588641219
2300705,0.004253330821074729,0.058823529411764705,187,-0.054570198590689976
2312700,0.004253330821074729,0.015706806282722512,191,-0.011453475461647784
2304509,0.004253330821074729,0.01809954751131222,221,-0.01384621669023749
2304350,0.004253330821074729,0.0,229,0.004253330821074729
2311231,0.004253330821074729,0.02531645569620253,79,-0.021063124875127803
2313955,0.004253330821074729,0.01951219512195122,205,-0.01525886430087649
2311702,0.004253330821074729,0.01507537688442211,199,-0.010822046063347381
2300606,0.004253330821074729,0.11504424778761062,113,-0.1107909169665359
2303105,0.004253330821074729,0.012345679012345678,162,-0.00809234819127095
2307254,0.004253330821074729,0.01991150442477876,452,-0.015658173603704032
2310506,0.004253330821074729,0.0029850746268656717,335,0.001268256194209057
2310902,0.004253330821074729,0.0,152,0.004253330821074729
2308005,0.004253330821074729,0.04976303317535545,422,-0.04550970235428072
2304251,0.004253330821074729,0.010482180293501049,477,-0.00622884947242632
2304004,0.004253330821074729,0.0,277,0.004253330821074729
2306603,0.004253330821074729,0.009009009009009009,222,-0.00475567818793428
2309201,0.004253330821074729,0.004694835680751174,213,-0.00044150485967644516
2303659,0.004253330821074729,0.0,64,0.004253330821074729
2308351,0.004253330821074729,0.020833333333333332,144,-0.016580002512258604
4123105,0.002561882787860026,0.08571428571428572,35,-0.08315240292642569
4126355,0.002561882787860026,0.17307692307692307,52,-0.17051504028906306
4120150,0.002561882787860026,0.14285714285714285,28,-0.14029526006928283
4311643,0.002387776824826906,0.5882352941176471,17,-0.5858475172928201
4302584,0.002387776824826906,0.7272727272727273,22,-0.7248849504479004
4321493,0.002387776824826906,0.625,16,-0.6226122231751731
4322343,0.002387776824826906,0.4444444444444444,9,-0.44205666761961754
4312351,0.002387776824826906,0.25,12,-0.2476122231751731
4312955,0.002387776824826906,0.3333333333333333,24,-0.33094555650850643
4321634,0.0023877768248269054,0.6,15,-0.597612223175173
5101001,0.001829816673924963,0.08108108108108109,37,-0.07925126440715612
5207105,0.0017973600887060562,0.22727272727272727,22,-0.2254753671840212
5213855,0.001797360088706056,0.03125,32,-0.029452639911293946
5212055,0.0017973600887060558,0.02857142857142857,35,-0.026774068482722516
3554755,0.0017971833677466575,0.5263157894736842,19,-0.5245186061059375
2202075,0.0017971833677466575,0.25,24,-0.24820281663225335
2207553,0.0017971833677466573,0.5,34,-0.49820281663225335
2210052,0.0017971833677466573,0.07352941176470588,68,-0.07173222839695922
3506201,0.0017971833677466573,0.15625,32,-0.15445281663225335
3555208,0.0017971833677466573,0.06666666666666667,15,-0.06486948329892
3534757,0.0017971833677466573,0.10743801652892562,121,-0.10564083316117896
2207751,0.0017971833677466573,0.35714285714285715,42,-0.3553456737751105
2207793,0.0017971833677466573,0.48148148148148145,27,-0.4796842981137348
2209302,0.0017971833677466573,0.4411764705882353,34,-0.43937928722048863
2201572,0.0017971833677466573,0.0,26,0.0017971833677466573
3515905,0.0017971833677466573,0.037037037037037035,27,-0.035239853669290375
3504701,0.0017971833677466573,0.0,10,0.0017971833677466573
2205904,0.0017971833677466573,0.17647058823529413,68,-0.17467340486754748
2206506,0.0017971833677466573,0.022988505747126436,87,-0.02119132237937978
2211605,0.0017971833677466573,0.0,20,0.0017971833677466573
2210359,0.0017971833677466573,0.2692307692307692,26,-0.26743358586302257
3519105,0.001797183367746657,0.022727272727272728,88,-0.02093008935952607
2203859,0.001797183367746657,0.45454545454545453,22,-0.4527482711777079
2202091,0.001797183367746657,0.0,22,0.001797183367746657
3156502,0.001782464506777569,0.24324324324324326,37,-0.24146077873646568
3119609,0.0017824645067775688,0.375,24,-0.37321753549322245
3124708,0.0017824645067775688,0.0,18,0.0017824645067775688
3100807,0.0017824645067775688,0.10869565217391304,46,-0.10691318766713548
3109253,0.0017824645067775688,0.15,20,-0.14821753549322242
2106672,0.0017751832973606123,0.030303030303030304,33,-0.028527847005669692
2111722,0.0017751832973606123,0.20967741935483872,62,-0.2079022360574781
2103125,0.0017751832973606123,0.125,88,-0.12322481670263939
2102077,0.0017751832973606123,0.047619047619047616,105,-0.045843864321687
2105807,0.0017751832973606123,0.029411764705882353,68,-0.02763658140852174
2509156,0.0012045771641958007,0.01818181818181818,55,-0.01697724101762238
