id_municipio,risco_medio,n_alunos
1718501,0.93249638571587,48
1716307,0.930387789213011,58
1718006,0.9303877892130109,47
2919900,0.9254392549735784,40
2406908,0.921087451753109,21
2205581,0.9200361487205139,55
1717800,0.9151609672062376,42
1715705,0.9151609672062375,81
2505238,0.9118223623303001,65
2515005,0.9118223623303001,23
2804300,0.9097948633396411,35
1707702,0.9064903412421043,55
1703073,0.9064903412421041,72
2505808,0.905191972158641,35
2514602,0.905191972158641,31
1709005,0.9037288834547478,127
2805901,0.9006353620973155,92
2907400,0.8999122990744988,35
2101939,0.8985682498696009,33
2111250,0.8985682498696008,73
2513158,0.897958693410983,54
2506608,0.897958693410983,29
2515807,0.8966040783144725,14
5214804,0.8935988525856547,19
2205599,0.8930954985822818,27
2202307,0.8930954985822818,223
2907202,0.8923241285904168,430
3167509,0.8917635771277653,24
2208601,0.8916841112638177,50
2408706,0.8912730888154746,14
2410108,0.8912730888154746,65
1703909,0.8854737476977862,60
1718865,0.8847206652624534,70
1700400,0.8842650211368719,126
1703842,0.8842650211368719,148
1703867,0.8842650211368719,57
2902252,0.8820462962147281,61
2805406,0.8804476811777523,345
2804904,0.8804476811777523,106
2405504,0.8793210566646543,38
2805208,0.8791931459295886,42
2805109,0.8791931459295885,62
2803609,0.8791931459295885,219
2203271,0.8791931459295884,73
2408953,0.8788469930343826,88
2401602,0.8788469930343826,55
2929701,0.8783351288390836,88
2916302,0.8783351288390836,64
2929800,0.8783351288390836,82
2911006,0.8783351288390836,78
2910503,0.8742828133984527,255
3125309,0.8737422967445956,13
1713957,0.8658713100156549,32
1718659,0.8658713100156549,35
1718709,0.8658713100156549,39
2404705,0.862018327300406,130
2901908,0.8619486743306756,230
2403509,0.8609976020130253,72
2515609,0.8601208736862528,29
2507002,0.8601208736862528,163
2202174,0.8601208736862528,60
2807303,0.8601208736862527,39
2407609,0.859092589834056,38
2400505,0.8590925898340559,134
2414704,0.8590925898340559,35
2414209,0.8590925898340559,216
1505205,0.8584020577462782,373
2919603,0.8563091371769256,146
2906824,0.8563091371769256,156
2910859,0.8563091371769256,136
2926103,0.8563091371769256,123
1718303,0.8560130649887864,39
1713809,0.8560130649887862,82
2516151,0.8536776499287597,55
2931103,0.853630757748151,75
2911105,0.8536307577481509,234
2900306,0.8536307577481508,93
1712801,0.8533301120713037,38
2204352,0.8509587572033367,43
2802403,0.8509587572033367,94
2804706,0.8509587572033366,60
2802304,0.8509587572033366,93
2202059,0.8509587572033366,84
2803104,0.8509587572033366,20
2412807,0.8499644049483472,41
2415008,0.8499644049483472,50
1304260,0.8467610171737278,199
1718550,0.8426301235049924,51
1717503,0.8426301235049924,64
2804805,0.8413534143985527,1790
1715259,0.8348142145741959,34
1722107,0.8348142145741959,119
2930105,0.8340418237756034,487
2900405,0.8340418237756034,69
2915353,0.8340418237756034,125
2910602,0.8340418237756034,359
2912608,0.8340418237756034,32
2915403,0.8340418237756034,59
2924108,0.8340418237756034,30
2927507,0.8340418237756034,133
2902104,0.8340418237756033,331
1503408,0.8327664679311705,98
1711951,0.8326765648763558,52
1718907,0.8326765648763558,75
1718451,0.8326765648763558,22
1703008,0.8323722214560597,68
1712504,0.8318282976708777,58
1704105,0.8318282976708777,30
2508406,0.8300377937865828,29
2202653,0.8297296321818135,43
2802502,0.8297296321818134,32
2802601,0.8297296321818134,12
2403400,0.8295814560568388,47
2414308,0.8295814560568388,15
5005152,0.8279962393921826,160
2804003,0.8279533809918499,123
2800209,0.8279533809918499,87
2801603,0.8279533809918499,32
2206753,0.8273587534367808,21
2915809,0.8273587534367807,252
2110658,0.8273587534367807,116
2920908,0.8273587534367807,101
2501401,0.8273587534367807,148
2923704,0.8273587534367807,233
2902203,0.8273587534367807,78
2919108,0.8273587534367807,46
2206001,0.8273587534367807,63
2905503,0.8273587534367807,149
2205557,0.8273587534367807,94
2922052,0.8273587534367807,111
2905305,0.8273587534367807,135
2200509,0.8273587534367807,198
2932457,0.8273587534367807,122
2903607,0.8273587534367807,57
2922904,0.8273587534367807,242
2923050,0.8273587534367807,64
2920809,0.8273587534367807,70
2925600,0.8273587534367806,100
2404200,0.8268967227555093,373
2409803,0.826130742766414,80
2803203,0.8248694636918713,351
2801207,0.8248694636918713,462
5101209,0.8245953365739849,10
2924405,0.8242664398025312,391
2931707,0.8242664398025312,95
2911808,0.8242664398025312,159
2922300,0.8242664398025311,174
2923357,0.8242664398025311,141
2908804,0.8242664398025311,32
2206654,0.8242664398025311,72
2210383,0.8242664398025311,15
2100550,0.8242664398025311,102
2911907,0.8242664398025311,263
2918506,0.8242664398025311,122
2918308,0.8242664398025311,98
2703601,0.8242664398025311,98
2512036,0.8242664398025311,43
2929370,0.8242664398025311,88
2903235,0.8242664398025311,121
2925253,0.8242664398025311,173
2507200,0.824266439802531,79
2402105,0.8237978958164669,52
2408409,0.8237978958164669,13
2413201,0.8237978958164668,51
2402907,0.8237978958164668,40
2405801,0.8237978958164668,277
2805703,0.8227729923180409,197
2706109,0.8219651771445017,112
3551405,0.8202673899538157,91
2411205,0.8186017137109104,374
2915908,0.8184408939528127,53
3137007,0.8173396066127449,85
2400604,0.8172830946244057,52
2805604,0.813698595675375,228
2800605,0.81350544531024,279
2405405,0.8133709391506501,57
1718881,0.8092440792588568,41
1701309,0.8092440792588568,55
2927101,0.8091520442229881,162
2406205,0.8085684856321251,45
2800670,0.8070020026419645,166
2904704,0.8067769249176314,140
2412302,0.8049433794562058,92
2409704,0.8046762542673558,36
2402600,0.8031944862573344,654
2806503,0.8015736479285331,42
2801504,0.8015736479285331,148
2804201,0.8015736479285331,169
2801702,0.8015736479285331,185
2904902,0.8009097704100168,242
2111078,0.8009097704100168,161
2924009,0.8009097704100167,944
2108702,0.8009097704100167,219
2206100,0.8009097704100167,111
2928000,0.8009097704100167,199
2707107,0.8009097704100167,375
2508109,0.8009097704100167,30
2919157,0.8009097704100167,301
2501153,0.8009097704100167,22
2505600,0.8009097704100167,28
2905156,0.8009097704100167,28
2401206,0.8003940328376158,149
2410702,0.8003940328376158,16
1712454,0.800320619536847,47
1721307,0.800320619536847,26
2807600,0.7981894342076253,184
1502806,0.7979487622932514,510
2207900,0.7975170942496846,367
2930501,0.7975170942496846,487
2928950,0.7975170942496845,51
2205102,0.7975170942496845,64
2930808,0.7975170942496845,132
2920205,0.7975170942496845,190
2926004,0.7975170942496844,329
2805307,0.7970770948512745,100
2806305,0.7970770948512745,124
2803401,0.7970770948512745,137
1703883,0.796920449383946,36
1700301,0.796920449383946,77
1714880,0.796920449383946,164
5005202,0.7967579934034593,332
2917805,0.7964019943472862,143
2927606,0.7964019943472862,155
2502201,0.7964019943472862,19
2211357,0.7964019943472862,48
2905800,0.7964019943472862,236
2210623,0.7964019943472861,56
2401404,0.7958775556148384,74
2413409,0.7958775556148384,48
1711902,0.7958029049800492,177
5001508,0.7956397842595362,128
1302801,0.795474800918073,184
1507003,0.7933912383183196,331
2414407,0.7931433340412068,278
2406601,0.7912180961101504,54
2404002,0.7902928055259306,44
2800506,0.7888963831563635,149
2802700,0.7888963831563635,115
2800704,0.7888963831563635,139
2930204,0.7887660802347519,429
2913101,0.7887660802347518,100
2902708,0.7887660802347518,474
2906873,0.7887660802347518,242
2907004,0.7887660802347518,115
2930774,0.7887660802347518,302
2928505,0.7887660802347518,76
2922102,0.7887660802347518,126
2211100,0.7887660802347518,487
2205300,0.7887660802347518,57
2701308,0.7887660802347517,233
2412906,0.7884675976670803,63
2409100,0.7883627998485333,99
2911501,0.7882012982755275,68
2918100,0.7882012982755275,193
2204907,0.7882012982755275,90
2705606,0.7882012982755275,138
2917003,0.7882012982755275,247
2209872,0.7882012982755275,45
2925808,0.7882012982755275,188
2211209,0.7882012982755275,280
2210938,0.7882012982755275,62
2209203,0.7882012982755274,100
1703305,0.7881504989822242,59
1717206,0.7881504989822242,22
1720309,0.7881504989822242,49
5007802,0.7879828938489362,97
5005608,0.787982893848936,396
2413300,0.7876613678251295,43
1720200,0.7875845143679979,165
1709807,0.7875845143679979,14
1703826,0.7875845143679979,25
1718758,0.7875845143679979,71
1712702,0.7875845143679979,22
1705607,0.7875845143679979,69
2804409,0.7871167157270641,204
1600501,0.7869236853524799,384
2931509,0.7865109034426677,186
2925402,0.7865109034426676,69
2907905,0.7865109034426676,193
2912202,0.7865109034426676,249
2916500,0.7865109034426676,326
2501575,0.7865109034426676,61
1714203,0.7857881648076218,104
1500701,0.7856727946456352,339
5004809,0.7851222199489943,121
1500347,0.7851019953954038,185
1501204,0.7851019953954038,261
2400802,0.7850159232771396,89
2506905,0.7836771684447178,158
1503101,0.7820937188755966,473
2406106,0.7814758904708043,112
2405207,0.7812941693601686,43
2914307,0.7766794136366931,33
2904852,0.7766794136366931,119
2406809,0.7766794136366931,32
2928307,0.7766794136366931,61
2909208,0.776541050385113,111
2502102,0.7765410503851129,50
2926509,0.7765410503851129,162
2907103,0.7765410503851129,316
2908408,0.7765410503851129,446
2900207,0.7765410503851129,159
2517209,0.7765410503851129,39
2413706,0.7763766999138983,39
5215801,0.7757254255126637,17
2802908,0.7754816132179371,787
2806404,0.7753606635046965,91
2502607,0.7746337424629162,49
2505204,0.7746337424629162,57
2507606,0.7746337424629162,50
2206670,0.7746337424629162,77
2707008,0.7746337424629162,27
2924207,0.7746337424629162,132
2930303,0.7746337424629162,136
2929404,0.7746337424629162,68
2931905,0.7746337424629162,256
2906204,0.7746337424629162,255
2906303,0.7746337424629162,272
2911659,0.774633742462916,87
1600808,0.7746224951761065,170
3120300,0.774017663006285,51
5003504,0.7738131836783002,51
1504406,0.7733201911286512,189
5106505,0.7730557917572735,371
2407203,0.7730404505282519,179
2407104,0.7715593602557027,556
2400901,0.7714198901221327,48
2406700,0.7695671111145023,75
1706258,0.7679333771907588,23
2405702,0.7675136936117923,72
2802205,0.766751626791941,87
2806800,0.7667516267919409,47
1600402,0.7661701159895387,347
2919553,0.7660052546961594,1313
2514008,0.7660052546961594,41
2909901,0.7660052546961594,388
2900603,0.7660052546961594,57
2919207,0.7660052546961594,1280
2922706,0.7660052546961594,16
2913705,0.7660052546961594,229
2906808,0.7660052546961594,332
2111003,0.7660052546961593,89
2402303,0.7654280551044854,125
2913309,0.7653153370558722,28
2406007,0.7653153370558722,42
4204178,0.7651568041501944,26
2402501,0.7641412810951034,72
5000708,0.7620446809931474,405
1713700,0.7613051278781031,26
2407005,0.7607786057810042,70
2800407,0.7595183508299986,108
3503356,0.7592387421591547,22
5006309,0.7586185171064412,451
5006903,0.7586185171064412,228
2703106,0.7583253804299698,242
2932200,0.7583253804299698,151
2911857,0.7582634522004477,66
2932309,0.7582634522004477,105
2210409,0.7572887047606748,104
2920007,0.7572887047606748,86
2912400,0.7572887047606747,160
2914000,0.7572887047606747,415
2913457,0.7572887047606747,55
2910305,0.7572887047606747,34
2104081,0.7572887047606747,73
2916203,0.7572887047606747,65
2707404,0.7572887047606747,133
2928208,0.7572887047606747,230
2700508,0.7572887047606747,235
2925709,0.7572887047606747,107
2701209,0.7572887047606747,157
2932705,0.7572887047606747,159
2705309,0.7572887047606747,64
2917706,0.7572887047606747,233
2929206,0.7572887047606746,342
1508209,0.7571276669646307,447
2410306,0.7564422542422834,66
1507474,0.7560875061488066,222
1500503,0.7560875061488065,355
2407302,0.7552509133837538,38
2804508,0.7544615427049929,437
1703602,0.7543972582632448,29
2410603,0.7541657432437144,19
5106778,0.7541373401182765,158
2920452,0.7539792946711237,59
2917508,0.7539792946711237,558
1600105,0.7539219941649725,112
2933604,0.753091753181253,524
2916609,0.753091753181253,71
2918407,0.753091753181253,2494
2932903,0.753091753181253,417
2912707,0.753091753181253,204
2922250,0.753091753181253,118
2908903,0.753091753181253,169
2914653,0.753091753181253,313
2702405,0.753091753181253,560
2907806,0.753091753181253,156
2907608,0.753091753181253,78
2906402,0.753091753181253,52
2207702,0.7530917531812529,1474
2900900,0.7530917531812529,46
2800308,0.7529855669331088,3727
3149150,0.7527544984050553,75
2411007,0.752698082453875,44
1701101,0.7524700708242374,70
1702901,0.7524700708242374,97
2805505,0.7521707377236343,156
2401859,0.7521113520886378,65
1507201,0.7518765890816885,184
1501782,0.7518765890816885,503
2705200,0.751392836138856,231
2921500,0.751392836138856,251
2100832,0.7510248782538723,165
2102309,0.7510248782538723,245
3115904,0.7507093403960807,49
1502905,0.7501720845160738,315
1500305,0.7501720845160738,615
1301407,0.7496824354528041,415
2700607,0.7490017298660521,122
2706802,0.7490017298660521,226
2707909,0.7490017298660521,68
2921609,0.7485440341459436,90
2930402,0.7485440341459436,90
2914802,0.7485440341459435,931
2922854,0.7485440341459435,37
2908200,0.7485440341459435,142
2910800,0.7485440341459435,3528
2500304,0.7478287227822051,312
2204402,0.7478287227822051,136
2922656,0.7478287227822051,176
2929354,0.7478287227822051,77
2709202,0.7474821543475473,160
2407252,0.7464869772834872,45
3515806,0.7448406924466386,11
2408300,0.7445790400945941,176
3150307,0.743753296584954,55
3150109,0.743753296584954,32
5209408,0.7429735170033723,48
1706506,0.7427432467976663,82
3301157,0.7420929243424964,163
2706307,0.7419063954097346,624
5102702,0.74174057371426,303
1600709,0.7411101373494744,284
2411403,0.740022243358428,59
2901155,0.7400035785334261,192
2918605,0.7400035785334261,39
2929008,0.7400035785334261,83
3113800,0.739192839466148,30
2401453,0.7389892199217296,183
1504703,0.7387463463537719,769
1504604,0.7387463463537719,294
2408201,0.7387429325166129,287
2409308,0.7384348318019767,85
3535903,0.7380856387484129,58
2704500,0.737137318406222,408
2700409,0.737137318406222,433
3506805,0.7369952750381076,69
5103437,0.7367429451252109,71
2928109,0.7366655942781583,251
2928802,0.7366655942781583,499
2914901,0.7366655942781583,218
2906501,0.7366655942781583,510
2933059,0.7366655942781583,82
2200103,0.7366655942781583,63
2111763,0.7366655942781583,133
2203255,0.7366655942781583,41
2503555,0.7366655942781583,105
2933000,0.7366655942781583,102
2901809,0.7366655942781583,79
2700706,0.7360444186455402,146
2913606,0.7358857429816337,1378
1600055,0.735750343339907,49
2504207,0.7355714367952527,50
2208403,0.7355714367952527,728
2916906,0.7355714367952526,60
2516300,0.7355714367952526,132
2912905,0.7355714367952526,195
2513604,0.7355714367952526,38
2209351,0.7355714367952526,40
2933158,0.7355714367952526,156
2915304,0.7355714367952526,80
2930600,0.7355714367952526,144
2929255,0.7355714367952526,158
2922805,0.7355714367952526,101
2931301,0.7355714367952526,110
2932408,0.7355714367952526,83
2101905,0.7355714367952526,77
2201960,0.7355714367952526,94
2901353,0.7355714367952526,109
2111532,0.7355714367952526,157
1715002,0.7349618796838024,29
3126604,0.7349087157865013,16
2405603,0.7348385982924522,97
2703809,0.7348364314646787,197
5007109,0.7346367649315021,419
5006408,0.734636764931502,110
5004403,0.734636764931502,122
5211008,0.7346367649315019,94
2413359,0.734545989357959,88
1507805,0.734300467841119,327
3509809,0.7341114858293029,61
2910701,0.7324492025035433,434
5002605,0.7324246591233659,182
2801306,0.7324230632029892,318
2801405,0.7324230632029892,126
1100346,0.7324166363121851,144
1702406,0.7323466180835594,85
1703891,0.7323466180835594,34
1721208,0.7323466180835594,218
3303500,0.7321742115545317,6380
2707206,0.7320827865384928,163
2706208,0.7320827865384928,80
2705804,0.7320827865384928,139
2605707,0.7316871690405768,228
2905602,0.7316052943987182,191
2515302,0.7316052943987182,376
2928059,0.7316052943987182,95
2928703,0.7316052943987182,467
2111052,0.7316052943987181,109
2905701,0.7316052943987181,2552
2516102,0.7316052943987181,111
2900702,0.7316052943987181,988
2901700,0.7316052943987181,66
2903805,0.7316052943987181,140
2209658,0.7316052943987181,57
2911204,0.7316052943987181,214
2908507,0.7316052943987181,208
2209971,0.7316052943987181,115
2913903,0.7316052943987181,326
2514503,0.7316052943987181,134
2915502,0.7316052943987181,88
2203354,0.7316052943987181,44
2916708,0.7316052943987181,73
2921302,0.7316052943987181,76
2932804,0.7316052943987181,115
2921401,0.7316052943987181,119
2924603,0.7316052943987181,222
2926608,0.7316052943987181,501
2110278,0.7316052943987181,124
2903904,0.7316052943987181,683
2102150,0.7316052943987181,93
1710706,0.7315826456990759,49
2804607,0.7310820581525896,221
2407906,0.7305701000664038,31
2400406,0.7305701000664038,29
2411700,0.7305701000664038,42
5102694,0.7303994177354025,73
1500958,0.7303222512867248,216
1507102,0.7303222512867247,140
1505494,0.7303222512867247,57
1508308,0.7303222512867247,682
1507508,0.7303222512867246,197
2803906,0.7301549657547233,128
2806206,0.7301549657547232,176
3554656,0.7288847005516119,26
3157609,0.7283261830049207,40
2405108,0.727607024889855,60
1303536,0.7275271952036602,450
3149507,0.7271936693615253,42
2807105,0.7265462253073985,362
2802106,0.7264844585844246,540
2703908,0.7256687793997406,52
2702801,0.7256687793997406,157
2612901,0.7252672450208733,71
2909802,0.7251841471541138,432
2900108,0.7251841471541137,33
2918357,0.7251841471541137,254
2511806,0.7251841471541137,59
2907707,0.7251841471541137,105
2910727,0.7251841471541137,787
1300680,0.7248287089259154,178
2401800,0.7243392000130549,103
2412203,0.7240389662266723,541
2702553,0.7233151513877062,137
2708709,0.7233151513877062,155
2702207,0.7233151513877062,75
2414605,0.7231696865720992,60
2923100,0.7228279493633119,202
2806008,0.7217773115042656,112
1303601,0.721577252004783,136
1505304,0.721518918368171,734
5107859,0.7207251628186984,136
5108501,0.7207251628186984,176
2501807,0.7203399948572409,428
2403756,0.7199936518318499,29
3150539,0.7199103688485565,48
2412559,0.718682896357076,81
2914505,0.718682896357076,83
2912103,0.718682896357076,166
5005004,0.7185397903008132,360
1301100,0.7182861003967976,174
2806602,0.7178202629560321,101
3106101,0.7165712721078143,29
3136520,0.7165712721078142,35
1600204,0.7162119842593757,178
1702109,0.7161643964331446,1972
1707306,0.7161643964331446,50
1720655,0.7161643964331446,75
1702208,0.7161643964331446,312
1722081,0.7161643964331446,94
1716653,0.7161643964331446,55
1711803,0.7161643964331446,36
1710904,0.7161643964331444,45
2609303,0.715480567012663,166
2105500,0.7153956705931812,245
2108405,0.7153956705931812,84
2507309,0.7153956705931812,113
2112274,0.7153956705931812,73
2905107,0.7153956705931812,79
2106706,0.7153956705931812,216
2501005,0.7153956705931812,133
2208205,0.7153956705931812,197
2406502,0.7153956705931812,161
2913804,0.7153956705931812,86
2500908,0.7153956705931812,53
2506400,0.7153956705931812,87
5106422,0.7149410324252168,467
5103353,0.7149410324252168,583
3300456,0.7148084510986372,3174
2702900,0.7146079946559137,395
2703700,0.7146079946559136,62
1300508,0.7144655062479541,410
2705101,0.7144253498559977,256
2702603,0.7144253498559977,223
2708006,0.7144253498559977,513
2705408,0.7144253498559976,90
2806909,0.7138920043269769,16
1709302,0.7132435172391035,209
1703057,0.7132435172391035,45
3529658,0.7125753192676713,16
3522901,0.7125753192676713,147
3537206,0.7125753192676713,106
2903409,0.7124700566981943,168
2918555,0.7124700566981943,57
2906857,0.7124700566981943,66
2102754,0.7124700566981943,101
2910057,0.7124700566981943,555
2922607,0.7124700566981943,97
2923308,0.7124700566981943,85
2930907,0.7124700566981943,127
2209609,0.7124700566981943,28
2100477,0.7124700566981943,332
2412708,0.7120467739629844,29
3304102,0.7118407826385514,123
1504950,0.7111316568983872,218
2506301,0.710258287131901,422
2401305,0.7102582871319009,71
2902906,0.7102582871319009,487
3150208,0.7100091649878837,36
2707701,0.7088236646990084,1249
2707305,0.7088236646990084,298
2708808,0.7088236646990084,336
2706604,0.7088236646990084,78
2410405,0.7079047897423424,96
1303569,0.707686632806117,356
3116902,0.7073997320953873,39
3125002,0.7073997320953873,59
2702702,0.7060076758523033,61
2706901,0.7060076758523033,528
1721257,0.7055630148520162,24
1600550,0.7051641792769229,48
5007901,0.7050398458505016,726
2609907,0.7048641698480309,510
2514107,0.7047774127441214,33
2902054,0.7047774127441214,115
2919306,0.7047774127441214,77
2902609,0.7047774127441214,87
2901957,0.7047774127441214,74
2911600,0.7047774127441214,141
2926905,0.7047774127441214,32
2915205,0.7047774127441214,190
2901205,0.7047774127441214,115
2412401,0.7047774127441214,36
2929305,0.7047774127441214,203
2930154,0.7047774127441214,439
2905909,0.7047774127441214,189
2503902,0.7047774127441214,63
2109205,0.7047774127441214,82
2906006,0.7047774127441214,619
2905404,0.7047774127441214,286
2109759,0.7047774127441214,44
2921708,0.7047774127441214,219
2510006,0.7047774127441214,42
2203750,0.7047774127441214,25
2909307,0.7047774127441214,214
5105309,0.7044626852428083,28
1101757,0.7034181109192572,115
1503309,0.7034181109192571,630
1507409,0.7034181109192571,103
1504901,0.7034181109192571,592
1501600,0.7034181109192571,86
3139300,0.7027924348542289,201
1702158,0.7027287169503246,63
1702307,0.7027287169503246,65
3536703,0.7022481160683764,400
3522802,0.7022481160683764,122
5001904,0.7022026374329513,321
5006002,0.7022026374329513,381
5002902,0.7022026374329513,230
2411056,0.7019456156613546,38
2511202,0.7019387471760596,376
2906105,0.7019387471760595,88
2206357,0.7019387471760595,12
2901106,0.7019387471760595,140
2915106,0.7019387471760595,119
2402204,0.7019387471760595,309
2207934,0.7019387471760595,23
2211704,0.7019387471760595,35
2112506,0.7019387471760595,637
2503001,0.7019387471760595,241
2514909,0.7019387471760595,60
2505352,0.7019387471760595,49
2908002,0.7019387471760595,115
5100102,0.701925386608153,62
2925501,0.7014413137703904,391
2401008,0.70135541031104,195
1503200,0.701025001603467,303
1506351,0.7005719281176679,256
1505486,0.7005719281176679,500
1507953,0.7005719281176679,1000
1508100,0.7005719281176679,1132
1502855,0.7005719281176679,172
2402006,0.7001254322095748,309
1500404,0.6998846243510664,745
1503754,0.6996534948499652,187
3129301,0.6996286254995892,90
3140605,0.6996286254995892,44
2509107,0.6993890262449185,189
2502508,0.6993890262449185,95
2903201,0.6993890262449185,1654
2932507,0.6993890262449185,196
2901403,0.6993890262449185,109
2918001,0.6993890262449185,927
2910008,0.6993890262449185,112
3165800,0.6988340819792674,10
3147501,0.6988340819792674,11
1303908,0.6988046172871707,777
3305109,0.6986415294771635,2543
2413904,0.6982545342059898,93
1503077,0.6980155451148923,340
1504505,0.6980155451148923,354
2805802,0.697836510708714,125
2403806,0.6974978802955666,50
3557204,0.6968334231112602,112
3549607,0.6968334231112601,34
3140852,0.6967617536698559,112
3109402,0.6967617536698559,268
2911402,0.6965425904844007,85
3304144,0.696075815378177,1260
3302858,0.696075815378177,1227
2910909,0.6954420517343453,43
5101852,0.6953406193616032,113
2401909,0.6951000583582841,51
1507466,0.6940584256496279,20
2408003,0.6940544074583472,1621
2924058,0.6899582330992619,51
1502400,0.6885608505939766,1890
1701903,0.6864279577024126,84
1720903,0.6864279577024126,173
1703701,0.684908317265984,63
2408102,0.6848446848215829,3717
2803500,0.6844157301725335,766
2414506,0.6838231929001035,30
4209151,0.683482531602468,73
3537602,0.6833906129944328,715
4202438,0.6831253941837698,47
4210852,0.6831253941837697,27
2700300,0.6826908273588637,2473
3304805,0.6826147126126803,338
2706422,0.6825970699599294,91
1600279,0.6825830466069409,539
2704302,0.6822990104141129,6460
5004304,0.6818715279639729,241
5003256,0.6818715279639728,451
5007505,0.6818715279639728,90
5004908,0.6818715279639728,87
5221577,0.6818715279639728,20
5102603,0.6818715279639728,131
2606705,0.6816882830105323,58
2202117,0.6815977906470393,34
2901502,0.6815977906470393,84
2202539,0.6815977906470393,78
2106102,0.6815977906470393,129
2925907,0.6815977906470393,132
2517001,0.6815977906470393,111
2903003,0.6815977906470393,111
2903300,0.6815977906470393,89
2926301,0.6815977906470393,172
2925931,0.6815977906470393,53
2201309,0.6815977906470393,27
2914406,0.6815977906470393,269
2933208,0.6815977906470393,405
2933505,0.6815977906470393,154
2205458,0.6815977906470393,45
2206209,0.6815977906470393,329
2931202,0.6815977906470393,141
2506202,0.6815977906470393,14
2201408,0.6815977906470393,50
2404101,0.6815977906470393,35
2500403,0.6815977906470393,235
2112308,0.6815977906470393,298
2919504,0.6815977906470392,402
4116505,0.6815201166314905,16
2927408,0.6813717237873569,12158
2703403,0.6811614883051487,75
2102325,0.680348867842784,708
5003488,0.6803400890841522,204
1500206,0.6801801935146898,517
1500909,0.6801801935146898,512
1507607,0.6801801935146898,676
2903102,0.6800656523090003,53
2916807,0.6800656523090003,112
2906709,0.6800656523090003,162
2916104,0.6800656523090003,210
2923209,0.6800656523090003,196
2927200,0.6800656523090003,247
2505303,0.6800656523090003,16
2802007,0.6799954328242176,51
2802809,0.6799954328242176,235
2803708,0.6799954328242176,24
2806107,0.6799954328242176,130
2807006,0.6799954328242175,26
2709400,0.679816804749295,254
2708501,0.679816804749295,398
3515004,0.6797874545618944,2895
1720804,0.6790647945818705,144
1701002,0.6790647945818705,145
5107776,0.6789935738759589,80
5209150,0.6789935738759589,59
5003306,0.6789935738759588,467
2513653,0.6787185269956636,30
2916401,0.6787185269956636,537
2515708,0.6787185269956636,28
2920403,0.6787185269956636,120
2103174,0.6787185269956636,178
2902500,0.6787185269956636,142
2904100,0.6787185269956636,100
2204659,0.6787185269956636,148
2100055,0.6787185269956636,1208
2101400,0.6787185269956636,1244
2509370,0.6787185269956636,11
2514651,0.6787185269956636,20
2412500,0.6787185269956636,217
2804458,0.6784592213914434,47
2401701,0.6773594065182567,94
1503457,0.6772941800189956,328
1500107,0.6772941800189956,1270
3550704,0.6771656151920369,985
3554607,0.6771656151920369,29
3502309,0.6771656151920369,66
3557154,0.6771656151920369,25
3536901,0.6771656151920369,22
3513405,0.6771656151920369,452
2803807,0.6771085435426762,67
1707108,0.676530546659253,85
1715101,0.676530546659253,47
1502707,0.6763821900591601,506
3302270,0.6763816836167696,1085
2407500,0.6760818324341121,98
2801009,0.675490966572238,125
4213302,0.6742871511599271,51
3532868,0.6739158491591178,12
3301009,0.6735425804951136,3954
3169604,0.6735113854948328,227
3101706,0.6735113854948328,408
3123403,0.6735113854948328,21
3155405,0.6735113854948328,89
3167004,0.6735113854948328,26
3131604,0.6735113854948328,77
1301605,0.6731509250664679,242
4212650,0.6722291880099639,120
2706703,0.672089888753726,623
3115458,0.671810184546392,114
2704401,0.6717868575518949,190
2704708,0.6717868575518949,869
2705705,0.6717868575518949,276
2705002,0.6717868575518949,120
1506609,0.671739572717552,237
1507300,0.671739572717552,704
1701051,0.6710251141440873,34
1712009,0.6710251141440873,55
1707405,0.6710251141440873,99
5005400,0.6709529738220535,648
5100409,0.6709529738220535,172
5007208,0.6709529738220535,569
5103361,0.6709529738220535,59
2909406,0.6706743790396843,105
2513802,0.6706743790396842,35
2925006,0.6706743790396842,181
2908606,0.6706743790396842,167
2927705,0.6706743790396842,364
2904050,0.6706743790396842,150
2104206,0.6706743790396842,310
2402808,0.6706743790396842,40
2208502,0.6706743790396842,155
2408508,0.6706743790396842,60
2919926,0.6706743790396842,186
2103802,0.6706743790396842,170
2914208,0.6706743790396842,26
2112407,0.6706743790396842,294
2111573,0.6706743790396842,72
2920106,0.6706743790396842,111
1303502,0.670299652861313,207
1304005,0.6700635726974863,181
4216503,0.6700349583558486,285
1503804,0.6692317494760736,464
1506500,0.6692317494760736,766
1502756,0.6692317494760736,250
1502103,0.6692317494760736,1141
5003702,0.6691929786620145,3216
2409407,0.6682772274213783,210
3135605,0.6675852198006227,82
3119104,0.6675852198006227,231
2902658,0.6666871182454681,150
2800100,0.6665505828283056,10
2400307,0.6658634708637537,60
2927002,0.6658298799400255,268
2108504,0.6658298799400255,399
2409902,0.6658298799400255,115
2906907,0.6658298799400255,225
2917359,0.6658298799400255,95
2502409,0.6658298799400255,83
2208809,0.6658298799400255,161
2201101,0.6658298799400255,122
3532306,0.6658106612573188,64
3540754,0.6658106612573188,197
3546009,0.6658106612573187,106
2701704,0.665747306806634,201
2701357,0.665747306806634,97
4304671,0.665654065396665,36
4315057,0.665654065396665,22
4301107,0.6655442488456911,130
5002704,0.6650694547943171,10001
5205455,0.6648286856847303,101
2414753,0.6646245769802354,13
2101509,0.6646245769802354,120
2102374,0.6646245769802354,92
2202000,0.6646245769802354,298
2205573,0.6646245769802354,86
2904407,0.6646245769802354,94
2103604,0.6646245769802354,553
2915007,0.6646245769802354,110
2931400,0.6646245769802354,72
1713205,0.6645170493969239,135
5003207,0.6642954087741008,1250
3135209,0.6634583369190703,675
1600303,0.6634349541805864,6536
3129707,0.6632146855661949,165
2513703,0.6627532156244031,930
4209706,0.6626524427262905,138
1300805,0.6622541233400624,331
2404606,0.6614459695518586,122
1505700,0.6614265254817357,296
4304101,0.6609581730100753,43
3521002,0.6604665706968063,380
2109502,0.6601769500305029,283
2403103,0.6600978442223137,257
4202602,0.660034361666127,107
3109451,0.6594022043323478,98
3139250,0.6594022043323478,68
3154804,0.6594022043323478,111
3131109,0.6594022043323478,76
3112653,0.6594022043323478,43
3138005,0.6594022043323478,50
3527603,0.6592518229821095,123
3551108,0.6592518229821095,107
3555406,0.6592518229821094,972
2404408,0.6586201055282348,84
1703800,0.657932246536317,113
2410900,0.6575341812257973,79
3128253,0.656570458194528,52
1301159,0.6562248993728368,112
1302009,0.6562197507947007,113
1600600,0.6561165464833069,1709
4203402,0.6554042408292997,63
3162450,0.6540088884062757,62
2613404,0.6537636800323343,244
2921906,0.6536692822412342,85
2406403,0.6536692822412342,27
2921054,0.6536692822412342,127
2511608,0.6536692822412342,89
2807402,0.6534506835307737,416
5103254,0.6533349699731982,399
3145059,0.6527831829735011,54
3133204,0.652783182973501,111
3116100,0.652783182973501,72
3137304,0.652783182973501,30
2706505,0.6526322959500522,172
2709004,0.6526322959500522,75
1300839,0.6524822078007756,123
3536570,0.6524769320167463,19
1302306,0.651799238897114,360
2612406,0.6515832500595875,171
2112100,0.6514885747004575,293
2902005,0.6514885747004575,83
2914604,0.6514885747004575,600
2110708,0.6514885747004575,348
2910404,0.6514885747004575,153
2903953,0.6514885747004575,90
2503308,0.6514885747004575,59
5000609,0.6511532808025627,396
2804102,0.6507288963338129,91
2803302,0.6507288963338129,167
2807501,0.6507288963338129,115
2708907,0.649907524806232,269
1506161,0.6495345174911767,219
1507961,0.6495345174911767,72
2600609,0.6488546775901639,171
2606408,0.6488546775901639,447
2610004,0.6488546775901639,323
2513901,0.6487596604712926,221
2903276,0.6487596604712925,91
2205524,0.6487596604712925,14
2500536,0.6487596604712925,87
2924306,0.6487596604712925,150
2924801,0.6487596604712925,138
2910750,0.6487596604712925,117
2107605,0.6487596604712925,119
2512002,0.6487596604712925,218
2913200,0.6487596604712925,289
2914703,0.6487596604712925,375
2111805,0.6487596604712925,250
2500775,0.6487596604712925,46
2500700,0.6487596604712925,113
2930709,0.6487596604712925,1151
2929750,0.6487596604712925,76
2201739,0.6487596604712925,115
2409605,0.6487596604712925,16
2926400,0.6487596604712925,198
2104800,0.6487596604712925,987
2902401,0.6487596604712925,122
3129905,0.6486882272017854,32
1712405,0.6484142692282322,21
1721109,0.6484142692282322,51
1716208,0.6484142692282322,120
5219753,0.6481876224075109,919
5202155,0.6481876224075109,93
5104609,0.6481876224075109,207
5002951,0.6481876224075109,431
5102793,0.6481876224075109,121
2701803,0.6475035808739313,157
2704203,0.6475035808739313,318
1506203,0.6465625670984313,525
1501709,0.6465625670984313,1230
1503705,0.6465625670984313,486
3127057,0.6464832741396881,44
2510808,0.646352123573402,785
2907509,0.646352123573402,231
2919801,0.646352123573402,273
2400208,0.6460177700637934,325
3513108,0.6460174620048488,335
1718808,0.646005656676754,85
3154150,0.6457133260473025,92
1300607,0.6452625228689958,780
3302007,0.6451975239092659,1455
2504009,0.6444839734217715,2736
5107800,0.6438008016669599,153
4202503,0.643108308580825,49
2407401,0.6430549478077229,90
3503000,0.6430320778384098,54
3519253,0.6430320778384098,54
3527207,0.6430320778384098,657
3506607,0.6430320778384098,302
3548203,0.6430320778384098,72
3554805,0.6430320778384098,312
3506706,0.6430320778384098,141
3551900,0.6430320778384098,161
1100106,0.6421922737431555,488
3154705,0.6420742298012632,40
3101003,0.6420742298012632,123
3101904,0.6420742298012632,155
3121902,0.6420742298012632,52
3153707,0.6420742298012632,19
3123106,0.6420742298012632,51
3122454,0.6420742298012632,78
3143203,0.6420742298012632,174
3165602,0.6420742298012632,22
3130705,0.6420742298012632,69
3159308,0.6416496381668273,54
2918209,0.6415298399847329,45
3502507,0.6406070301953938,321
3504008,0.6406070301953938,869
3529906,0.6406070301953938,230
3534203,0.6406070301953938,77
3539103,0.6406070301953938,260
3551009,0.6404675207565134,3048
2414100,0.6398981397106877,99
3304755,0.6397815477883899,487
3301207,0.6397815477883898,140
3157500,0.6396463216205011,50
3144102,0.6396463216205011,181
3523107,0.6384516138579163,4693
2801900,0.6374202265711734,33
1300086,0.6368120850530621,59
2701902,0.6365850363104365,56
2709103,0.6365850363104365,239
3518800,0.6358521684878984,13136
2608255,0.6355145934980244,174
2614303,0.6355145934980244,104
2613701,0.6355145934980244,951
2901601,0.6354179949082356,82
2110807,0.6354179949082356,30
2204204,0.6354179949082356,42
2907301,0.6354179949082356,203
2925105,0.6354179949082356,389
2928604,0.6354179949082356,395
2508505,0.6354179949082356,56
2912509,0.6354179949082356,94
2103554,0.6354179949082356,179
2915601,0.6354179949082356,556
2917300,0.6354179949082356,120
2400109,0.6354179949082356,93
2103000,0.6354179949082356,1394
2923506,0.6354179949082356,89
2505501,0.6354179949082356,24
2933174,0.6354179949082356,70
2903706,0.6354179949082356,129
2109304,0.6354179949082356,94
2201507,0.6354179949082356,208
2930766,0.6354179949082356,73
2509206,0.6354179949082355,101
1505650,0.6351070533307723,196
1720101,0.6350668640057234,76
2604205,0.6348807651050078,267
5108857,0.634836458519247,62
5002100,0.634836458519247,321
5106828,0.634836458519247,141
2414159,0.6347840950687546,52
2200251,0.6347840950687546,59
2210003,0.6347840950687546,251
2500577,0.6347840950687546,52
2403251,0.6347840950687546,1330
2512754,0.6347840950687546,37
2909703,0.6347840950687546,144
2102804,0.6347840950687546,252
1702000,0.6344327048925191,59
4302600,0.6343266804288049,33
5002159,0.6342021296424141,137
1709500,0.6339311431668366,752
1505809,0.6331846326969789,766
1501808,0.6331846326969789,990
1504976,0.6325490952624107,182
2516201,0.6317091230912576,524
3146750,0.631503394480368,60
2801108,0.6307771273409065,28
2701605,0.6299355188354993,199
3146701,0.6297630906021439,33
3520400,0.6295970664481757,410
3512001,0.6295970664481756,188
3554102,0.6295970664481756,2159
3512704,0.6295970664481756,44
3540259,0.6295970664481756,38
3511409,0.6295970664481756,236
3549250,0.6295970664481756,18
3508900,0.6295970664481756,24
3521101,0.6295970664481756,99
3511706,0.6295970664481756,183
3502002,0.6295970664481756,64
3522307,0.6293428098700345,1519
2614857,0.6288569089973873,261
2602001,0.6288569089973873,289
2613107,0.6288569089973873,338
3303203,0.6287609504880864,851
2413805,0.6287595766661674,25
2932002,0.6287595766661674,216
2933109,0.6287595766661674,55
2513851,0.6287595766661674,25
2502904,0.6287595766661674,34
2210656,0.6287595766661674,54
2928901,0.6287595766661674,307
2102200,0.6287595766661674,251
2112001,0.6287595766661674,127
2911303,0.6287595766661674,81
2900355,0.6287595766661674,139
2105302,0.6287595766661674,2612
2904001,0.6287595766661674,96
2403905,0.6287595766661674,19
2901304,0.6287595766661674,136
2104404,0.6287595766661674,94
2409506,0.6287595766661674,40
2900801,0.6287595766661674,250
2104107,0.6287595766661674,194
2924652,0.6287595766661674,79
2927804,0.6287595766661674,54
2207801,0.6287595766661673,236
3157104,0.6286239886800875,74
3168051,0.6286239886800875,25
3158508,0.6286239886800875,37
3171808,0.6286239886800875,124
2904506,0.6285357040255538,82
5104500,0.6274872304197966,30
5208509,0.6274872304197965,69
5103858,0.6274872304197965,100
5006358,0.6274872304197965,138
5106307,0.6274872304197965,308
4107520,0.627058810033228,31
4316436,0.6270588100332279,23
4316972,0.6270588100332279,35
2414001,0.6263471280366242,137
3509007,0.6260372556316597,1025
2923902,0.6259857597208013,134
1720978,0.6259585004574643,31
1502509,0.6258217547399124,196
1503507,0.6258217547399124,198
1504059,0.6258217547399124,367
1301803,0.6257001578471652,248
1304062,0.6253390943102735,1156
4205191,0.6246592258106376,49
4201950,0.6232070999479196,119
2704104,0.6231272324001141,130
3532827,0.6228479043435791,109
3557303,0.622847904343579,84
3534302,0.622847904343579,293
3536307,0.622847904343579,190
3555307,0.622847904343579,17
3524006,0.622847904343579,647
3510807,0.622847904343579,217
3525409,0.622847904343579,40
3519709,0.622847904343579,963
3555604,0.622847904343579,98
3525003,0.622847904343579,912
3136009,0.62266755853301,133
3127073,0.622332909077992,40
2604601,0.6220406849800044,203
2612604,0.6220406849800044,462
3302304,0.6220057001027298,64
3300308,0.6220057001027298,712
2100600,0.6219426397391005,309
2923407,0.6219426397391005,151
2101202,0.6219426397391004,902
3129004,0.621867744875619,42
3149952,0.621867744875619,75
3169505,0.621867744875619,51
3156304,0.621867744875619,122
3106903,0.621867744875619,107
3134707,0.621867744875619,109
3123809,0.621867744875619,93
5105150,0.6206610254710737,484
5003108,0.6206610254710737,68
3110905,0.6198861655844784,157
3115300,0.618666540738698,417
3545308,0.6185019131595199,468
4200556,0.6181120578667202,17
5107578,0.6175090874914309,57
3136959,0.6173963517026312,46
3513801,0.6165911638951223,3765
3550308,0.6162822528389434,94385
3524402,0.6159887122885175,2047
2702504,0.615890554065927,83
2702355,0.615890554065927,206
3122108,0.6154805204894559,47
2704807,0.6153624109384157,94
3304904,0.6151406554599022,4415
2614709,0.6147960404057382,96
2616407,0.6147960404057382,1004
2603207,0.6147960404057382,364
2601052,0.6147960404057382,221
2609808,0.6147960404057382,116
2405900,0.614697279931631,18
2929107,0.614697279931631,141
2508901,0.614697279931631,467
2917607,0.614697279931631,527
2206050,0.614697279931631,43
2510204,0.614697279931631,68
2200707,0.614697279931631,126
2922201,0.614697279931631,63
2613503,0.6142673348849065,408
2906899,0.614168523927994,90
2918803,0.614168523927994,110
3152402,0.6141485963315917,111
3552809,0.613601477149355,2465
5106174,0.6134063712576214,27
5002001,0.6134063712576214,185
5219803,0.6134063712576214,95
2925303,0.6129891503947482,2200
2906600,0.6129891503947482,120
5105002,0.6128769593948614,111
2405306,0.612350421750995,41
1507151,0.6117168967481668,194
1304237,0.6117168967481668,296
1501303,0.6117168967481668,1438
1507458,0.6117168967481668,315
1503093,0.6117168967481668,300
1716604,0.6113855895632799,63
1714302,0.6113855895632799,50
1500602,0.6111866377778208,1559
1501105,0.6111866377778208,276
4211850,0.6109244099034846,15
4219358,0.6109244099034846,52
2408904,0.6104652314701075,210
3201803,0.6087010372205489,56
3138609,0.6087010372205488,129
3509452,0.6087010372205488,65
3552007,0.6087010372205488,70
3151602,0.6087010372205488,142
3538105,0.6087010372205488,113
3551504,0.6087010372205488,493
3539301,0.6087010372205488,460
3165503,0.6087010372205488,60
3512605,0.6087010372205488,44
3522653,0.6087010372205488,57
3535309,0.6087010372205488,171
3506904,0.6087010372205488,115
3546256,0.6087010372205488,21
3534401,0.6087010372205488,6666
3130507,0.6087010372205488,143
3101805,0.6087010372205488,62
3529807,0.6087010372205488,97
3120003,0.6081692977852597,32
3530607,0.6081692977852597,4279
3166105,0.6081692977852597,23
3513850,0.6081692977852597,13
4314902,0.6081195639593792,7424
2700102,0.6080233683953529,150
1300029,0.6078623299833924,234
3302502,0.6078471321295875,2969
3305554,0.6078471321295875,980
1301852,0.6073045330214507,885
2604304,0.6069207447648287,78
2610806,0.6069207447648287,174
2611309,0.6069207447648287,133
2600054,0.6069207447648287,722
2512200,0.6068212564574891,41
2206704,0.6068212564574891,48
2932101,0.6068212564574891,131
2927903,0.6068212564574891,93
2202083,0.6068212564574891,142
2100501,0.6068212564574891,156
2103208,0.6068212564574891,685
2909109,0.6068212564574891,140
2105476,0.6068212564574891,86
2931608,0.6068212564574891,143
2103307,0.6068212564574891,1166
2926657,0.6068212564574891,76
2922730,0.6068212564574891,47
2409209,0.6068212564574891,24
2920601,0.6068212564574891,167
2917102,0.6068212564574891,104
2508604,0.6068212564574891,176
2203800,0.6068212564574891,54
2110401,0.6068212564574891,183
2204105,0.6068212564574891,62
2928406,0.6068212564574891,259
2907558,0.6068212564574891,59
2923605,0.6068212564574891,141
2206308,0.6068212564574891,13
2512721,0.6068212564574891,39
2202802,0.6068212564574891,62
2408805,0.606821256457489,60
2807204,0.6058909419296289,71
4121000,0.6058711409617996,144
5107008,0.6056328384122802,242
2111300,0.6056262610187196,6251
5006259,0.6050856691712125,79
5106000,0.6050856691712125,67
5004106,0.6050856691712125,155
5007406,0.6050856691712125,288
3102209,0.6049569080928587,46
1302504,0.6049489496702917,1280
2507507,0.6049067197105938,5447
4306932,0.6046358073655863,67
2902807,0.6038047122132544,265
2403301,0.6038047122132544,63
2903508,0.6038047122132544,124
2410801,0.6038047122132544,31
1302553,0.6030598901414455,186
2805000,0.6028719312314608,23
1717008,0.6027259934841577,56
1706100,0.6027259934841577,89
4216206,0.6023175078650931,439
4213906,0.6023026669042774,21
2706406,0.6022118507826066,307
2703205,0.6022118507826066,249
5007935,0.6020645412473348,220
5102504,0.6020645412473348,1038
4202305,0.6018735866030468,581
4305454,0.6017529615799951,145
2608800,0.6011036044320773,407
2406304,0.6010036117250115,49
2933307,0.6010036117250115,2826
2902302,0.6010036117250115,80
2927309,0.6010036117250115,201
2921203,0.6010036117250115,184
2202901,0.6010036117250115,265
2504157,0.6010036117250115,87
2500106,0.6010036117250115,87
1600212,0.6004565255603844,82
5108402,0.6003631892951484,3780
3160207,0.6000207562411404,29
3521804,0.6000207562411403,282
3122900,0.6000207562411403,69
3119401,0.6000207562411403,668
3127305,0.6000207562411403,68
3158706,0.6000207562411403,23
3119005,0.6000207562411403,34
3131000,0.6000207562411403,68
3534005,0.6000207562411403,43
3532009,0.6000207562411403,128
3512308,0.6000207562411403,144
3142106,0.6000207562411403,63
3520103,0.6000207562411403,209
2611507,0.5997107037777045,221
1720259,0.5996987561597894,45
1717909,0.5996987561597894,99
2514305,0.5996105944817613,57
2207959,0.5996105944817613,63
4126702,0.5994491857551957,47
5103007,0.5992593031660456,246
5108600,0.5992593031660456,275
3301702,0.5991603826359577,6581
2109908,0.5990002074573388,865
5107206,0.5978642708144234,54
5102686,0.5978642708144234,161
3552502,0.5977117129540869,3638
1504000,0.5972235313705265,256
1503044,0.5972235313705265,228
1501956,0.5972235313705265,141
2411809,0.5970939186244699,27
3510302,0.5969866884969262,284
3136652,0.5969866884969262,354
1700707,0.5968880069716372,110
1715754,0.5968880069716371,81
3302601,0.5961241814257402,429
2211001,0.5959728117815692,6908
3126703,0.5958354023958398,176
1508001,0.5958261919523744,1105
1507706,0.5958261919523744,377
1706001,0.595490291942847,74
1719004,0.595490291942847,49
3549508,0.5941697831492538,81
3511003,0.5941697831492538,209
3107505,0.5941697831492538,83
3553302,0.5941697831492538,189
3150570,0.5941697831492538,95
3504909,0.5941697831492538,70
3163607,0.5941697831492537,30
2409332,0.5940526698584521,23
2924678,0.5940526698584521,42
2708402,0.5935828613964682,398
3104809,0.5927690734134625,49
3132602,0.5927690734134625,38
3521150,0.5927690734134625,68
3515129,0.5927690734134625,26
3535507,0.5927690734134625,404
3136603,0.5927690734134625,70
3162922,0.5927690734134625,427
3503158,0.5927690734134625,24
1304203,0.5925346598634603,1206
3544103,0.5924693901914799,394
2607653,0.592466843390621,247
2607802,0.592466843390621,78
2608453,0.592466843390621,139
2610400,0.592466843390621,175
2613800,0.592466843390621,136
2603702,0.592466843390621,226
2511301,0.5923661538599169,55
2929909,0.5923661538599169,406
2922003,0.5923661538599169,392
2911709,0.5923661538599169,776
2904803,0.5923661538599169,50
2905206,0.5923661538599169,428
2112902,0.5923661538599169,249
2925956,0.5923661538599169,173
2111672,0.5923661538599169,28
2505709,0.5923661538599169,79
2204501,0.5923661538599169,128
2504074,0.5923661538599169,42
2910107,0.5923661538599169,124
2209005,0.5923661538599169,67
2917334,0.5923661538599169,94
2400703,0.5923661538599169,137
2201150,0.5923661538599169,201
2501351,0.5923661538599169,66
2919702,0.5923661538599169,114
2908101,0.5923661538599169,207
2206951,0.5923661538599169,56
4206652,0.5920188517959641,125
4300604,0.5918638490118814,1974
1718840,0.5918550480996497,45
4218004,0.591611153065668,100
1303809,0.5913814206517582,689
2503209,0.5911723915227726,565
5107040,0.590801999744731,1060
3146909,0.5907088200195397,134
5220454,0.5906098063366874,1917
5108352,0.5906098063366874,42
5203575,0.5906098063366874,49
5203609,0.5906098063366874,53
5107198,0.5906098063366874,36
5105200,0.5906098063366874,138
5107958,0.5906098063366874,1185
5007554,0.5906098063366874,137
5101258,0.5906098063366874,180
5100805,0.5906098063366874,128
5200258,0.5906098063366874,3010
2601706,0.590597481900449,658
2608206,0.590597481900449,92
2203909,0.5904966497383752,526
2913507,0.5904966497383752,108
2209906,0.5904966497383752,50
2931806,0.5904966497383752,77
2504702,0.5904966497383752,32
2210508,0.5904966497383752,192
2408607,0.5903043632894225,35
2403608,0.5902647773418468,578
4202107,0.5898802745257139,346
3111804,0.5893856818785335,97
5105507,0.589294882587012,200
4208450,0.5889197693219139,233
3543402,0.5888684546894453,4822
3107406,0.5888409409476609,467
5203962,0.5887378395552754,42
5002803,0.5887378395552754,93
5103205,0.5887378395552754,383
3156809,0.5886914986161826,122
1504455,0.5885602630002743,292
1505106,0.5885602630002743,538
1100809,0.5885602630002743,366
1508035,0.5885602630002743,193
1500859,0.5885602630002743,318
1505437,0.5885602630002743,425
1506104,0.5885602630002743,133
1506112,0.5885602630002743,143
1707207,0.5882224977017164,62
1705102,0.5882224977017163,42
1708254,0.5882224977017163,66
1716703,0.5882224977017163,59
4306767,0.586594262405887,324
1503903,0.5863020813098285,782
4323457,0.586191138542257,32
4103107,0.586191138542257,229
3508405,0.585486420325614,668
3129202,0.585486420325614,67
3531100,0.585486420325614,749
3506102,0.585486420325614,567
3557006,0.585486420325614,1103
3526308,0.585486420325614,63
3508009,0.585486420325614,278
3540705,0.585486420325614,460
3501152,0.585486420325614,189
3524105,0.585486420325614,285
3120102,0.585486420325614,50
3172202,0.585486420325614,25
3536505,0.585486420325614,1040
3554508,0.585486420325614,301
3556503,0.585486420325614,1188
3502200,0.585486420325614,232
3539400,0.585486420325614,102
3525201,0.585486420325614,507
3153905,0.585486420325614,146
3555505,0.585486420325614,66
3304128,0.5846164262190313,114
3145356,0.5840586235470113,90
3142254,0.5837293438290833,36
3144375,0.5831861160072035,48
3546306,0.5831861160072035,278
3547908,0.5831861160072035,64
3502903,0.5831861160072035,374
3531803,0.5831861160072035,754
3517000,0.5831861160072035,48
3144656,0.5831861160072035,66
3535804,0.5831861160072035,212
3116159,0.5831861160072035,208
3523008,0.5831861160072035,47
3161106,0.5829310347544165,612
2405009,0.5826065556714615,79
3500303,0.5824461160482605,355
3136702,0.5817548288705328,3343
5105101,0.5815109131543151,390
2706000,0.5802743233586114,176
2708600,0.5802743233586114,564
2703759,0.5802743233586114,115
3552205,0.5797971451993459,6335
3530508,0.5795848990495833,507
2615409,0.5791476708473627,548
3156007,0.5790504314896828,103
2929503,0.5790460286712424,269
2919009,0.5790460286712424,33
2909604,0.5790460286712424,151
2205508,0.5790460286712424,451
2111904,0.5790460286712424,110
2102101,0.5790460286712424,272
2203503,0.5790460286712424,92
2516805,0.5790460286712424,61
1505403,0.5777486420905071,147
3135803,0.5777328618633597,172
1301308,0.577177827468606,288
4304630,0.5770378574588455,618
2404804,0.576964979301884,9
2412104,0.576924825556293,64
1301209,0.57643384269757,932
3146255,0.5763555941883142,58
1100452,0.5752049572058526,438
1502764,0.5752049572058526,155
1506401,0.5752049572058526,104
1508407,0.5752049572058526,599
1702554,0.5748641475990642,191
1715507,0.5748641475990642,19
1704600,0.5748641475990642,16
3102407,0.5743047950725758,67
2926707,0.5736815841404297,122
2107506,0.5736815841404296,1548
2917904,0.5736815841404296,97
2203107,0.5736815841404296,20
2101707,0.5736815841404296,762
2922755,0.5736815841404296,49
2410207,0.5736815841404296,71
2201988,0.5736815841404296,43
2207504,0.5736815841404296,150
2202251,0.5736815841404296,39
2509396,0.5736815841404296,84
2505105,0.5736815841404296,151
2201929,0.5736815841404296,89
4200705,0.5735952358977694,114
5103502,0.5734742396178028,291
3170107,0.5729703148141903,2858
4107256,0.5728147473973108,110
4202099,0.5728147473973108,18
4112603,0.5728147473973108,13
4306320,0.5728147473973108,20
4304663,0.5726259405943557,241
1302207,0.572484023876433,137
3513504,0.5719781954047508,1093
5101704,0.5719029117508461,410
5212709,0.5719029117508461,126
5106232,0.571902911750846,240
3141108,0.571828336060663,382
3557105,0.5716793526889921,743
3513207,0.5716793526889921,90
3162252,0.5716793526889921,51
3144672,0.5716793526889921,25
3113404,0.5716793526889921,855
3139607,0.5716793526889921,222
3503802,0.5716793526889921,505
3149101,0.5716793526889921,90
3500550,0.5716793526889921,104
3533205,0.5716793526889921,45
3143005,0.5716793526889921,141
3143153,0.5716793526889921,23
3508603,0.5716793526889921,229
3513603,0.5716793526889921,135
3548054,0.5716793526889921,87
3171600,0.5716793526889921,73
3107208,0.5716793526889921,53
3522505,0.5716793526889921,3253
3509601,0.5716793526889921,846
3519600,0.5716793526889921,511
3502754,0.571679352688992,226
2603801,0.571478342428581,211
2501500,0.5713762188396162,148
2507705,0.5713762188396162,150
2113009,0.5713762188396162,258
3151206,0.5713009865719665,588
3515103,0.5709001250316564,756
3301850,0.5708016230906492,593
3301405,0.5708016230906492,179
3303708,0.5708016230906492,349
3543907,0.5701738316422584,1648
1101609,0.5698279278211298,114
1505551,0.5698279278211298,64
1505007,0.5698279278211298,120
1502772,0.5698279278211298,271
1304401,0.5697486131269907,257
3133303,0.5697052978977912,180
2701506,0.5695630667901996,46
5105622,0.5692401267963199,305
2606606,0.5691153196139652,269
3103504,0.5687930404275503,1032
2601607,0.5684290462329414,174
2601904,0.5684290462329414,401
2604700,0.5684290462329414,130
2101772,0.5683267448667595,245
2916856,0.5683267448667595,166
2207306,0.5683267448667595,64
2205359,0.5683267448667595,31
2905008,0.5683267448667595,196
2514701,0.5683267448667595,31
2205805,0.5683267448667595,209
2921104,0.5683267448667595,226
2110906,0.5683267448667595,134
2901007,0.5683267448667595,249
2106300,0.5683267448667595,144
2101251,0.5683267448667595,194
4208807,0.5682044354185137,302
3104502,0.5681498675781437,183
3163300,0.5678547144061795,42
4110003,0.5674302155643741,67
1600253,0.5671630422074313,105
5001003,0.5666583135003345,434
5214002,0.5666583135003345,213
5107941,0.5666583135003345,176
5002308,0.5666583135003345,181
5107354,0.5666583135003345,109
5218003,0.5666583135003345,358
5007950,0.5666583135003345,187
5205497,0.5666583135003345,1222
4312708,0.5666119158803357,136
1502301,0.5665291872721028,465
3171402,0.5662913454102159,36
3172103,0.5662913454102159,38
3532900,0.5662913454102159,86
3108909,0.5662913454102159,149
3547007,0.5662913454102159,71
3541653,0.5662913454102159,59
3111903,0.5662913454102159,46
3513009,0.5662913454102159,2900
3153509,0.5662913454102159,80
3509205,0.5662913454102159,967
3541000,0.5662913454102159,3854
3169307,0.5662913454102159,580
3517208,0.5662913454102159,126
3157302,0.5662913454102159,45
3503901,0.5662913454102159,1016
3556206,0.5662913454102159,829
3170701,0.5662913454102159,1027
3536604,0.5662913454102159,60
2610707,0.5662907596092156,2040
1705508,0.5661866666989291,442
4316402,0.5657525353580812,280
3300506,0.5654109680788459,227
3303807,0.5654109680788459,415
3300803,0.5654109680788459,474
3300258,0.5654109680788459,377
3300209,0.5654109680788459,1329
2410504,0.5652565243101845,33
3158102,0.5651987252010563,63
4218301,0.5650746742579684,234
2404903,0.5648152638334514,47
1300300,0.56480997842743,277
3147402,0.564438510283303,225
2401107,0.564307534474278,176
1501907,0.5634715747649081,229
1503002,0.5634715747649081,148
1504208,0.5634715747649081,2997
1100130,0.5634715747649081,405
3122009,0.5633562674333584,186
3516309,0.5632850784180615,2160
1707009,0.5631285012425349,233
1301902,0.5631108867361337,1148
3122355,0.5629862837919406,99
3121258,0.5629862837919406,110
3164209,0.5629862837919406,86
2507903,0.562856508178198,110
4214409,0.5627107253818161,64
2708956,0.5626775265226759,159
2709152,0.5626775265226759,381
2412005,0.5626532079679747,712
3113008,0.5625743704556281,159
3300936,0.5621043853493055,138
2602803,0.5615393303717117,508
2606309,0.5615393303717117,109
2608008,0.5615393303717117,131
2606002,0.5615393303717117,1278
2611002,0.5615393303717117,412
2110302,0.5614366558853451,115
2106904,0.5614366558853451,245
2511400,0.5614366558853451,191
2209153,0.5614366558853451,44
2515930,0.5614366558853451,63
2517100,0.5614366558853451,27
2404507,0.5614366558853451,138
2920502,0.5614366558853451,179
2512747,0.5614366558853451,25
2921450,0.5614366558853451,78
2513356,0.5614366558853451,26
2211308,0.5614366558853451,184
2202208,0.5614366558853451,448
2931350,0.5614366558853451,1367
2411429,0.5614366558853451,22
2923803,0.5614366558853451,196
4300646,0.5611346474557543,67
4120507,0.5610657241327749,85
4106100,0.5610657241327749,49
4214102,0.5610657241327749,36
4210209,0.5610657241327749,22
3516408,0.5602967058722892,1792
4204806,0.5601493929575929,412
4202073,0.5600194001640868,180
3166709,0.5599230931849017,84
3110301,0.5599230931849017,121
3511904,0.5599230931849017,66
3519907,0.5599230931849017,82
3537503,0.5599230931849017,98
3126802,0.5599230931849017,76
3107604,0.5599230931849017,47
3171501,0.5599230931849017,43
3146206,0.5599230931849017,88
3556701,0.5599230931849017,660
3509700,0.5599230931849017,442
3554003,0.5599230931849017,1236
3552304,0.5599230931849017,65
3530706,0.5599230931849017,1351
3542008,0.5599230931849017,68
3134509,0.5599230931849017,32
3112604,0.5599230931849017,173
3124807,0.5597691609606735,62
5101902,0.5597622225787056,217
5209457,0.5597622225787056,24
5107263,0.5597622225787056,33
5107602,0.5597622225787056,2966
5215231,0.5597622225787056,988
5007695,0.559732495552818,479
3132107,0.5596559607616839,165
3534708,0.5594871720220974,919
3135050,0.5592151304079436,536
3301900,0.5590398549033623,2438
3300951,0.5590398549033623,100
3303955,0.5590398549033623,282
4205407,0.5589740911158502,2861
2706448,0.5589633256551122,232
2705507,0.5589633256551121,234
2700201,0.5589633256551121,151
2704005,0.5589633256551121,272
1301704,0.5586895802901991,762
2503704,0.5586603486096414,484
3159605,0.5586597243500793,372
4209300,0.5584374702538799,1478
3171006,0.5581953488095814,174
4220000,0.5577571655128167,209
1506906,0.5571595381510882,61
4309951,0.5569187008608728,29
4310652,0.5568634274288295,32
1707553,0.5568154056413154,37
1713304,0.5568154056413154,132
1506302,0.5565644560486417,191
2602605,0.5563241188033327,420
2612505,0.5563241188033327,1020
3532405,0.5562590692395334,211
3552106,0.556229885031616,247
2513307,0.5562211882088407,57
2104602,0.5562211882088407,106
2108603,0.5562211882088407,539
2504355,0.5562211882088407,56
2513208,0.5562211882088407,60
2208007,0.5562211882088407,528
2102705,0.5562211882088407,208
4201307,0.5558010583577739,562
4205159,0.5558010583577739,38
4201406,0.5554349761901823,634
4309308,0.5552912585506028,947
4203956,0.5551074299236572,223
4100400,0.5547463889602858,1101
4204194,0.5547463889602858,47
4205308,0.5547463889602858,129
4128559,0.5547463889602858,111
5002407,0.5545128478231026,393
2616100,0.5543863200238924,61
2609402,0.5543863200238924,385
2606200,0.5543863200238924,702
2616001,0.5543863200238924,109
2607604,0.5543863200238924,205
2608404,0.5543863200238924,155
2200954,0.5542833000487096,21
2105401,0.5542833000487096,772
2904308,0.5542833000487096,147
2107209,0.5542833000487096,128
2507408,0.5542833000487096,54
2933406,0.5542833000487096,100
2904605,0.5542833000487096,548
2102507,0.5542833000487096,72
4215208,0.554150659015767,41
3109600,0.5536003960004282,25
3135076,0.5536003960004282,27
3130804,0.5536003960004282,24
3114550,0.5536003960004282,109
3515707,0.5536003960004282,1961
3550605,0.5536003960004282,725
3526605,0.5536003960004282,83
3117876,0.5536003960004282,74
3542602,0.5536003960004282,514
3135704,0.5536003960004282,55
3125606,0.5536003960004282,92
3553807,0.5536003960004282,229
3129509,0.5536003960004282,204
3136405,0.5536003960004282,41
3513900,0.5536003960004282,83
3521200,0.5536003960004282,32
3505807,0.553004368238709,221
3157278,0.553004368238709,25
3520426,0.553004368238709,167
3125705,0.553004368238709,108
3516705,0.553004368238709,303
3141900,0.553004368238709,35
3130101,0.553004368238709,532
3507605,0.553004368238709,1425
3549805,0.553004368238709,3296
3133600,0.553004368238709,152
3550407,0.553004368238709,326
3305000,0.5527146049760049,554
3506003,0.5524762685149945,2786
5002209,0.5524540270412522,398
5007307,0.5524540270412522,81
3303302,0.5521183513593529,2361
1300409,0.5520985192995639,226
1502954,0.5517844651615651,292
1703206,0.5514395184927402,56
1702703,0.5514395184927402,29
3549706,0.5514208699533922,415
3518701,0.5512623992053534,3023
1502004,0.5507821339442659,207
2403004,0.5507804501983012,72
3528908,0.5499315668514924,31
3155108,0.5499315668514924,55
3131505,0.5499315668514924,74
3519303,0.5499315668514924,394
3165404,0.5499315668514924,69
3150158,0.5499315668514924,141
3127008,0.5499315668514924,135
3524303,0.5499315668514924,449
3120151,0.5499315668514924,63
3526704,0.5499315668514924,993
3512803,0.5499315668514924,529
3529203,0.5499315668514924,193
4211900,0.5498527983835245,1796
1101484,0.5498428825902604,53
3509502,0.5498104670600386,8899
4315313,0.5497861401155296,15
3109303,0.5495885729353792,305
1716505,0.5494976616476764,231
3157807,0.5490958263672276,2300
4314407,0.5489412945068775,1967
4317004,0.548323809907768,42
3126901,0.5479885329571179,93
3532207,0.5479885329571179,85
3164431,0.5479885329571179,26
3515152,0.5479885329571179,181
3508504,0.5479885329571179,752
3544400,0.5479885329571179,28
3128709,0.5479885329571179,454
3516804,0.5479885329571179,30
3530102,0.5479885329571179,162
3522406,0.5479885329571179,980
3543006,0.5479885329571179,230
3141702,0.5479885329571179,63
4312609,0.5479522795473146,38
4116307,0.5478429945956833,60
1300904,0.547035970891989,165
1304104,0.546989151834035,255
3170909,0.5466466755628798,173
3127206,0.5465560971136991,54
4209409,0.5461168338287583,288
3127339,0.5461002642876381,49
3170206,0.5459331517381197,5954
2614006,0.5454893312551768,201
2209955,0.545385941108239,23
2502805,0.545385941108239,97
2202406,0.545385941108239,137
2111102,0.545385941108239,276
4208708,0.5451344455951912,113
3146305,0.5449219497332345,190
1501402,0.544875600919855,8616
2107407,0.5446662519829052,141
2921005,0.5446662519829052,636
2200277,0.5446662519829052,38
2933455,0.5446662519829052,121
2924900,0.5446662519829052,56
2403202,0.5446662519829052,44
2503605,0.5446662519829052,54
2908309,0.5446662519829052,51
3162104,0.5446140474017707,528
3145604,0.5441443692643071,348
4312500,0.5440344605602934,130
3142700,0.5436090906566561,153
5209606,0.5435502228973502,33
5107743,0.5435502228973502,42
5100250,0.5435502228973502,657
5107701,0.5435502228973502,137
5106265,0.5435502228973502,106
4206702,0.5433625455160134,225
5000906,0.5428300637139158,145
5005806,0.5428300637139158,183
3522208,0.5426988361564489,1878
5103403,0.542478789829508,5876
2703502,0.5423285841572099,83
3102308,0.541636607737466,108
3129806,0.5415927139987864,1647
3124104,0.5413816495452468,914
1505601,0.5409302973917018,70
1506583,0.5409302973917018,246
4311007,0.5407684849749553,205
1708304,0.5405839523737531,41
4302501,0.5403326474754987,44
1504802,0.5402095012367591,732
1504109,0.5402095012367591,60
4103206,0.5400334758886698,89
3139409,0.5400184743536871,966
2413557,0.5395411133050505,43
4304622,0.5393124708500815,15
4207700,0.5393124708500815,92
4215687,0.5393124708500815,24
4305439,0.5391296067376539,33
3555000,0.5391173267147578,536
3108701,0.5390700108913931,37
3507803,0.5390700108913931,239
3553609,0.5390700108913931,111
3551702,0.5390700108913931,1386
3509957,0.5390700108913931,53
3144607,0.5390700108913931,184
3553500,0.5390700108913931,103
3149002,0.5390700108913931,35
3538907,0.5390700108913931,145
3512209,0.5389507985452809,337
3501301,0.5389507985452809,247
3167400,0.5389507985452809,65
3522000,0.5389507985452809,38
3530805,0.5389507985452809,657
3515202,0.5389507985452809,79
3541406,0.5389507985452809,1708
3107109,0.5389507985452809,447
3127107,0.5389507985452809,525
3143401,0.5389507985452809,189
4304358,0.5386294984198909,96
3306008,0.5381794397834625,636
3106705,0.537797138456998,4233
2109551,0.537618058561135,56
2510501,0.537618058561135,46
3101102,0.5374561996408272,232
3171204,0.5373125173642794,1460
2700805,0.5366709645248977,43
1301001,0.5366567668359987,340
2412609,0.5364333640489801,114
3501905,0.5362853500834787,481
5007703,0.5357776724320111,162
4305157,0.5352351236491256,20
3546405,0.5351760119827428,388
2404309,0.535021167166094,77
4212270,0.534623667222311,51
3152105,0.5345261867386831,433
2602902,0.5331532580229674,1976
2616209,0.5331532580229674,168
1505536,0.5331514515070708,2854
1300201,0.5331514515070708,164
3547809,0.5329759256056867,4506
1302603,0.5324976539021832,23125
4105102,0.5322525740628489,94
4315503,0.5322129202261004,117
2604106,0.5320562872575991,3085
2600203,0.5320562872575991,172
2607000,0.5320562872575991,266
2608750,0.5320562872575991,344
2609501,0.5320562872575991,221
2605202,0.5320562872575991,406
4302907,0.5319858587558658,71
2110005,0.5319524633015641,694
2509701,0.5319524633015641,300
2202752,0.5319524633015641,64
2109106,0.5319524633015641,429
2929057,0.5319524633015641,164
2104057,0.5319524633015641,500
2513406,0.5319524633015641,149
2919058,0.5319524633015641,58
2105609,0.5319524633015641,120
2503803,0.5319524633015641,45
2403707,0.5319524633015641,47
3511201,0.5318901700079516,66
3548005,0.5318901700079516,213
3143450,0.5318901700079516,65
3503109,0.5318901700079516,81
3526407,0.5318901700079516,271
3170479,0.5318901700079516,35
4304606,0.5308226354527084,2563
2406155,0.5307659223647577,15
5201801,0.5301092363537611,170
5220504,0.5301092363537611,90
3549409,0.5299839755633804,416
3541307,0.5295888416253012,407
1303106,0.5291583401056916,304
3145802,0.5290580810688046,12
3510609,0.5288122467564488,3977
3100203,0.5284647210109897,185
4206207,0.528370673715104,114
3119302,0.5281274017457175,289
4216354,0.5280990116794728,64
1506708,0.5274792293313373,561
1506807,0.5274792293313373,4040
1100601,0.5274792293313373,68
1101468,0.5274792293313373,36
1506138,0.5274792293313373,1080
1502608,0.5274792293313373,97
2509800,0.5264584704698718,81
3517802,0.5262162414008645,36
3544608,0.5262162414008645,43
3501400,0.5262162414008645,30
3538006,0.5262162414008645,1412
3522109,0.5262162414008645,1291
3510500,0.5262162414008645,1504
3158003,0.5262162414008645,103
3124005,0.5262162414008645,151
3511102,0.5262162414008645,741
3506359,0.5262162414008645,963
3526100,0.5262162414008645,194
3109907,0.5262162414008645,99
3517406,0.5262162414008645,306
3110509,0.5262162414008645,289
3539806,0.5262162414008645,1172
3145208,0.5262162414008645,1397
3509106,0.5262162414008645,27
3527702,0.5262162414008645,47
3123007,0.5262162414008645,101
3527306,0.5262162414008645,624
3533403,0.5262162414008645,491
3549102,0.5262162414008645,627
3528502,0.5262162414008645,898
3531209,0.5262162414008645,60
4111803,0.5261735968046113,341
3118601,0.5259433291200318,4601
2806701,0.5255998409616645,805
4207106,0.5253730273945262,188
4204350,0.5253425431023625,94
3300704,0.5253227037153854,2212
3301306,0.5253227037153854,500
3302056,0.5253227037153854,104
3148301,0.5250737965585281,79
3112406,0.5250281428030598,67
3134004,0.524681864451634,108
3135100,0.5244518993170311,742
4105201,0.524192638947455,184
4205803,0.524192638947455,230
4304853,0.524192638947455,12
4210803,0.524192638947455,83
4101655,0.524192638947455,49
3153608,0.5239152733454163,121
4211306,0.523775561449621,821
3552403,0.5237336323900956,2702
2600708,0.5234498376433379,237
2614501,0.5234498376433379,286
2604502,0.5234498376433379,245
5006606,0.5232552052145638,1793
4205209,0.5230286336325155,49
1303957,0.5228146921993826,122
2204709,0.5222464494909879,122
2106755,0.5222464494909879,270
2504306,0.5222464494909879,221
2108306,0.5222464494909879,382
2401503,0.5222464494909879,21
3140001,0.5216579814433514,601
3113305,0.521546906457222,258
3168606,0.5214920725859561,1190
3132701,0.5209744239357749,209
5106182,0.5203994607962495,121
4315602,0.5198832598405978,1519
2603504,0.5195979274338071,169
4313706,0.5195302658333817,281
2913408,0.5191050879919892,101
2107357,0.5191050879919892,164
3103405,0.5190763982471601,277
3138351,0.5188705008594677,63
1302702,0.518728886467987,557
3548906,0.5186522345411767,2049
4213401,0.5184023030339878,164
2205565,0.5183937617334179,81
2102903,0.5183937617334179,288
2910776,0.5183937617334179,66
2210391,0.5183937617334179,25
2205409,0.5183937617334179,187
2201200,0.5183937617334179,557
4318507,0.5182368799534349,243
4211751,0.5180693504311074,252
1504752,0.517764545807673,178
4302709,0.5175700666145825,186
4321303,0.5175465708151422,226
5105903,0.5172276436222538,243
3154606,0.5171509743105841,3421
4312476,0.5168908829619585,33
5200175,0.5165456666897946,85
5106208,0.5165456666897946,46
3152808,0.5164993929504289,334
3117306,0.5164993929504289,311
3524808,0.5164993929504289,385
3504305,0.5164993929504289,44
3163102,0.5164993929504289,46
3505609,0.5164993929504289,356
3514908,0.5164993929504289,207
3531902,0.5164993929504289,279
3101201,0.5164993929504289,56
3163508,0.5164993929504289,55
3104403,0.5164993929504289,28
4321709,0.5164566774294983,239
2605301,0.5158374594374138,335
2608107,0.5158374594374138,169
2609154,0.5158374594374138,174
2602308,0.5158374594374138,347
2603108,0.5158374594374138,179
2601102,0.5158374594374138,937
2614808,0.5158374594374138,151
2603603,0.5158374594374138,51
2613008,0.5158374594374138,549
4206009,0.5156242698992386,115
3305604,0.5156043988518945,260
3305752,0.5156043988518945,339
5107909,0.5152250043198165,2552
4317103,0.515068791980756,682
2112456,0.514632672767365,241
2305506,0.514632672767365,741
2923001,0.514632672767365,481
2929602,0.514632672767365,123
2100907,0.514632672767365,239
2507804,0.514632672767365,68
2111631,0.514632672767365,47
2404853,0.514632672767365,65
2515401,0.514632672767365,81
2109601,0.514632672767365,388
2504900,0.514632672767365,115
2513984,0.514632672767365,39
2101806,0.514632672767365,72
2411908,0.514632672767365,55
2505402,0.514632672767365,66
2501609,0.514632672767365,76
2514404,0.514632672767365,47
2504504,0.514632672767365,52
2504033,0.514632672767365,106
2516409,0.514632672767365,45
2203701,0.514632672767365,415
2501906,0.514632672767365,99
2413508,0.514632672767365,56
1501006,0.5146211039159101,106
5005103,0.5144958559744893,68
2707602,0.5144772762666023,166
1101807,0.5139093558332082,78
1505064,0.5139093558332082,707
1720937,0.5135609572131965,27
3500709,0.5135595894989259,330
3170750,0.5135595894989259,105
2505279,0.5134423849560986,27
2109809,0.5134423849560986,200
5102678,0.51314363111385,600
1718204,0.5130192101186097,713
5206503,0.5127837097093447,44
5106372,0.5127837097093447,282
5221858,0.5127837097093447,2096
5108006,0.5127837097093447,224
5104807,0.5127837097093447,348
5221080,0.5127837097093447,61
5106216,0.5127837097093447,172
3120508,0.5126436089746491,128
3527801,0.5126436089746491,36
3520905,0.5126436089746491,140
3134400,0.5126436089746491,357
3500907,0.5126436089746491,27
3504602,0.5126436089746491,255
3530904,0.5126436089746491,56
3524501,0.5126436089746491,97
3548708,0.5126436089746491,6732
3154408,0.5126436089746491,43
3511607,0.5126436089746491,264
4103479,0.5126008742613516,49
4117602,0.5126008742613516,629
3138682,0.5124488801023758,65
2607901,0.5123383094668099,4684
3301108,0.5117482245318072,162
3304300,0.5117482245318072,528
3538709,0.5106772806575671,3600
4307104,0.5102995336705323,44
1506559,0.5101463388000287,158
1720002,0.5097978157604841,42
3520301,0.5093123165038357,290
3130655,0.5088801574169328,48
3170529,0.5088801574169328,95
3517505,0.5088801574169328,186
3156452,0.5088801574169328,23
3107901,0.5088801574169328,145
3118007,0.5088801574169328,551
3140704,0.5088801574169328,415
3169208,0.5088801574169328,67
3502101,0.5088801574169328,487
3132206,0.5088801574169328,142
3129608,0.5088801574169328,60
3556453,0.5088801574169328,545
3518404,0.5088801574169328,904
3144805,0.5088801574169328,855
3102605,0.5088801574169328,320
3538303,0.5088801574169328,36
3550209,0.5088801574169328,315
3507159,0.5088801574169328,54
3124906,0.5088801574169328,71
3168101,0.5088801574169328,64
3156205,0.5088801574169328,24
3541059,0.5088801574169328,82
3148707,0.5088801574169328,215
3537909,0.5088801574169328,316
3119203,0.5088801574169328,64
3138500,0.5088801574169328,38
3113701,0.5088801574169328,139
3523206,0.5088801574169328,486
4109658,0.5088374088756227,70
4323804,0.5088374088756227,205
4314456,0.5088374088756227,24
4111258,0.5088374088756227,443
4302378,0.5088374088756227,14
4100103,0.5088374088756227,76
4112900,0.5088374088756227,47
3545803,0.5086356032668621,1579
4212254,0.5080043801113528,159
4213500,0.5080043801113528,255
4216057,0.5080043801113528,50
4305371,0.5080043801113528,7
3302700,0.5079844947511302,1946
3300100,0.5079844947511302,1777
3305208,0.5079844947511302,1152
4215653,0.5079202212833959,116
3304557,0.5078308266517627,43411
3545100,0.507689257715279,54
3127354,0.507689257715279,14
3528403,0.507689257715279,466
3533809,0.507689257715279,20
3106309,0.507689257715279,250
3153103,0.507689257715279,25
3126000,0.507689257715279,78
3201308,0.507689257715279,4438
3156700,0.507689257715279,1108
2413102,0.507619434533295,57
4314803,0.5075152326071334,317
4313375,0.5072136501819541,357
4208203,0.5072115988501528,2165
2500502,0.5071335233941577,141
3151503,0.5071027549824656,309
3548500,0.5067400032703547,2276
3127701,0.5055951521925305,2139
5104906,0.5055516038710287,119
2616308,0.5048366600429292,223
2506806,0.5048366600429292,128
2500601,0.5048366600429292,216
2200905,0.5048366600429292,30
2607950,0.5048366600429292,71
2600500,0.5048366600429292,455
2515500,0.5048366600429292,100
2108454,0.5048366600429292,206
2603306,0.5048366600429292,59
2208874,0.5048366600429292,31
2411601,0.5048366600429292,56
2502003,0.5048366600429292,55
5220702,0.5044358143313514,34
5103304,0.5044358143313514,230
2704906,0.5035075311563706,33
3138203,0.5033770420622461,781
2917201,0.5032701212124806,191
2909505,0.5032701212124806,55
4215109,0.5032119054513361,120
4218251,0.503142880839778,81
4207502,0.5027013215843427,884
4300109,0.5024040659452017,162
4313656,0.5023478251394834,151
3168408,0.5018613242563863,96
2305100,0.5018431254121701,73
1504422,0.5017971585035618,1472
1506005,0.5017971585035618,452
2106326,0.5017030939794356,315
2109007,0.5017030939794356,278
2204550,0.5017030939794356,29
1302900,0.5013864896033103,530
5212105,0.5013022174213722,79
5104559,0.5013022174213722,90
5107065,0.5013022174213722,396
5203559,0.5013022174213722,123
5221197,0.5013022174213722,107
4118857,0.5008457248790871,90
4115507,0.5008457248790871,42
4300851,0.5008457248790871,20
4113759,0.5008457248790871,54
3505302,0.5007348072230009,210
3133006,0.5007348072230009,118
3532108,0.5007348072230009,32
3125101,0.5007348072230009,725
3536109,0.5007348072230009,95
3504503,0.5007348072230009,813
3532801,0.5007348072230009,61
3156403,0.5007348072230009,37
4321600,0.500654549783421,598
3103702,0.5006197828112421,59
3165552,0.5002393401156755,122
3140555,0.500199533234426,97
2612307,0.500026760321579,164
2209708,0.500026760321579,65
3302908,0.4998388900381587,223
3515509,0.49912636134019356,510
4314050,0.4989217319516672,630
1506195,0.4986634590803468,320
4318705,0.49848311473759455,1839
2605509,0.49774882781143376,82
2411106,0.4977488278114337,20
2210979,0.4977488278114337,20
2205250,0.4977488278114337,34
2410256,0.4977488278114337,40
2112803,0.49774882781143365,518
4311502,0.4977120313093636,40
4126256,0.4977120313093636,1465
3131703,0.4976361501536184,989
3171709,0.49760111581268435,84
3519071,0.49760111581268435,2413
3154200,0.49760111581268435,84
3123601,0.49760111581268435,249
3117207,0.49760111581268435,30
3535002,0.4976011158126843,130
2931004,0.49745149595470733,97
2918902,0.4974157013949684,29
5103379,0.4973479572704305,142
5215603,0.49734795727043046,363
5103452,0.49734795727043046,82
1501576,0.4969871521179017,178
3300605,0.49670522737660205,249
3301603,0.496705227376602,138
3130051,0.4957638863016596,120
4302006,0.4950749157287419,86
5003900,0.4948418874539635,44
5006200,0.49484188745396346,654
1500800,0.4947312002350336,4114
1505635,0.4947093653964893,153
1100072,0.4947093653964893,129
4113254,0.49444736287444496,93
2414803,0.4942870489001019,132
2407708,0.49428704890010183,120
2201770,0.49428704890010183,45
2414902,0.4941373482422674,21
2112233,0.49413734824226735,236
2612554,0.49413734824226735,90
2105153,0.49413734824226735,145
5204508,0.4938862247930324,1129
5106281,0.49388622479303235,97
5108055,0.4938862247930323,165
2600807,0.49382759362348244,111
2210375,0.4938275936234824,18
2512101,0.4938275936234824,247
2603454,0.4938275936234824,1192
2605905,0.49382759362348233,162
4119509,0.4937580516684744,1321
5212204,0.493736527010089,183
5219902,0.493736527010089,107
3158607,0.49364715133009757,36
3525102,0.4936471513300975,402
3111507,0.4936471513300975,155
3123700,0.4936471513300975,85
3164472,0.4936471513300975,73
3518206,0.4936471513300975,241
3534609,0.4936471513300975,223
3117009,0.4936471513300975,47
3160801,0.49364715133009746,60
3519055,0.49364715133009746,143
5200134,0.4934267785681178,262
5106455,0.49342677856811773,61
5103056,0.49342677856811773,142
2407807,0.49337670595460753,209
2614105,0.49337670595460753,302
4317301,0.49306961822314926,254
5100201,0.4929759004403226,350
2413003,0.4928462330593983,48
3302809,0.49275139959472747,147
3306107,0.49275139959472747,718
3147105,0.49250608483350367,854
2803005,0.49240250014222015,476
2922409,0.4922612550107062,139
4204202,0.49179164578893114,2707
3114105,0.49175429375528246,145
1303403,0.4915704651304798,1355
5008008,0.4913650297321426,277
3529401,0.49131923852417936,3825
1508084,0.49124804959163143,467
1721000,0.4908922177878233,2964
1100056,0.49078867768000817,244
3105400,0.49018605768758816,335
3170602,0.49018605768758816,13
3160603,0.49018605768758816,15
3140803,0.49018605768758816,114
3524907,0.49018605768758816,63
4310538,0.49014726990857627,53
3543709,0.490036395531452,89
3509254,0.49003639553145195,385
3157401,0.48995732341028214,29
4123402,0.48987337529281927,127
4210407,0.48983759452505465,99
4301636,0.48983759452505465,163
3200508,0.48972672291311514,70
3169000,0.48972672291311514,152
3520509,0.48972672291311514,2404
3110103,0.48972672291311514,30
3128105,0.48972672291311514,143
3538600,0.48972672291311514,277
3544905,0.48972672291311514,95
3144201,0.4897267229131151,25
3537800,0.4897267229131151,622
3553005,0.4897267229131151,134
3515194,0.4897267229131151,48
3144300,0.48966969433384316,310
2514453,0.48949889094445564,56
2512705,0.48949889094445564,142
2509909,0.48949889094445564,74
4118303,0.4893868276663942,39
3304003,0.48929051757844044,277
3507506,0.48927596023156855,1152
3523602,0.4892759602315685,160
3300407,0.48838049002487266,1314
2930006,0.48716392596965863,59
2912301,0.48716392596965863,84
3117504,0.4871581810480333,206
3170503,0.4871219092973156,96
4323002,0.48639552857003127,2430
3151800,0.48601661446011096,1117
4204608,0.48593705845961316,2022
1304302,0.48557820951760255,180
3549904,0.48518229535503576,6763
3167202,0.4850982207986861,1673
4300406,0.4850965274234646,502
4302808,0.4847077953843266,276
4205456,0.4843804019051516,405
1101302,0.48240084391981075,130
3134103,0.4823956686163279,63
4207304,0.48239136706255087,485
3169703,0.48161829717967936,186
3152501,0.4815825194891209,1194
4215703,0.48122814850274637,262
4209003,0.48116982738625846,185
4219309,0.480908553400636,584
4303103,0.4801254631474217,1166
3142007,0.47788201417239373,120
3138807,0.47729188191773836,144
2501534,0.47692821542158764,59
2103505,0.47692821542158764,392
2615508,0.4769282154215876,123
2201705,0.4769282154215876,53
2601201,0.4769282154215876,670
2609600,0.4769282154215876,2717
2607505,0.4769282154215876,205
2104008,0.4769282154215876,189
2204154,0.4769282154215876,21
2510303,0.47692821542158753,47
2110203,0.47692821542158753,376
4322376,0.47678051810771727,21
4214805,0.47666071174667646,472
5213772,0.4766144595182784,35
5108105,0.47656053387752173,21
2414456,0.47656053387752173,37
4306759,0.4765605338775217,15
4309258,0.4765605338775217,15
3143708,0.4765605338775217,34
3112505,0.4765605338775217,110
4128625,0.4765605338775217,44
1200351,0.4765605338775217,136
3547304,0.4765605338775217,1695
3163409,0.4765605338775217,50
1200427,0.4765605338775217,143
1200344,0.4765605338775217,189
3145406,0.4765605338775217,17
4309126,0.4765605338775217,8
1200054,0.4765605338775217,103
1200013,0.4765605338775217,180
1200393,0.4765605338775217,87
4307831,0.4765605338775217,14
4310751,0.4765605338775217,15
3507209,0.4765605338775217,12
3166600,0.4765605338775217,10
1200807,0.4765605338775217,236
1200435,0.4765605338775217,58
1200252,0.4765605338775217,293
1200336,0.4765605338775217,215
5200506,0.4765605338775217,22
1200179,0.4765605338775216,151
3138401,0.4764857902381512,400
3205002,0.47638968065951676,6396
5216809,0.47638063282285115,61
4320008,0.47611291478896645,1389
3165578,0.47597759567489045,116
3128006,0.4756822304695189,306
3146107,0.47555439195937377,607
3149309,0.4754995939060003,602
3104452,0.4754517889235191,60
2915700,0.47525177477133473,68
4311759,0.4752122850985146,48
1703107,0.47451554392830486,68
1100700,0.4744122392235577,163
1502939,0.4744122392235577,510
4305173,0.4743758924950811,82
2610905,0.4743185466721888,460
2615003,0.47431854667218876,235
2615607,0.4743185466721887,387
2912806,0.4742670698675792,148
2925204,0.4742670698675792,291
2923035,0.4742670698675792,82
2911253,0.4742670698675792,38
3161403,0.47418178060907973,46
3503505,0.47418178060907973,30
3513702,0.47418178060907973,233
3534104,0.47418178060907973,43
3112901,0.47418178060907973,78
3106606,0.4741817806090797,40
5212956,0.4740049518152739,61
5105176,0.4740049518152739,147
5201454,0.4740049518152738,44
3546603,0.4739480666453946,338
3532157,0.4739480666453946,40
3168903,0.4739480666453946,62
3530409,0.4739480666453946,48
3126406,0.4739480666453945,22
3106200,0.4737760273669377,16012
4207684,0.4734633839720269,59
4110904,0.47346338397202686,54
2307304,0.47333403122175033,2361
2208106,0.47333403122175033,68
2501708,0.47333403122175033,46
2402709,0.4733340312217503,99
2202778,0.4733340312217503,56
2602100,0.4733340312217503,462
2610103,0.4733340312217503,62
2206407,0.4733340312217503,122
2515971,0.4733340312217503,27
2101970,0.4733340312217503,110
2614204,0.4733340312217503,353
2208650,0.4733340312217503,89
2103406,0.4733340312217502,430
3300159,0.4732883353159326,91
4213005,0.47322970542106757,52
3301504,0.4730546655404332,188
5205307,0.473020501570813,98
5005707,0.473020501570813,801
5101407,0.473020501570813,383
5200050,0.473020501570813,319
5108303,0.473020501570813,70
3143906,0.4729688061731673,927
2105989,0.4728528390479448,78
5201405,0.47253934215408494,5454
4318200,0.4722891155795213,247
5101803,0.47177763696361646,721
3550100,0.4715735914189318,414
3521408,0.4715735914189318,237
3149200,0.4715735914189318,35
3501103,0.4715735914189318,39
3102852,0.4715735914189318,87
3154903,0.4715735914189318,116
3505500,0.47157359141893174,1117
3546702,0.47157359141893174,290
1200500,0.4715515646344161,482
1716109,0.4709231724327801,611
1710508,0.4709231724327801,44
5102637,0.47089272537939164,779
1500131,0.47081994908532054,93
1506187,0.4708199490853205,376
1508357,0.4708199490853205,263
1501451,0.4708199490853205,197
4212106,0.4707408062387058,163
1501501,0.4707364312512022,1028
3305802,0.4706806614423336,1463
3130002,0.4705896730750642,12
3160504,0.4705896730750642,12
3137502,0.4705896730750642,199
3144706,0.4705896730750642,177
3501806,0.4705896730750642,37
3540200,0.4705896730750642,376
3112059,0.4705896730750642,36
3132404,0.4705896730750642,708
3166808,0.47058967307506416,162
3506409,0.47058967307506416,68
3542206,0.47058967307506416,346
3112109,0.47058967307506416,66
3165305,0.47058967307506416,71
3525300,0.47058967307506416,1024
3128907,0.47058967307506416,93
3545407,0.47058967307506416,91
3547403,0.47058967307506416,17
3544509,0.47058967307506416,32
3134905,0.47058967307506416,244
3541505,0.47058967307506416,254
3102704,0.4705896730750641,59
4211108,0.470443189226517,108
4314100,0.47042314416003006,1804
1101435,0.4703390302565425,85
3555356,0.47010878050288496,69
3303104,0.4700506075280867,110
3306305,0.4700506075280867,2463
4114104,0.46987185547324745,338
4112959,0.46987185547324745,69
4218905,0.4698718554732474,113
4202057,0.4698718554732474,140
4207759,0.4698718554732474,33
4128302,0.4698718554732474,15
4314787,0.4698718554732474,19
4124103,0.4698718554732474,554
4320503,0.4698718554732474,28
4120200,0.4698718554732474,57
4100202,0.4698718554732474,70
4209904,0.4698718554732474,179
4104253,0.4698718554732474,345
3162500,0.46957874473568334,708
4319505,0.46952790698874114,209
3135506,0.46935692852561167,122
3101607,0.46878516878050847,653
3545209,0.46856527380465884,1303
1300706,0.4684400237966856,348
3132305,0.4671933490801917,125
4215000,0.4668439688626191,486
3516200,0.46663763726163243,3344
3529005,0.4666099678813587,1666
3140506,0.46649776164849754,160
3302403,0.4657715494424815,2721
2919959,0.4657119239767306,38
4203709,0.46485918271033355,79
2613206,0.46478083664655,177
2201556,0.46478083664655,38
2602209,0.46478083664655,297
2503100,0.46478083664655,39
2111706,0.46478083664654996,108
2101731,0.46478083664654996,108
2202505,0.46478083664654996,118
2202851,0.46478083664654996,44
2506103,0.46478083664654996,60
2201176,0.46478083664654996,44
2209377,0.46478083664654996,44
2608305,0.46478083664654996,234
2600401,0.4647808366465499,174
5106299,0.46446797607916357,158
5104104,0.46446797607916357,460
5107792,0.46446797607916357,60
5003801,0.46446797607916357,252
3131901,0.4641613869495057,679
3503307,0.4639143518582706,1043
3522604,0.4634123160383864,520
3525706,0.46330165626513764,320
4306106,0.46293321342324556,535
1300144,0.4628175400161165,245
3122470,0.4625780525194968,29
3304508,0.46243998487933546,75
1711506,0.46237529581811465,32
4205001,0.4623500490747933,172
1503606,0.4622723090480362,1827
1101450,0.4622723090480362,59
3533908,0.4620425634355451,541
3537008,0.4620425634355451,170
3522158,0.4620425634355451,27
3116605,0.4620425634355451,294
3139904,0.4620425634355451,137
3545605,0.4620425634355451,120
3132909,0.4620425634355451,104
3507456,0.4620425634355451,52
3516903,0.4620425634355451,96
3530003,0.4620425634355451,29
3511508,0.4620425634355451,396
3161809,0.4620425634355451,95
3147808,0.4620425634355451,22
3540804,0.4620425634355451,196
3159001,0.4620425634355451,59
3548807,0.4620425634355451,1096
3147303,0.46204256343554506,186
1501253,0.46176689381186653,53
3304110,0.46150475372034805,225
2509057,0.46133797668437004,129
4204509,0.4613264224861129,189
4102802,0.46132642248611283,158
4214706,0.46132642248611283,105
4203501,0.46132642248611283,122
4308433,0.4613264224861128,20
4202453,0.46082115515749683,230
2932606,0.4605798697712477,148
3168705,0.4604691722923381,655
4301305,0.4603595254249985,116
4321105,0.4600201104653671,132
2913002,0.45997576393075595,91
2904209,0.45997576393075595,57
4204558,0.4595863381099297,168
1303700,0.4593654269303324,555
4202800,0.4592857756562875,390
2604809,0.4590462916206469,85
2105005,0.4590462916206469,334
2105906,0.4590462916206469,109
2102358,0.4590462916206469,156
2102606,0.45904629162064686,231
2516755,0.45904629162064686,35
2506004,0.45904629162064686,253
2609709,0.45904629162064686,94
2615201,0.45904629162064686,115
2510907,0.45904629162064686,72
2209401,0.45904629162064686,32
2601409,0.45904629162064686,421
2202554,0.45904629162064686,57
2200608,0.45904629162064686,97
2502052,0.45904629162064686,35
2205706,0.45904629162064686,305
2611804,0.4590462916206468,221
2601003,0.4590462916206468,88
2205854,0.4590462916206468,102
2200400,0.4590462916206468,577
3150802,0.4588563228620152,124
1502202,0.4588318480272849,652
5004700,0.4587339826824315,378
5214903,0.4587339826824315,21
5201504,0.4587339826824315,61
5203302,0.4587339826824315,363
5108907,0.4587339826824315,102
5104526,0.45873398268243143,149
5216403,0.45873398268243143,148
3544251,0.45862545184536196,159
2926806,0.4582588380476913,89
3202801,0.4581939487707021,516
1200138,0.4580713988897541,176
4306601,0.45766549433223375,312
2616506,0.4573298970079385,160
2504603,0.4573298970079385,406
2604403,0.45732989700793847,128
2602704,0.45732989700793847,124
2111201,0.45732989700793847,1923
2611200,0.45732989700793847,83
2606804,0.45732989700793847,1170
2207108,0.45732989700793847,21
2300309,0.45732989700793847,365
2610608,0.45732989700793847,522
2109270,0.45732989700793847,219
2110856,0.45732989700793847,138
3170404,0.4571249421728293,764
4306502,0.45702454794247754,105
5105580,0.4570177692591807,172
5106273,0.4570177692591807,49
5213806,0.4570177692591807,461
5101308,0.4570177692591807,126
5205521,0.4570177692591807,56
3503208,0.456849563830328,1854
1700251,0.45664510802737324,28
1705557,0.45664510802737324,55
1100403,0.45654231374500126,171
1502152,0.4565423137450012,1402
1301654,0.4565423137450012,158
1508126,0.4565423137450012,377
1505031,0.45654231374500115,466
1501758,0.45654231374500115,91
3139003,0.4565323259599138,315
4214003,0.4563289078205985,223
3102001,0.4563129992980009,144
3553856,0.4563129992980009,83
3159100,0.4563129992980009,18
3110806,0.4563129992980009,26
3553708,0.4563129992980009,406
3100104,0.4563129992980009,52
3170800,0.4563129992980009,302
3159357,0.45631299929800084,42
3115474,0.45631299929800084,56
3117801,0.45631299929800084,106
3153806,0.45631299929800084,20
3514106,0.45631299929800084,249
3548609,0.45631299929800084,75
3152131,0.45631299929800084,51
3541901,0.45631299929800084,95
3523503,0.45631299929800084,210
3507001,0.45631299929800084,647
3169802,0.45631299929800084,70
3528601,0.45631299929800084,112
3507902,0.45631299929800084,216
3170651,0.45631299929800084,49
3526506,0.45631299929800084,35
3549953,0.45631299929800084,137
3540002,0.45631299929800084,170
3128808,0.45631299929800084,81
3140308,0.45631299929800084,31
3509304,0.45631299929800084,96
3171071,0.45631299929800084,65
3127404,0.45631299929800084,48
3138906,0.45631299929800084,62
3109709,0.45631299929800084,138
3520202,0.45631299929800084,130
3112703,0.4563129992980008,149
3202207,0.4563129992980008,191
3533007,0.4563129992980008,181
3526803,0.4563129992980008,607
3135902,0.4563129992980008,60
3533502,0.4563129992980008,357
3102803,0.45614919726605896,89
3132503,0.45604796198665876,342
1200609,0.4558716649183604,619
2611606,0.4558569473603733,10035
3157252,0.45580857665037144,95
4303004,0.45573120205477263,506
4118204,0.45559821792119104,1256
4113601,0.455598217921191,52
4212809,0.455598217921191,374
4307054,0.455598217921191,17
4202859,0.455598217921191,41
4125001,0.455598217921191,102
4119301,0.455598217921191,445
4112504,0.455598217921191,94
4311270,0.45559821792119093,25
1200104,0.4552937684722369,385
4201109,0.45509392402609994,26
4311981,0.45509392402609994,20
4311130,0.45509392402609994,21
4318622,0.45509392402609994,47
1707652,0.4549301411357465,62
4303509,0.4548451003139745,560
1507904,0.45482740975189356,395
1505502,0.45482740975189356,1446
1300060,0.45482740975189356,176
1100023,0.45482740975189356,1066
1100064,0.45482740975189356,175
3169406,0.4547720354941902,540
3537305,0.45474559772845535,535
3120706,0.45459823614556205,73
3539509,0.45459823614556205,339
3151107,0.45459823614556205,95
3131158,0.45459823614556205,190
3147204,0.45459823614556205,184
3121308,0.45459823614556205,38
3103751,0.45459823614556205,117
3514809,0.454598236145562,85
3118502,0.454598236145562,18
3505708,0.454598236145562,4295
3162955,0.454598236145562,328
3160306,0.454598236145562,101
3146552,0.454598236145562,56
3524709,0.454598236145562,546
3556602,0.454598236145562,94
3145505,0.454598236145562,31
3168804,0.454598236145562,63
3135001,0.454598236145562,25
3157708,0.454598236145562,210
3542800,0.454598236145562,24
3145877,0.454598236145562,122
3515400,0.454598236145562,158
3547502,0.454598236145562,158
3510203,0.454598236145562,504
3105202,0.45459823614556194,40
3518503,0.45459823614556194,151
3142601,0.45459823614556194,89
3204203,0.45459823614556194,320
1100114,0.4544735239398373,595
4217600,0.45442341629394895,123
1100254,0.4543491691645884,202
3137601,0.4541511647852957,534
3303906,0.4540617777674348,2256
3301876,0.4540617777674348,305
3300225,0.4540617777674348,138
4115101,0.45388389843554144,106
4314134,0.45388389843554144,20
4103602,0.4538838984355414,179
4112702,0.4538838984355414,132
4203154,0.4538838984355414,75
4116604,0.4538838984355414,33
4122206,0.4538838984355414,439
4108106,0.4538838984355414,24
4119152,0.4538838984355414,1315
4310413,0.4538838984355414,17
4101051,0.4538838984355414,33
4102703,0.4538838984355414,33
3107703,0.4535982210701329,64
3157658,0.45329110262401956,64
3500501,0.45313311973622267,182
3112307,0.4529672315440206,480
4313409,0.4524426285951051,2045
4117305,0.45243415497963935,245
2703304,0.4523041815596888,226
3526902,0.45229714562102635,2425
1100049,0.45229417175283865,951
4313490,0.4520066002543309,35
4301602,0.45186095977658697,899
4320859,0.45159200931699767,59
3134301,0.4514227948377246,52
4309407,0.45119264544269216,240
1200385,0.4510536657123048,214
4308300,0.45094959104882976,59
3508801,0.450714582905229,178
3505906,0.4504252846853659,475
4318101,0.4502302321027792,113
3552700,0.45014836013120885,171
4205902,0.45003421011853817,624
3550902,0.4497533526632327,83
4301875,0.44967483708391803,64
2707800,0.4496721255168992,101
3126208,0.44933678645065306,103
4218806,0.449136875324203,129
4202206,0.44860350173915836,121
4309571,0.44812765393220855,17
5101605,0.4480494529112141,76
4201901,0.44801301784655545,64
2931053,0.44771070380031835,178
3148103,0.4474974312160098,990
3100906,0.44697217892612495,189
4318309,0.4468419883209741,533
3523305,0.4467895215155587,201
2102036,0.44678551060823846,405
1600154,0.4467245947750758,184
4319208,0.44656085439932536,41
5208004,0.4464746585423058,1174
5102850,0.4464746585423058,81
5107180,0.4464746585423058,108
5201702,0.4464746585423058,223
4311205,0.44589632676907137,132
2917409,0.44577060606814506,102
3152907,0.4454590093305453,85
5008404,0.44492157627344786,92
2611705,0.4448461928327354,154
2503407,0.44484619283273535,40
2106631,0.44484619283273535,68
2106508,0.44484619283273535,186
2500809,0.44484619283273535,104
3134202,0.4446279959830495,894
4304002,0.4446244815384238,56
5212501,0.44453560583356766,2885
5105259,0.44453560583356766,1212
5209903,0.44453560583356766,122
5204953,0.44453560583356766,50
5211909,0.44453560583356766,1148
2707503,0.4445166521913295,157
4211504,0.44449764750321374,108
1718899,0.44439577462643026,30
4209607,0.44429377720033675,162
1101500,0.444293483061003,186
1100338,0.444293483061003,404
3203502,0.44406529382099263,220
3121100,0.44406529382099263,43
3136801,0.4440652938209926,27
3514403,0.4440652938209926,327
3114402,0.4440652938209926,163
3169109,0.4440652938209926,109
3500204,0.4440652938209926,44
3203809,0.4440652938209926,140
3150703,0.4440652938209926,99
3544301,0.4440652938209926,129
3109105,0.4440652938209926,93
3125804,0.4440652938209926,21
3140100,0.4440652938209925,53
3556800,0.4440652938209925,159
3105509,0.4440652938209925,37
3535606,0.4440652938209925,183
3139805,0.4439828748299155,156
3105608,0.44391227525501803,860
4207205,0.4437958668059988,111
4217402,0.44375200649182206,263
3305505,0.4435311570586453,1186
3302452,0.4435311570586453,105
3301801,0.4435311570586453,84
4305975,0.44335405290461144,40
4108809,0.4433540529046114,379
4212304,0.4433540529046114,118
4127106,0.4433540529046114,921
4127882,0.4433540529046114,124
4312377,0.4433540529046114,33
4315073,0.4433540529046114,17
4213203,0.44335405290461133,356
4321501,0.4431944394754977,439
2701407,0.44315078780205547,456
4202404,0.4425292071034544,2788
1708205,0.44245853354901804,176
4307708,0.44227475741531563,636
3543253,0.44212834698106707,82
3157336,0.44212834698106707,79
3166907,0.442128346981067,77
3508108,0.442128346981067,161
3133402,0.442128346981067,115
3138658,0.442128346981067,90
3170305,0.442128346981067,30
3166402,0.442128346981067,20
3137403,0.442128346981067,132
3524600,0.442128346981067,129
3503703,0.442128346981067,61
3115003,0.442128346981067,28
3305307,0.4415946893977492,59
3142502,0.4415703429329293,30
3156908,0.44149966498768056,323
4201257,0.4414177451129062,93
4211058,0.4414177451129062,118
4301859,0.44084246617008715,12
3146008,0.4406254767699702,230
3526209,0.4394137800460486,349
3160702,0.43927673842504433,306
4318606,0.4390877296419057,60
3172004,0.4389628910337076,362
4309209,0.43890047851756925,2361
4322400,0.43875610646410684,966
4211892,0.43867848354349015,25
3136207,0.43856703910102907,652
4321204,0.4384467871686469,490
4310603,0.43843940191560105,327
4212700,0.43783961572522034,76
4314308,0.437587588411104,43
4203600,0.4373742796428887,395
3143302,0.4373402200319569,3495
1600535,0.43701349386558475,337
4216602,0.4368744344166818,1883
4315305,0.4368081490946298,244
2506707,0.4367189809938463,100
3501608,0.4366756208057627,1516
4314159,0.4365937384307497,60
3171303,0.4360502266684565,534
3106002,0.4347213437978043,112
2510402,0.4342355635934795,64
3305703,0.433855001006818,134
4311304,0.43366541552602966,268
1301506,0.4334905952302502,234
3121605,0.43316008565659797,484
4305355,0.4329954902993268,322
4219176,0.43291577009188675,76
4310009,0.4325126173457188,193
4307005,0.4324969381474875,929
3136504,0.43232759974331125,86
2924702,0.4322847299305568,85
4311775,0.4314705952501308,50
2206803,0.43136651631444256,158
2515104,0.43136651631444256,74
5209200,0.431058033076929,213
5106224,0.431058033076929,883
5203104,0.431058033076929,28
5214838,0.431058033076929,143
5210109,0.431058033076929,266
4208104,0.43093231711618324,247
4211702,0.42997993457481526,237
4216008,0.4298582709856689,128
4205555,0.4293410214733973,21
3148756,0.4292240665862431,63
4302451,0.4290253319604463,20
1711100,0.4289952986720251,25
3529708,0.4286674344370673,155
3541208,0.42866743443706723,64
3116803,0.42866743443706723,77
3536208,0.42866743443706723,173
3156106,0.42866743443706723,34
3122405,0.42866743443706723,76
3510401,0.42866743443706723,568
3110202,0.42866743443706723,46
3556305,0.42866743443706723,269
3149606,0.42866743443706723,57
3163706,0.4286674344370672,367
4208500,0.42858241624096777,298
3158201,0.4285286624455595,118
3203205,0.4284030550114844,2058
2708204,0.42837202927655577,93
3303609,0.42813755526015523,367
4314472,0.4281338327007953,41
4213351,0.4279618705907735,47
4209508,0.42796187059077345,84
4122909,0.42796187059077345,59
4108007,0.42796187059077345,98
4126652,0.42796187059077345,37
4128104,0.42796187059077345,1108
4110607,0.42796187059077345,129
3502705,0.42750909665976955,263
4213708,0.4268060758676645,245
4213807,0.4261635790848825,110
1200708,0.4258674279724293,205
2111508,0.42564837939765837,453
4303608,0.4252455683730784,39
2401651,0.4249056817221778,10
2111029,0.4249056817221778,173
2604007,0.42490568172217774,570
2509503,0.42490568172217774,69
2607703,0.42490568172217774,120
2502300,0.42490568172217774,38
2410009,0.42490568172217774,19
2402402,0.42490568172217774,58
2202455,0.42490568172217774,53
2101608,0.42490568172217774,782
2102556,0.42490568172217774,178
2103703,0.42490568172217774,276
2108058,0.42490568172217774,179
2108256,0.42490568172217774,189
2605152,0.42490568172217774,169
2607406,0.42490568172217774,35
2207009,0.4249056817221777,337
2505907,0.4249056817221777,21
1100205,0.4243897044156527,5422
3144003,0.42388634585486235,245
5107883,0.4237196701194497,19
5217609,0.42371967011944967,1543
5105606,0.42371967011944967,295
5000807,0.42371967011944967,105
5107768,0.42371967011944967,85
5200803,0.42371967011944967,92
5205109,0.42371967011944967,963
5215504,0.42371967011944967,77
5103700,0.4237196701194496,153
5204201,0.4237196701194496,14
5204904,0.4237196701194496,224
4305603,0.4237086946045006,27
3136306,0.4236974582946174,545
1200203,0.42355182212012016,1103
4200101,0.4235157353671644,250
4209102,0.4233651546691037,5308
4217709,0.42331180248978245,332
4206108,0.4230976782174937,78
4304705,0.42308659770498047,547
1100015,0.4228148807410771,275
3117603,0.4226384582673058,40
3527405,0.4225893340306888,152
3518859,0.4225893340306888,59
3113503,0.4225893340306888,86
1720499,0.42217455616567073,41
1508159,0.4220734938877312,397
1100304,0.42207349388773113,1319
1101005,0.42207349388773113,124
1101492,0.42207349388773113,264
3169901,0.42201961750694994,809
4305116,0.4219758360039576,25
2912004,0.4218507027324943,67
3518305,0.4218480536139655,385
3155801,0.42184805361396543,141
3544004,0.42184805361396543,292
3123205,0.42184805361396543,117
3545704,0.42184805361396543,65
3502804,0.42184805361396543,1479
3523404,0.42184805361396543,1007
3523909,0.42184805361396543,1577
3164704,0.42184805361396543,668
3500402,0.42184805361396543,53
3528007,0.42184805361396543,182
3162401,0.42184805361396543,177
3550803,0.42184805361396543,98
3505104,0.42184805361396543,74
3505203,0.42184805361396543,259
3119500,0.42184805361396543,63
3553401,0.42184805361396543,233
3130556,0.42184805361396543,49
3538501,0.42184805361396543,87
3509908,0.42184805361396543,120
3131802,0.42184805361396543,102
3111606,0.42184805361396543,204
3110608,0.42184805361396543,252
3138625,0.42184805361396543,119
3545001,0.42184805361396543,198
3538808,0.42184805361396543,281
3554953,0.42184805361396543,65
3145901,0.42184805361396543,387
3201209,0.42184805361396543,1808
3505351,0.42184805361396543,49
3200359,0.42184805361396543,92
3159407,0.42184805361396543,25
3505005,0.4218480536139654,40
3140209,0.4218480536139654,42
3205309,0.4218480536139654,2698
3534906,0.4218480536139654,80
3545159,0.4218480536139654,101
4320800,0.4215053653143709,248
4318002,0.4214340212836543,492
4314605,0.4214251456854064,136
4316907,0.4213960108788527,1694
1200328,0.421369820325742,97
3202256,0.4212298924834075,106
4105805,0.42114544032798423,3101
4105607,0.42114544032798423,155
4114708,0.42114544032798423,56
4108700,0.42114544032798423,87
4101002,0.42114544032798423,231
4107702,0.4211454403279842,42
4219853,0.4211454403279842,75
4207403,0.4211454403279842,84
4100608,0.4211454403279842,156
4200408,0.4211454403279842,75
4206751,0.4211454403279842,27
4205431,0.4211454403279842,30
4217006,0.4211454403279842,189
4300059,0.4211454403279842,29
4101101,0.4211454403279842,200
4309050,0.4211454403279842,68
4314175,0.4211454403279841,20
4202537,0.4211454403279841,40
4215059,0.4211454403279841,23
4104451,0.4211454403279841,184
3125903,0.42096453855090343,51
4321006,0.42074416441382195,101
3306206,0.4207249576159595,348
3302106,0.42072495761595946,188
3303401,0.42072495761595946,1534
3305406,0.42072495761595946,198
3304524,0.42072495761595946,1585
3304409,0.42072495761595946,147
4306908,0.42068858770975276,241
4310330,0.4203441358781673,291
2207850,0.4202823303831408,40
2606507,0.4202823303831408,173
2510105,0.4202823303831407,109
2611101,0.4202823303831407,4624
2207355,0.4202823303831407,25
2102408,0.4202823303831407,68
2513927,0.4202823303831407,35
2508000,0.42028233038314067,82
4306056,0.4200722768542274,65
1302405,0.41989400240365987,467
3120904,0.41974352283106503,726
3105103,0.4192731907321433,161
4317509,0.41921019204556237,613
5213756,0.41899916847667545,150
5221403,0.4189991684766754,1570
4311155,0.4188284477720508,40
4321352,0.4184215227949963,39
3515186,0.4183832285376156,292
4300802,0.41829628520727263,87
3304607,0.4181501657815277,70
5106752,0.4180924295831243,705
1200302,0.41803474135127255,391
2508307,0.41800772709577433,210
2103257,0.4180077270957743,170
3170057,0.4178586192710494,163
4204251,0.41777997683140905,107
4215455,0.4177388452394337,157
3537404,0.4175561114005896,205
3125952,0.4175561114005896,128
3541703,0.4175561114005896,110
3150901,0.4175561114005896,38
3168309,0.41755611140058957,53
3165701,0.41755611140058957,85
3302254,0.4174110431080118,348
4312401,0.4170930376694606,651
4105003,0.4168554924445142,117
4311734,0.4168554924445142,36
4101200,0.4168554924445142,198
5220108,0.4167265177002687,323
4201000,0.41669440176808564,71
3108255,0.416662782882458,77
3304151,0.41643621153660915,262
2411502,0.41631069893461115,145
4302659,0.416261372667748,60
4321832,0.415327699724485,24
4311429,0.415327699724485,24
3127503,0.41528569310884195,40
3520442,0.41528569310884195,209
3167707,0.41528569310884195,40
3531605,0.41528569310884195,32
3124401,0.41528569310884195,96
3501707,0.4152856931088419,359
1200450,0.41470287488618873,280
4203303,0.4145861720460653,145
4215505,0.4145861720460653,230
4218707,0.4145265335403802,864
3304706,0.4141675525419306,331
3303856,0.41416755254193055,292
4202701,0.4120005057176567,79
3147907,0.41140115057333804,1081
2303709,0.41136891239083767,3784
3143104,0.4113499992346746,422
5103908,0.4113091903876567,64
4316709,0.4112856778706244,84
1303007,0.41067041540147603,136
2105104,0.41028706953610117,234
2100154,0.4102870695361011,119
2101004,0.4102870695361011,319
2504801,0.4102870695361011,106
2600104,0.4102870695361011,387
2602407,0.4102870695361011,78
2103752,0.4102870695361011,153
2206696,0.4102870695361011,84
2206605,0.4102870695361011,116
3152204,0.40984766703294734,334
4202875,0.4097668898525788,27
3154002,0.4094422278313689,168
3104700,0.40942904942927344,97
4312104,0.4093755125077588,22
3164100,0.40930547892404373,43
4219507,0.4092648239975532,454
4212502,0.40874221229726065,320
4208302,0.40874221229726065,657
5209952,0.40857359125189047,186
5207907,0.4085735912518904,138
5218508,0.4085735912518904,544
5206404,0.4085735912518904,122
5207501,0.4085735912518904,50
5213053,0.4085735912518904,30
5208905,0.4085735912518904,153
5200555,0.4085735912518904,115
5208707,0.4085735912518904,8859
5217401,0.4085735912518904,257
5213707,0.40857359125189036,97
4322707,0.40850332120667954,202
4311106,0.4083558286240239,58
3532603,0.4082273590770994,70
3133907,0.40800832304729984,49
4312658,0.4077252267822519,158
4219002,0.40761458079122803,216
4304804,0.4074897793591157,259
4314506,0.4073936844397517,81
2914109,0.407262763554927,71
3546900,0.40714127882550777,93
3101300,0.4071412788255077,29
3518107,0.4071412788255077,55
3122702,0.4071412788255077,39
3529609,0.4071412788255077,46
3536406,0.4071412788255077,112
3516853,0.4071412788255077,61
3120201,0.4071412788255077,122
3517703,0.4071412788255077,180
3533106,0.4071412788255077,18
3114204,0.4071412788255077,205
3108008,0.4071412788255077,124
3531704,0.4071412788255077,51
3525805,0.4071412788255077,49
3546207,0.4071412788255077,30
3551801,0.4071412788255077,143
3115359,0.4071412788255077,59
3517604,0.4071412788255077,144
3531308,0.4071412788255077,304
3553104,0.4071412788255077,46
3164803,0.4071412788255077,9
3510906,0.4071412788255077,32
3164407,0.4071412788255077,75
3556958,0.4071412788255077,14
3502606,0.4071412788255077,38
3500105,0.4071412788255077,200
3556107,0.4071412788255077,134
3150604,0.4071412788255077,63
3201100,0.4071412788255077,108
3202652,0.4071412788255077,142
3138708,0.4071412788255077,41
3554409,0.4071412788255077,73
3205010,0.4071412788255077,431
3502408,0.40714127882550766,40
4219705,0.4067343161041233,424
4205506,0.40669841800048234,452
4307609,0.4065987657763661,546
4310405,0.40644594034264775,47
4301057,0.4064459403426477,137
4306379,0.4064459403426477,27
4109609,0.4064459403426477,629
4211454,0.4064459403426477,45
4111506,0.4064459403426477,257
4214201,0.4064459403426477,118
4107157,0.4064459403426477,74
4125506,0.4064459403426477,3798
4126504,0.4064459403426477,133
4218855,0.4064459403426477,29
4120804,0.4064459403426477,324
4307302,0.4064459403426477,32
4320651,0.40644594034264764,14
4310504,0.40644594034264764,49
4206900,0.40644594034264764,203
4212056,0.40644594034264764,28
3300233,0.40602983945540916,634
3554300,0.4051320792012444,223
3126109,0.4050294884898719,469
4311718,0.40483107348171177,51
4218202,0.4045003183194463,431
3108305,0.40436137600978234,166
1200401,0.4043362920480023,4491
4322004,0.40423520313759237,312
3102506,0.40405956064628,29
3108404,0.40385824527160263,144
3118403,0.40362670468519074,208
4321436,0.40360262119107115,105
4311809,0.40351478877475094,432
3137809,0.4034257686267643,186
4217105,0.40323986060358646,43
4202909,0.40294234278391544,1305
4207007,0.40192327222177715,663
3204906,0.40123685403543086,1514
4314209,0.40113065664790065,51
3522703,0.400828650176061,325
2704609,0.4006491251022557,111
4313508,0.40059533788491847,467
4211603,0.40058624411105304,152
2207603,0.40047754618578796,117
2508208,0.40047754618578796,68
2613602,0.40047754618578796,298
2202711,0.40047754618578796,60
2612000,0.40047754618578796,79
2101301,0.40047754618578796,177
2112209,0.40047754618578796,1666
3543303,0.40036860281151454,1002
4311700,0.4000754877485289,55
2302008,0.3999239640590139,164
4311627,0.39984720601549173,80
4306304,0.39975279765768473,41
4321402,0.3996558841820891,112
3129657,0.39951328066158776,49
4307807,0.3991904570296771,260
5100508,0.39877733221989997,73
3151909,0.39844289828029217,86
4214508,0.39844066313179033,57
4316808,0.3982141081331198,1033
3529302,0.39768529875174397,673
1100320,0.39757764108844496,302
3152006,0.3975055639955514,292
2918704,0.3974768113205183,23
4322509,0.3974757368697685,716
3135407,0.3973562888015711,70
3111309,0.3973562888015711,89
3520707,0.3973562888015711,38
3122207,0.3973562888015711,93
3146503,0.3973562888015711,70
3530300,0.3973562888015711,489
3127370,0.3973562888015711,35
3535200,0.3973562888015711,76
3202504,0.39735628880157103,116
3154507,0.39735628880157103,90
4203006,0.3972704803450425,754
3541604,0.3971938499361499,273
3118304,0.39711938404236724,1226
5213400,0.39694755583410746,13
2933257,0.3969246309123364,53
4114500,0.39666648053517384,122
4304689,0.3966664805351738,85
3147006,0.3964762473447892,951
4311791,0.39611468576990333,25
4320305,0.3958139393900008,52
2100303,0.39531741305942336,212
2501302,0.39531741305942336,203
2200459,0.39531741305942336,60
2203206,0.39531741305942336,142
2111789,0.39531741305942336,74
2607208,0.39531741305942336,1323
2603009,0.39531741305942336,311
2512762,0.39531741305942336,27
2210607,0.39531741305942336,413
2502151,0.39531741305942336,73
2613305,0.39531741305942336,233
2508802,0.39531741305942336,59
2108207,0.39531741305942336,267
2313757,0.39531741305942336,208
2612802,0.39531741305942336,132
2109452,0.39531741305942336,431
2210706,0.39531741305942336,195
2210904,0.39531741305942336,26
2615805,0.3953174130594233,194
2615102,0.3953174130594233,50
2605806,0.3953174130594233,97
3303005,0.3952243597043206,231
4309654,0.39515331139855536,63
5004502,0.3943802927790948,243
4311122,0.39437364487291887,42
3131307,0.39429537779249496,1931
3133808,0.39374062420054534,666
5205208,0.393624722810017,55
5209804,0.3936247228100169,40
5214507,0.3936247228100169,377
5218607,0.3936247228100169,134
5108808,0.3936247228100169,74
5217104,0.3936247228100169,208
5206206,0.3936247228100169,848
5221551,0.3936247228100169,70
5209101,0.3936247228100169,398
5215702,0.3936247228100169,356
4305108,0.39287622970432745,3664
4301909,0.3927277082885427,73
4211009,0.392474463049177,104
1504307,0.39243041493713876,197
2900504,0.39233004041837566,43
3110707,0.39232105984377785,110
3203403,0.3922100626326379,197
3204302,0.3922100626326379,182
3501004,0.3922100626326379,164
3534500,0.3922100626326379,25
3166303,0.39221006263263786,65
3165107,0.39221006263263786,84
3205200,0.39221006263263786,4241
3544806,0.39221006263263786,69
3121506,0.39221006263263786,29
3161056,0.39221006263263786,33
3145372,0.39221006263263786,30
3506300,0.39221006263263786,92
3520004,0.39221006263263786,209
3553203,0.39221006263263786,61
3164902,0.39221006263263786,23
3130903,0.39221006263263786,151
3160900,0.39221006263263786,43
3106655,0.39221006263263786,42
3149804,0.39221006263263786,229
3162906,0.39221006263263786,205
3145455,0.39221006263263786,62
4217204,0.391847268259103,438
4117503,0.3915233840942295,760
4218608,0.39152338409422943,87
4116208,0.39152338409422943,231
4122602,0.39152338409422943,97
4322152,0.39152338409422943,22
4306205,0.39152338409422943,59
4127403,0.39152338409422943,185
4211207,0.39152338409422943,264
4204004,0.39152338409422943,142
4300307,0.39127194345007776,64
3139508,0.3900873816959381,207
3504206,0.39008738169593804,100
3533254,0.39008738169593804,78
5106109,0.3894724486884965,119
4218350,0.3894020385057322,34
3202108,0.38894229396063507,198
4208005,0.38884386362215295,96
3169356,0.3888285313800454,283
3200201,0.38853571535663195,259
4320909,0.3882300135951417,329
3304201,0.3879693451287473,983
3302205,0.3879693451287473,679
3108503,0.3878784982076065,58
3167608,0.38786418845539683,205
3201159,0.38748640145273094,218
4312617,0.38687774947991355,36
4115739,0.38677678201246884,27
4205175,0.38677678201246884,32
3170008,0.3864351393113429,94
3168002,0.3860799462941279,380
4301958,0.38599570892594753,23
2500205,0.38563165907398744,45
2104651,0.3856316590739874,82
2203305,0.3856316590739874,101
2210953,0.3856316590739874,43
2205516,0.3856316590739874,43
2305266,0.3856316590739874,132
2100436,0.3856316590739874,165
2206902,0.3856316590739874,56
2106409,0.3856316590739874,199
2508703,0.3856316590739874,11
2512606,0.3856316590739874,22
2512804,0.3856316590739874,56
2504108,0.3856316590739874,24
2612455,0.3856316590739874,154
2600906,0.3856316590739874,151
2103109,0.3856316590739874,88
2103901,0.38563165907398733,169
2609204,0.38563165907398733,106
3204054,0.38538074857180693,313
1100288,0.38489955203557374,673
3508702,0.3845974272289048,164
5209705,0.3839541077793108,394
5203906,0.38395410777931077,109
5208806,0.38395410777931077,1031
3141405,0.3838172676166015,194
3103009,0.3837781028432616,64
5211503,0.38291683345938365,1120
5212808,0.38291683345938365,131
5107875,0.38291683345938365,398
5221007,0.38291683345938365,44
5000203,0.38291683345938365,371
5200209,0.38291683345938365,23
5008305,0.38291683345938365,1634
5001102,0.38291683345938365,644
5106653,0.38291683345938365,74
5204003,0.3829168334593836,95
1718402,0.38286850592429583,45
1712157,0.3828685059242958,29
1713601,0.3828685059242958,64
4315354,0.3828301564888439,40
1100189,0.3827706199094344,472
1100031,0.3827706199094344,75
1100908,0.3827706199094344,50
1100379,0.38277061990943434,186
2921807,0.38267115996523166,105
2909000,0.38267115996523166,61
3111200,0.3826628660248626,388
3111002,0.3826628660248626,183
3550506,0.3826628660248626,84
3510708,0.3826628660248626,97
3537156,0.38266286602486255,31
3544707,0.38266286602486255,24
3540507,0.38266286602486255,82
3106804,0.38266286602486255,16
3542701,0.38266286602486255,105
3533601,0.38266286602486255,77
3145109,0.38266286602486255,174
3118205,0.38266286602486255,75
3118908,0.38266286602486255,44
3119955,0.38266286602486255,52
3512506,0.38266286602486255,57
3130200,0.38266286602486255,126
3510104,0.38266286602486255,26
3134608,0.38266286602486255,197
3139706,0.38266286602486255,70
3141801,0.38266286602486255,238
3144409,0.38266286602486255,43
3507100,0.38266286602486255,292
3115201,0.38266286602486255,27
3151008,0.38266286602486255,101
3154457,0.38266286602486255,89
3157203,0.38266286602486255,311
3556404,0.38266286602486255,370
3158953,0.38266286602486255,328
3161007,0.38266286602486255,121
3161601,0.38266286602486255,30
3200805,0.38266286602486255,275
3203106,0.38266286602486255,154
3205101,0.38266286602486255,1080
3116506,0.38266286602486255,64
3139102,0.38266286602486255,59
3114907,0.38266286602486255,17
3529500,0.38266286602486255,65
3104007,0.38266286602486255,1076
3101508,0.38266286602486255,259
3108107,0.38266286602486255,62
3525904,0.38266286602486255,3499
3104908,0.38266286602486255,120
3101409,0.38266286602486255,41
3521507,0.38266286602486255,76
3109006,0.38266286602486255,394
3113107,0.38266286602486255,12
3518602,0.3826628660248625,380
3128204,0.3826394950262474,76
3158300,0.3821639167646698,58
4100806,0.38187188295935365,106
4117909,0.38187188295935365,404
4126801,0.3818718829593536,149
4122172,0.3818718829593536,44
4122651,0.3818718829593536,70
4109500,0.3818718829593536,63
4120101,0.3818718829593536,57
4118808,0.3818718829593536,156
4108320,0.3818718829593536,100
4107652,0.3818718829593536,1941
4107124,0.3818718829593536,36
4106001,0.3818718829593536,103
4101804,0.3818718829593536,1943
4320677,0.3818718829593536,63
4127304,0.3818718829593536,174
4202081,0.3818718829593536,45
4300034,0.3818718829593536,46
4211405,0.3818718829593536,70
4210308,0.3818718829593536,89
4204103,0.3818718829593536,46
4209201,0.3818718829593536,36
4300661,0.3818718829593536,15
4206306,0.3818718829593536,285
3300902,0.38055998864030693,109
3141009,0.3796400327032014,135
3148004,0.3792621785379937,1280
3171030,0.378587999232663,90
4320602,0.3784461761107991,31
3107307,0.3784183683235028,514
3122306,0.3782859768341304,1768
4200507,0.37692918350090654,87
4322103,0.3767048488047134,47
5221601,0.3765967106752816,355
3124500,0.37636045987008926,99
4308508,0.37612270976106305,294
4302303,0.37517039303822836,128
3124302,0.3751667040086923,300
4216800,0.3734618678455032,74
2608503,0.3730081625463541,165
2509008,0.3718177552359937,95
3554706,0.3715899610437446,89
4306072,0.3715899610437446,14
5300108,0.3715899610437446,22111
4309159,0.37158996104374453,8
3555802,0.37158996104374453,73
4314555,0.37158996104374453,11
4308805,0.37158996104374453,39
3166501,0.37158996104374453,30
4204756,0.37158996104374453,8
3126950,0.37158996104374453,23
3516101,0.37158996104374453,35
4300703,0.37158996104374453,31
3500808,0.37158996104374453,36
3127909,0.37158996104374453,17
3105707,0.37158996104374453,34
3115409,0.37158996104374453,25
3503950,0.37158996104374453,22
4313425,0.37158996104374453,10
3555703,0.37158996104374453,15
2605459,0.37158996104374453,43
4300554,0.37158996104374453,11
3549003,0.37158996104374453,18
4300471,0.37158996104374453,11
3106507,0.37158996104374453,55
3523800,0.37158996104374453,69
3521705,0.37158996104374453,152
4323754,0.37158996104374453,13
4312625,0.37158996104374453,13
3138302,0.37158996104374453,35
3519204,0.37158996104374453,50
3514007,0.37158996104374453,92
3164506,0.37158996104374453,43
3551603,0.37158996104374453,267
3126505,0.37158996104374453,19
3135456,0.37158996104374453,44
3539905,0.37158996104374453,45
4215901,0.37158996104374453,19
3543808,0.37158996104374453,85
3122603,0.37158996104374453,42
3155207,0.37158996104374453,30
3123502,0.37158996104374453,19
4318432,0.37158996104374453,13
3100609,0.37158996104374453,108
4315321,0.37158996104374453,8
3152303,0.37158996104374453,57
3541109,0.37158996104374453,23
3100500,0.37158996104374453,22
3117836,0.3715899610437445,47
4210704,0.37071851777442194,39
3137205,0.37019360671837365,506
2920304,0.37008619661433545,74
3114600,0.37007801192066436,49
3140159,0.37007801192066436,149
3148400,0.37007801192066436,43
3133501,0.3699582385119725,142
3114303,0.36936921933082767,285
4104006,0.36929748081577773,698
4106902,0.36929748081577773,12923
4115705,0.36929748081577773,485
4206504,0.36929748081577773,488
4115903,0.3692974808157777,25
4100509,0.3692974808157777,229
4200903,0.3687984363944791,40
3116308,0.36857523706438006,47
3124203,0.36693134457516224,208
4322202,0.3667900879009191,177
4317202,0.3666132323272549,710
2601805,0.36661116269324123,92
2310001,0.3666111626932412,122
2606101,0.3666111626932412,197
3126307,0.36631034316460614,35
4309506,0.36619328477194546,59
1600238,0.36573881636501904,150
4309803,0.3656747816964922,35
3510005,0.3651747698914808,268
1100122,0.3642596403192743,1481
5206701,0.3639509162353105,57
5204656,0.3639509162353105,44
4217808,0.3638604107222321,176
3543238,0.36370211389039825,12
3162708,0.36370211389039825,213
3504107,0.36346590373819515,1697
4314704,0.3632642894914829,98
4108601,0.36292728251411027,262
4205704,0.36292728251411027,342
4211256,0.36290103736093365,38
2512903,0.3626686816757671,231
3159803,0.3623682528620622,252
4212205,0.36226274698179206,177
3135308,0.36170946705462786,53
4201505,0.3608153979301389,122
4309753,0.36000944875154905,41
4213609,0.3597555836653696,249
4315107,0.35966717081207716,70
4308102,0.3593275479431187,131
3116001,0.3590964856564562,56
4201802,0.3587903501440303,41
3148608,0.35827018122114285,110
4300638,0.3567898482130987,41
4320107,0.3563449131808169,214
2608701,0.35627418385099097,103
2111607,0.35627418385099097,254
2207405,0.35627418385099097,36
4319901,0.3558502313287013,826
4210605,0.35555902249787713,218
3115102,0.3555112426240127,170
1301951,0.3550842120172596,120
2107001,0.3544453862545384,114
2601508,0.3544453862545384,123
3154101,0.35395327391177106,76
4315701,0.35389160406019127,317
3108602,0.3537960089139355,283
5200902,0.3536470655086362,31
5208103,0.3536470655086362,45
2600302,0.35363365602401103,230
2413607,0.35363365602401103,73
2507101,0.35363365602401103,143
2602506,0.35363365602401103,105
4208401,0.3535429740644783,231
1507979,0.3535056257908293,313
1101708,0.3535056257908293,146
1508050,0.3535056257908293,227
3504404,0.3534013933199974,118
3200607,0.3534013933199974,1243
3205036,0.3534013933199974,224
3117108,0.3534013933199974,97
3104304,0.3534013933199974,154
3517109,0.3534013933199974,38
3134806,0.3534013933199974,84
3113206,0.35333049088837465,209
4303400,0.3532344306559139,20
1715150,0.3527604960097479,24
4127957,0.35263634487396966,97
4121604,0.35263634487396966,82
4311239,0.35263634487396966,11
4211876,0.35263634487396966,22
5106315,0.351824382908868,36
2924504,0.3515872920937929,120
3506508,0.35157928817225925,1037
3164308,0.35157928817225925,40
3115706,0.35157928817225925,55
3118700,0.35157928817225925,74
3161650,0.35157928817225925,38
3149903,0.35157928817225925,168
3155306,0.35157928817225925,49
3507308,0.35157928817225925,66
3155900,0.35157928817225925,34
3519402,0.35157928817225925,117
4313953,0.3515436874486865,103
3536802,0.35103856005840484,41
5202809,0.35101539135092685,26
5107248,0.35101539135092685,95
5106257,0.35101539135092685,245
5218102,0.35101539135092685,67
5205901,0.35101539135092685,101
4317400,0.35086359128616723,392
4302238,0.3508160441224895,23
4218103,0.35081604412248946,65
4309605,0.35081604412248946,187
4119954,0.35081604412248946,388
4128708,0.35081604412248946,115
4305447,0.35081604412248946,41
4323358,0.35081604412248946,17
4216909,0.35081604412248946,302
3145703,0.35077055520192446,18
3154309,0.35077055520192446,129
3164605,0.35077055520192446,130
3500758,0.35077055520192446,62
3540309,0.35077055520192446,23
3514304,0.35077055520192446,79
3528700,0.35077055520192446,29
3548104,0.35077055520192446,69
3527900,0.35077055520192446,22
3127800,0.35077055520192446,130
3539707,0.35077055520192446,39
4210100,0.35032793864628814,528
3133709,0.3501868919081163,162
4319737,0.3500081191413641,13
4127908,0.35000811914136404,85
4106704,0.35000811914136404,49
4219606,0.35000811914136404,30
4313441,0.35000811914136404,19
4302220,0.35000811914136404,18
4117701,0.35000811914136404,390
4214300,0.34972603503067706,38
2609006,0.3497068303773629,214
2608909,0.3497068303773629,377
2608602,0.3497068303773629,97
2304954,0.3497068303773629,243
2505006,0.3497068303773629,86
2606903,0.3497068303773629,73
2607307,0.3497068303773629,363
2100105,0.3497068303773629,58
2308708,0.3497068303773629,561
2106607,0.3497068303773629,269
4120903,0.3495938800114115,454
4313060,0.34886023394755705,244
1100155,0.34874403114156477,362
1505908,0.34874403114156477,430
1101401,0.34874403114156477,172
1101203,0.34874403114156477,82
1100502,0.34874403114156477,102
1101559,0.3487440311415647,53
4216305,0.3485418668127091,277
4312450,0.3485317461614738,61
3203007,0.34850221719795016,370
4208906,0.3477830119364009,1670
5100607,0.3471020267182774,162
5219209,0.3471020267182774,42
5201108,0.3471020267182774,3479
5204250,0.3471020267182774,97
5221502,0.3471020267182774,57
5204557,0.3471020267182774,46
5209291,0.3471020267182774,21
5205802,0.3471020267182774,97
4306973,0.34701379419527517,29
3157906,0.34685846130023534,170
3202405,0.34685846130023534,1503
3119708,0.34685846130023534,51
3203130,0.34685846130023534,125
3201407,0.34685846130023534,303
3203056,0.34685846130023534,432
3163003,0.34685846130023534,26
3148202,0.34685846130023534,54
3109501,0.34685846130023534,95
3525508,0.34685846130023534,134
3145000,0.34685846130023534,171
3150406,0.34685846130023534,52
3503406,0.34685846130023534,86
3152170,0.34685846130023534,90
3503604,0.34685846130023534,131
3509403,0.34685846130023534,218
3108800,0.34685846130023534,31
3137700,0.34685846130023534,209
3101631,0.34685846130023534,92
3170438,0.34685846130023534,33
3514924,0.34685846130023534,33
3204708,0.34685846130023534,338
3546801,0.34685846130023534,506
3120409,0.34685846130023534,59
3125200,0.34685846130023534,23
3543105,0.34685846130023534,59
4113007,0.34609999550463894,77
4100905,0.34609999550463894,77
4317558,0.34609999550463894,26
4107546,0.34609999550463894,78
4113304,0.34609999550463894,408
4114401,0.34609999550463894,166
4218400,0.34609999550463894,90
4300570,0.34609999550463894,31
4110078,0.34609999550463894,183
4121208,0.34609999550463894,244
4323101,0.34609999550463894,37
4211801,0.34609999550463894,59
4108908,0.34609999550463894,84
4207908,0.34609999550463894,129
4114906,0.34609999550463894,108
4113502,0.34609999550463894,217
4203907,0.34609999550463894,283
4102604,0.34609999550463894,125
4103057,0.34609999550463894,90
4305132,0.34609999550463894,12
4200051,0.34609999550463894,39
4125902,0.34609999550463894,16
3305158,0.3450564199191578,252
4203105,0.3443826053068307,64
4215802,0.3437897205721262,793
4311601,0.34325388272702145,34
2513000,0.3427945483242391,38
2104701,0.3427945483242391,72
3527108,0.3419849767207021,631
4110052,0.34137641963332105,23
2614600,0.3405304362277258,298
2100709,0.3405304362277258,141
2105450,0.3405304362277258,92
2516706,0.3405304362277258,123
2301703,0.3405304362277258,211
4312252,0.34025285247254367,85
5220405,0.34021429488108823,217
3157005,0.33972641293831246,392
4216404,0.33956037592496124,115
3167103,0.33943517573888277,149
4109203,0.3392218165957586,44
4301404,0.3389399404049448,80
2701001,0.33890079750991353,238
4318465,0.338784812614854,9
5217302,0.33795846129193513,290
5214606,0.33795846129193513,327
5107404,0.33795846129193513,67
3118809,0.33795540776042154,188
3145307,0.33778546748586463,289
3531506,0.3377179932030214,125
3511300,0.3377179932030214,143
3150505,0.3377179932030214,71
3159704,0.3377179932030214,48
3130408,0.3377179932030214,52
3515301,0.33771799320302137,28
3111705,0.3370423684748607,56
4104600,0.3369692028024882,203
4119400,0.3369692028024882,260
4314035,0.3369692028024882,48
4109708,0.3369692028024882,336
4210035,0.3369692028024882,59
4119608,0.3369692028024882,350
4109757,0.3369692028024882,88
4108304,0.3369692028024882,3084
4121703,0.3369692028024882,301
4202156,0.3369692028024882,35
4104055,0.3369692028024882,47
4105706,0.3369692028024882,199
4107108,0.33696920280248815,56
4217907,0.3357477367715982,86
2202703,0.3352351771334669,318
2509404,0.3352351771334669,99
3155603,0.335091402154726,268
1501725,0.33429173897975273,207
4314779,0.3341062288437827,22
3135357,0.3336756449788003,71
2511509,0.33324327937523407,86
2506509,0.33324327937523407,29
5204300,0.33268302054429655,118
5204102,0.33268302054429655,129
5107305,0.33268302054429655,228
5106240,0.33268302054429655,213
3152709,0.3324444212046822,58
3167806,0.3324444212046822,63
4201703,0.3323181862858866,87
4212908,0.3318714932993562,245
4306007,0.3317014672072023,116
4114807,0.3317014672072023,495
4311908,0.3317014672072023,31
2208551,0.33121647823376,42
2109056,0.33121647823376,48
2301505,0.33121647823376,50
2205276,0.33121647823376,41
2100204,0.33121647823376,110
2209500,0.33121647823376,41
4204301,0.3312048035461846,950
3139201,0.3305364604906804,187
4316600,0.33046475507698725,160
4203808,0.330338004854065,571
2304400,0.3303034821694536,17722
4217253,0.3299625523011567,62
4207809,0.3293089443508194,123
5217708,0.3290038483686937,164
5213509,0.3290038483686937,64
5100300,0.3290038483686937,153
5204706,0.3290038483686937,144
5001243,0.3290038483686937,139
5004601,0.3290038483686937,350
5106158,0.3290038483686937,191
5207535,0.3290038483686937,51
3105905,0.32898775895741705,154
3117900,0.32898775895741705,117
3110004,0.32898775895741705,345
3105301,0.32898775895741705,72
3103900,0.32898775895741705,93
3145851,0.32898775895741705,40
3119906,0.32898775895741705,51
3550001,0.32898775895741705,88
3554201,0.32898775895741705,64
3540606,0.32898775895741705,519
3531407,0.32898775895741705,154
3202306,0.32898775895741705,344
3548401,0.32898775895741705,62
3527256,0.32898775895741705,18
3523701,0.32898775895741705,48
3519808,0.32898775895741705,50
3203320,0.32898775895741705,568
3517901,0.32898775895741705,101
3171154,0.32898775895741705,44
3128303,0.328987758957417,210
4201208,0.3286270586606089,170
4308904,0.3285715789797738,162
4302352,0.3283941993382329,171
4317707,0.3283933918242081,97
4320354,0.3282487314546328,30
4123907,0.32824873145463274,97
4124020,0.32824873145463274,225
4307559,0.32824873145463274,68
4109906,0.32824873145463274,105
4122404,0.32824873145463274,864
4109807,0.32824873145463274,641
4126207,0.32824873145463274,89
4119202,0.32824873145463274,88
4110201,0.32824873145463274,147
4125704,0.32824873145463274,334
4104428,0.32824873145463274,216
4126678,0.32824873145463274,128
4305959,0.32824873145463274,34
4104709,0.32824873145463274,156
4128807,0.32824873145463274,74
4104204,0.32824873145463274,1576
4202578,0.32824873145463274,24
4301800,0.32824873145463274,43
4204459,0.32824873145463274,31
4219200,0.32824873145463274,68
4208609,0.32824873145463274,40
4215695,0.32824873145463274,22
4110300,0.32824873145463274,33
4302253,0.32824873145463274,24
4115606,0.32824873145463274,244
4112405,0.32824873145463274,90
4115457,0.32824873145463274,73
4319125,0.32820468161891436,31
4113700,0.3277464937037198,4774
3201605,0.3274088752461446,396
3201506,0.32550172002943495,1112
2108009,0.3249011556980511,229
2615300,0.32490115569805106,346
2610301,0.32490115569805106,138
2205003,0.32490115569805106,84
2605608,0.32490115569805106,145
4311403,0.32483287390808036,734
4318051,0.3247701719117839,20
4312427,0.3247701719117839,17
3202702,0.32462457094464126,142
4200804,0.32366778421609893,66
4204400,0.3234660706683357,102
4218509,0.32346607066833566,138
5200852,0.3233940673450729,52
3133758,0.323378120057773,124
3162658,0.323378120057773,22
3501509,0.323378120057773,48
3543204,0.323378120057773,46
3105004,0.323378120057773,50
3540903,0.323378120057773,191
3127602,0.323378120057773,134
3113909,0.323378120057773,132
3151305,0.32316134342281394,121
3202553,0.3230699134218166,172
4116901,0.3226456347252543,230
4106605,0.32264563472525426,241
4103370,0.32264563472525426,36
4125357,0.32264563472525426,71
4117800,0.32264563472525426,131
4128534,0.32264563472525426,130
4314464,0.32264563472525426,17
4104907,0.32264563472525426,899
4323705,0.32264563472525426,10
4120002,0.32264563472525426,87
2307205,0.3215839953774192,93
2603405,0.3215839953774192,83
1300102,0.320869765803438,277
4308607,0.3201639605448917,303
5208400,0.32008499857674444,177
2614402,0.3200780528930997,70
2308401,0.3200780528930997,396
2110609,0.3200780528930997,321
3547601,0.3200691372757161,199
4309001,0.3199288362848688,138
3151404,0.3199182021030781,269
4310207,0.3194085238301425,767
4109401,0.31934060968101186,2301
4322541,0.31921619404777046,64
4207577,0.3186542159229282,33
5222302,0.3185827793222202,65
3204807,0.3185669575831606,101
3204955,0.3185669575831606,103
3205150,0.3185669575831606,62
3142809,0.3185669575831606,218
3556354,0.3185669575831606,86
3512407,0.3185669575831606,324
3539608,0.3185669575831606,50
3122504,0.3185669575831606,46
3200300,0.3185669575831606,102
3200706,0.3185669575831606,113
3204351,0.31856695758316056,241
3168507,0.3182256301895504,88
4313904,0.3181101182766988,513
4106308,0.3178402508486585,229
4103040,0.3178402508486585,64
4100707,0.3178402508486585,125
4125753,0.3178402508486585,68
4121802,0.3178402508486585,143
4320552,0.3178402508486585,13
2702009,0.317362346478529,97
4304309,0.3172875764594207,53
4320263,0.3165947939127828,51
4318424,0.3160205090474489,53
1100148,0.31550681974105027,240
2610509,0.31521311481865927,201
2111409,0.31521311481865927,132
4316105,0.31506153671615766,78
1303205,0.31496484418967063,247
4200309,0.31495174656197883,53
4315750,0.3144052081473663,29
3115508,0.31379170088181385,160
3163805,0.3137143898454088,68
3104601,0.3137143898454088,123
3527504,0.3137143898454088,28
4316303,0.31369576294977547,34
4304200,0.31348209067739047,228
4305207,0.3134104465258469,113
4128203,0.31299366823157676,542
4118006,0.31299366823157676,151
4300505,0.31299366823157676,61
3147956,0.312577208145079,60
2701100,0.3118977842733084,118
3100302,0.3114566196567882,102
3102100,0.3112018184819888,90
4319158,0.3109843843845764,75
4317905,0.31079797998593633,139
2301307,0.30993743789118733,285
2109403,0.30993743789118733,89
2109239,0.30993743789118733,68
2311900,0.30993743789118733,141
2307502,0.30993743789118733,245
2202604,0.30993743789118733,167
2303907,0.30993743789118733,153
2612471,0.30993743789118733,124
2308302,0.30993743789118733,256
2300408,0.30993743789118733,154
2111953,0.30993743789118733,31
4215307,0.3095531223125714,110
3127388,0.30876915562026813,31
3103603,0.30876915562026813,28
3165909,0.30876915562026813,32
3553658,0.30876915562026813,11
3116407,0.30876915562026813,68
3539202,0.30876915562026813,230
3131406,0.30876915562026813,38
2516607,0.3086763340181193,77
2504850,0.3086763340181193,15
3162005,0.30861101652281353,239
5220157,0.3084963456615424,64
5003751,0.3084963456615424,176
5216007,0.3084963456615424,32
4316733,0.3082022282049401,22
4104659,0.3082022282049401,314
4305124,0.3082022282049401,41
4111209,0.3082022282049401,190
4103024,0.3082022282049401,28
4114609,0.3082022282049401,659
4101606,0.3082022282049401,342
4102406,0.3082022282049401,302
4305306,0.3082022282049401,59
2919405,0.3072674127921573,84
3305133,0.3070528289401177,36
2208304,0.306563022781419,394
3536000,0.3054018307620141,98
3153301,0.3054018307620141,44
2511103,0.3053095743255343,67
2512408,0.3053095743255343,210
4317608,0.30530163084765544,298
1100296,0.3051464562117624,78
5213087,0.30513068263943277,275
5203500,0.30513068263943277,271
5221700,0.30513068263943277,132
5106802,0.30513068263943277,80
4209805,0.3050126267214044,24
4218954,0.3049846255646975,43
4112306,0.30483835942939497,45
4119905,0.30483835942939497,3191
4315800,0.30483835942939497,83
4300877,0.30483835942939497,99
4101853,0.30483835942939497,26
2104677,0.30454368666425313,281
2613909,0.30454368666425313,815
2100956,0.30454368666425313,133
2608057,0.30454368666425313,110
2309706,0.30454368666425313,812
2108108,0.30454368666425313,211
2612208,0.30454368666425313,723
2106375,0.30454368666425313,122
2209757,0.30454368666425313,28
2604908,0.30454368666425313,81
2210102,0.30454368666425313,40
3155702,0.3041178122039519,135
1302108,0.3034975106443261,95
4218756,0.3034563485832742,50
3515350,0.3033867970011326,63
3165560,0.3033867970011326,13
3140530,0.3033867970011326,93
3158805,0.3033867970011326,45
3168200,0.3033867970011326,11
3161304,0.3033867970011326,67
3525854,0.3033867970011326,41
3111408,0.3033867970011326,97
3202603,0.3033867970011326,134
2511905,0.3032948834802401,182
5218300,0.3031166571905036,397
5206602,0.3031166571905036,33
5006275,0.3031166571905036,135
5107156,0.3031166571905036,25
5209937,0.3031166571905036,69
5202601,0.3031166571905036,32
5200308,0.3031166571905036,397
4101705,0.30282542259450795,173
4102307,0.30282542259450795,226
4115309,0.30282542259450795,80
4120408,0.30282542259450795,43
4107900,0.30282542259450795,167
4107553,0.30282542259450795,49
4123857,0.30282542259450795,134
4100301,0.30282542259450795,140
4312054,0.30282542259450795,25
4128401,0.30282542259450795,65
4128633,0.30282542259450795,64
4101507,0.30282542259450795,1193
4111902,0.30282542259450795,196
4312138,0.3028254225945079,28
4317806,0.3027085785155079,147
4206801,0.301668390156115,35
4201653,0.301668390156115,26
3102902,0.3009770914804811,91
4315008,0.3008533827595888,32
4319406,0.30032501217990365,102
4216701,0.29966736217573725,159
4217758,0.29966736217573725,26
4302105,0.29907791296913583,1035
4319802,0.2987240031689367,82
4210001,0.2972894336769975,186
4312906,0.2969402339744504,75
3123528,0.2968607227655108,71
3514205,0.2966733774469755,26
5204409,0.29640667185682573,149
5207352,0.29640667185682573,44
5218706,0.29640667185682573,56
4120333,0.2961191447813657,53
4318440,0.2961191447813657,18
3115805,0.296070732631564,96
4305405,0.2957173222663545,32
4322608,0.2954034288451504,488
4307500,0.29537456433299136,138
2615904,0.29397225856113807,98
2107902,0.29397225856113807,201
2610202,0.29397225856113807,237
2112605,0.29397225856113807,277
2106201,0.29397225856113807,113
2203404,0.29397225856113807,73
4216107,0.2934477403374945,77
3114501,0.29283861761578245,169
3526001,0.29283861761578245,191
3129103,0.29283861761578245,43
3108552,0.29283861761578245,206
3163904,0.29283861761578245,70
3162559,0.29283861761578245,152
3114709,0.29283861761578245,29
3111101,0.29283861761578245,120
3116704,0.29283861761578245,77
3514601,0.29283861761578245,87
3527009,0.29283861761578245,77
3123304,0.29283861761578245,50
3140407,0.29283861761578245,26
3521309,0.29283861761578245,143
3535705,0.29283861761578245,46
3536257,0.29283861761578245,32
4204152,0.29265769626287563,45
5211701,0.29257392535616367,61
5201603,0.29257392535616367,46
5106703,0.29257392535616367,32
5211305,0.29257392535616367,72
5000252,0.29257392535616367,69
5219258,0.29257392535616367,67
5108956,0.29257392535616367,134
5207808,0.29257392535616367,84
3201001,0.29251957504137455,195
4318408,0.29236316578747623,133
4317756,0.2922885716968397,22
4313003,0.2922885716968397,18
4306734,0.2922885716968397,41
4106407,0.2922885716968397,388
4306924,0.2922885716968397,17
4116000,0.2922885716968397,29
4322806,0.2922885716968397,206
4112108,0.2922885716968397,184
4102752,0.2922885716968397,41
4121109,0.2922885716968397,45
4127007,0.2922885716968397,136
4121307,0.2922885716968397,49
3305901,0.29117354113750116,61
2504405,0.29094551900962384,152
4303905,0.29035686280883827,608
4308409,0.290036064872333,44
3163201,0.2896641127678869,50
3200169,0.2896641127678869,152
3153400,0.2896641127678869,152
1100940,0.2894520586225264,260
3140902,0.28925412199222916,247
4107801,0.2891175917735659,54
4111308,0.2891175917735659,40
5205703,0.28904334897217154,14
2506251,0.2890117694541713,27
4310801,0.28894161671720486,226
2607752,0.28886740270762257,274
2302107,0.28886740270762257,324
2302909,0.28886740270762257,174
2307106,0.28886740270762257,349
2107308,0.28886740270762257,47
2206720,0.28886740270762257,128
2310605,0.28886740270762257,118
2611408,0.28886740270762257,83
2201606,0.28886740270762257,111
3204104,0.28799804463306233,282
3542404,0.2877454244969808,170
3201704,0.2877454244969808,152
3142304,0.2877454244969808,53
3116209,0.2877454244969808,46
3540408,0.2877454244969808,40
3514700,0.2877454244969808,83
3132800,0.2877454244969808,12
5216452,0.28748346436270444,45
5218904,0.28748346436270444,206
5212303,0.28748346436270444,89
4117222,0.2873820592035194,139
4127502,0.2873820592035194,278
4319307,0.2873820592035194,34
4104303,0.2873820592035194,1062
4118600,0.2873820592035194,57
4306130,0.2873820592035194,14
4117107,0.2873820592035194,142
4121752,0.2873820592035194,90
4117057,0.2873820592035194,78
4304408,0.2869821701319834,467
2516508,0.2865876612700815,123
4313300,0.2853512489537902,246
4217501,0.2842732922726823,239
4302402,0.2828678137075933,131
4312302,0.2825987043051874,54
4316451,0.28195215119170774,76
2512788,0.2818739952128662,18
2516003,0.2818739952128662,187
3161502,0.28119235124662634,106
4215554,0.28083096432817545,24
4214904,0.28083096432817545,63
3142908,0.2801177113470397,138
4306403,0.2797556210707386,341
2204006,0.2797519547862947,38
2302206,0.2797519547862947,676
2300150,0.2797519547862947,168
2605004,0.2797519547862947,292
2202737,0.2797519547862947,73
3160454,0.27865150838053804,59
3204401,0.278651508380538,134
3533304,0.278651508380538,41
3203346,0.278651508380538,197
3143807,0.278651508380538,91
3538204,0.278651508380538,138
3202900,0.278651508380538,81
3162302,0.278651508380538,25
5217203,0.2783945912822804,119
5222054,0.2783945912822804,95
5207253,0.2783945912822804,72
5219001,0.2783945912822804,88
5221809,0.2783945912822804,34
4118501,0.27829513989334215,921
4310363,0.2782951398933421,12
4121356,0.2782951398933421,23
4308052,0.2782951398933421,14
4209458,0.27617532805976314,30
5219100,0.2760249629283952,82
5210208,0.2760249629283952,364
4308201,0.2759354426314402,279
4115408,0.27592603436049273,171
4316956,0.27592603436049273,37
4106209,0.27592603436049273,270
4106456,0.27592603436049273,78
4124004,0.27592603436049273,55
4124608,0.27592603436049273,75
3147600,0.2758251194151196,141
4321808,0.275331346535454,211
3108206,0.2745943518608478,54
2510709,0.27372078655690935,21
2503506,0.27372078655690935,137
2509339,0.27372078655690935,36
4318804,0.2735969524533132,355
3149408,0.27280720341489495,13
2607109,0.2727551393891109,49
2107704,0.2727551393891109,261
3203353,0.2716718345429046,124
3123858,0.2716718345429046,62
3103108,0.27167183454290456,15
3104205,0.27167183454290456,364
3146404,0.27167183454290456,47
3532843,0.27167183454290456,18
3136900,0.27167183454290456,122
3152600,0.27167183454290456,61
3551207,0.27167183454290456,45
3155504,0.27167183454290456,193
3161205,0.27167183454290456,64
3131208,0.27167183454290456,179
3169059,0.27167183454290456,16
3132008,0.27167183454290456,18
3121704,0.27167183454290456,35
3501202,0.27167183454290456,22
3516606,0.27167183454290456,68
3553906,0.27167183454290456,78
2708303,0.2715370719627608,171
5213004,0.27141893134084805,118
5200100,0.27141893134084805,182
5004007,0.27141893134084805,100
5210406,0.27141893134084805,523
5007976,0.27141893134084805,55
5219407,0.27141893134084805,78
5103106,0.27141893134084805,86
5205000,0.27141893134084805,92
5210901,0.27141893134084805,235
4315156,0.27132103492349174,20
4128658,0.27132103492349174,60
4313607,0.27132103492349174,30
4127601,0.27132103492349174,242
4320578,0.27132103492349174,12
4316428,0.27132103492349174,16
4111605,0.27132103492349174,29
4123956,0.27132103492349174,45
4118907,0.27132103492349174,135
4318481,0.27132103492349174,32
4318457,0.27132103492349174,18
4125100,0.27132103492349174,191
4309902,0.27132103492349174,53
4308706,0.27132103492349174,47
4104501,0.27132103492349174,200
4217303,0.2711509728920039,140
3200904,0.2709778773526759,469
4217956,0.2703775677407458,37
4309100,0.269716280962439,445
4313102,0.2694966710729896,35
4201273,0.26812540964028864,55
4213153,0.26812540964028864,32
4204905,0.26788059763066835,68
2205201,0.2670026937640209,164
4214607,0.2659400949913218,63
3136553,0.26593388142070895,33
3545506,0.26593388142070895,50
3114006,0.26593388142070895,72
3128600,0.26593388142070895,65
5107925,0.26568437123806526,1711
5214408,0.26568437123806526,94
5003157,0.26568437123806526,341
3510153,0.26565620792166106,87
4108502,0.26558778920867987,146
4100459,0.26558778920867987,47
4103701,0.26558778920867987,1120
2514800,0.265560237856236,21
2303600,0.26476844601713456,64
2604155,0.26476844601713456,75
2311355,0.26476844601713456,154
4300208,0.2641299620402264,46
3166006,0.26370535975985815,51
3120870,0.26370535975985815,102
3121209,0.26370535975985815,88
3542909,0.26370535975985815,101
3508306,0.26370535975985815,49
3144359,0.26370535975985815,71
5205513,0.26345719004519536,282
5218789,0.26345719004519536,51
5203401,0.26345719004519536,75
5219357,0.26345719004519536,36
5204607,0.26345719004519536,47
5221304,0.26345719004519536,27
5106190,0.26345719004519536,84
5215652,0.26345719004519536,43
4127858,0.2633611272724394,128
4123824,0.2633611272724394,42
4107306,0.2633611272724394,60
4111001,0.2633611272724394,55
4123501,0.2633611272724394,343
4127700,0.2633611272724394,1590
4115804,0.2633611272724394,665
4114302,0.2633611272724394,328
4124400,0.2633611272724394,244
4116109,0.2633611272724394,106
4116802,0.2633611272724394,99
4105508,0.2633611272724394,896
4102109,0.2633611272724394,256
4108957,0.2633611272724394,89
4116406,0.2633611272724394,39
4117206,0.2633611272724394,71
1303304,0.2621843075156076,252
4310439,0.2621252925130015,51
1507755,0.2612755410873615,84
4318903,0.26015989919539995,368
4210050,0.26007194291051305,16
4219408,0.26007194291051305,44
4212007,0.26007194291051305,89
4315404,0.25930672396362364,59
4310108,0.258777881185187,375
4314498,0.25867435750028656,40
4306957,0.25858943540084345,33
4215679,0.2585408905789929,99
2513505,0.257870008195195,40
2508554,0.257870008195195,39
4320701,0.2577934120965927,120
4312443,0.2574927690434338,30
4305900,0.2572260948661017,77
4122156,0.2572254592415939,230
2611533,0.2567804330400455,123
2307700,0.2567804330400455,1097
2302404,0.2567804330400455,396
2312502,0.2567804330400455,55
2202729,0.2567804330400455,82
2305407,0.2567804330400455,549
2105427,0.2567804330400455,252
2203008,0.2567804330400455,88
4304507,0.2564220396787056,338
4314027,0.256395226447616,33
4305801,0.25638275728724275,105
4306809,0.2560872380027616,188
3547700,0.25573826378467895,87
3162575,0.25573826378467895,59
3552908,0.25573826378467895,76
3160009,0.25573826378467895,31
3532058,0.25573826378467895,41
3165537,0.25573826378467895,475
3103306,0.25573826378467895,23
3149705,0.25573826378467895,150
3125507,0.25573826378467895,29
3146602,0.25573826378467895,14
3121001,0.25573826378467895,72
3138104,0.25573826378467895,50
3141504,0.25573826378467895,55
5201207,0.25549499008093096,16
5208608,0.25549499008093096,888
5202502,0.25549499008093096,81
5219506,0.25549499008093096,37
5208301,0.25549499008093096,73
5205471,0.25549499008093096,208
5213103,0.25549499008093096,919
5204805,0.25549499008093096,101
1100924,0.25545129217265333,154
1100080,0.25545129217265333,197
4308003,0.2554013159965244,35
4120655,0.25540082381061213,37
4102000,0.25540082381061213,393
4109302,0.25540082381061213,183
4108403,0.25540082381061213,1041
4103404,0.25540082381061213,33
4315172,0.25540082381061213,16
4110409,0.25540082381061213,53
4119707,0.25540082381061213,45
4308078,0.25540082381061213,54
4104808,0.25540082381061213,3374
4107009,0.25540082381061213,159
4303558,0.25540082381061213,36
4103909,0.25540082381061213,227
4305702,0.25517081173292067,61
3107802,0.255099294193398,143
4205357,0.2540971906715897,24
4213104,0.2540971906715897,67
4212403,0.2540971906715897,30
4208955,0.2540971906715897,17
4200200,0.2540971906715897,154
4200606,0.2540971906715897,85
4205605,0.2540971906715897,47
4210902,0.2540971906715897,41
4219101,0.2540971906715897,40
4321477,0.2539072578006597,12
4301206,0.2531507086628351,70
4322533,0.25227821617932383,46
4311254,0.2522429864752242,35
1720853,0.25136532703108716,29
4321857,0.25131048360981456,70
3112802,0.25006063486806124,105
2601300,0.2492581646919364,104
2200053,0.2492581646919364,61
2207777,0.24925816469193637,46
2312601,0.2489782092114509,111
2313807,0.24897820921145083,224
3514502,0.24888156013685792,110
3520608,0.24888156013685792,34
3147709,0.24888156013685792,89
3549300,0.2488815601368579,14
3114808,0.2488815601368579,32
3109808,0.2488815601368579,19
3167905,0.2488815601368579,44
3128402,0.2488815601368579,72
3200409,0.2488815601368579,385
3137536,0.2488815601368579,97
3202454,0.2488815601368579,342
3161908,0.2488815601368579,164
3543501,0.2488815601368579,83
3121407,0.2488815601368579,58
3556008,0.2488815601368579,114
3148905,0.2488815601368579,31
3555901,0.2488815601368579,16
3120607,0.2488815601368579,52
3556909,0.2488815601368579,87
3504800,0.2488815601368579,72
3528106,0.2488815601368579,54
3525607,0.2488815601368579,60
3153202,0.2488815601368579,22
3164001,0.2488815601368579,77
3130606,0.2488815601368579,49
3142403,0.24888156013685786,90
3138674,0.24888156013685786,80
3204252,0.24888156013685786,85
5211602,0.2486426299066739,23
5205059,0.2486426299066739,46
5220009,0.24864262990667388,178
5210000,0.24864262990667388,506
5200159,0.24864262990667388,33
5210604,0.24864262990667388,50
5210802,0.24864262990667388,35
5203203,0.24864262990667388,147
5212253,0.24864262990667388,21
5107297,0.24864262990667388,31
5211206,0.24864262990667388,261
5218391,0.24864262990667385,44
4112009,0.24855014603028372,440
4115754,0.24855014603028372,149
4115358,0.2485501460302837,108
4117008,0.2485501460302837,69
4106506,0.2485501460302837,301
4106803,0.2485501460302837,183
4113205,0.2485501460302837,505
4322855,0.2485501460302837,15
4118402,0.2485501460302837,994
4122701,0.2485501460302837,144
4310579,0.2485501460302837,17
4319356,0.2485501460302837,54
4105409,0.2485501460302837,232
4105300,0.2485501460302837,130
4107736,0.2485501460302837,79
4312385,0.2485501460302837,13
4110102,0.2485501460302837,468
4104105,0.2485501460302837,99
4102901,0.2485501460302837,229
4106571,0.2485501460302837,38
4124053,0.2485501460302837,219
4124707,0.2485501460302837,88
4125407,0.2485501460302837,67
4306700,0.2485501460302837,15
4126306,0.2485501460302837,226
4128609,0.2485501460302837,96
4128500,0.2485501460302837,208
4117255,0.24855014603028366,132
4115200,0.24847960600761165,3319
2107456,0.24805052524456483,86
2105963,0.2480505252445648,106
2114007,0.24805052524456478,408
2300903,0.24606594577116508,137
2301851,0.24606594577116506,239
4319604,0.24534587292142265,145
4302204,0.24467514086060524,72
3201902,0.24355094599495236,382
2104552,0.24319300999679194,306
3133105,0.24206761254730763,107
4320206,0.23917497850441793,129
4315552,0.23910452147568115,24
3507407,0.23797516331052976,118
3123908,0.2370210780997603,135
2502706,0.2354956858600614,41
2514552,0.2354956858600614,11
2205540,0.23404452370117312,34
2605103,0.23404452370117312,366
2209856,0.23404452370117312,27
2305357,0.23377633462286249,292
2312403,0.23377633462286249,999
4210555,0.23375908737655765,20
3125408,0.2336837504998975,73
3109204,0.2336837504998975,76
3500600,0.23368375049989748,42
3141306,0.23368375049989748,42
3534807,0.23368375049989745,88
3151701,0.23368375049989745,140
5214861,0.2334548756512883,49
5220264,0.2334548756512883,43
5203807,0.2334548756512883,83
4103503,0.233366286346823,143
4124301,0.233366286346823,27
4101408,0.233366286346823,1191
4107751,0.23336628634682297,92
4312807,0.23336628634682297,61
4322251,0.23336628634682297,64
4116703,0.23336628634682297,130
4103222,0.23336628634682297,49
2101103,0.2328877280382447,143
4313805,0.23266657223155937,89
4321956,0.2316076906508234,77
4304903,0.23037998633048445,84
4313037,0.23011145795262464,50
4301503,0.23004303095950326,29
2513968,0.2291999787358906,22
4210506,0.22908903600102934,350
4319000,0.22901161680842486,152
4321329,0.2285387337048987,41
4300901,0.22794669593609962,60
1100098,0.22773479668591495,392
4320404,0.22763847999269604,144
2204600,0.22740209664870864,50
2615706,0.22740209664870864,134
2307650,0.2273882966936327,3110
4321451,0.22734638215472566,268
3535101,0.22704852743306622,98
3524204,0.22704852743306622,67
3517307,0.22704852743306622,49
3121803,0.22704852743306622,61
3160405,0.22704852743306622,284
3162203,0.22704852743306622,88
3170578,0.22704852743306622,60
3160108,0.22704852743306622,52
3528205,0.2270485274330662,40
4305009,0.22696679353994947,63
5219712,0.22682422770009453,73
5207402,0.22682422770009453,156
4318499,0.2267374102812115,24
4310462,0.2267374102812115,18
4110706,0.2267374102812115,677
4112207,0.22673741028121147,56
4313359,0.22673741028121147,30
4127965,0.22673741028121147,213
4123808,0.22673741028121147,116
4111704,0.22673741028121147,84
4120606,0.22673741028121147,486
4113908,0.22673741028121147,169
4301008,0.22673741028121144,165
4307906,0.22640736398942318,703
5005681,0.22574159920141235,239
4206405,0.2257190440522304,85
4207601,0.22571904405223037,52
4215752,0.22571904405223037,40
4215075,0.22571904405223037,39
4321907,0.22421396424724307,258
4310702,0.22401166109413018,29
4319372,0.2233162534115419,25
2203602,0.2212601404914616,41
2612703,0.22126014049146156,101
2300754,0.22100237405915862,669
2310308,0.2210023740591586,256
3516002,0.22091339032715332,84
3157377,0.2209133903271533,22
3112208,0.2209133903271533,31
3553955,0.2209133903271533,192
3537701,0.2209133903271533,62
3159506,0.2209133903271533,44
3542305,0.2209133903271533,51
3144904,0.22091339032715326,19
3162609,0.22091339032715326,76
5200605,0.22069342095582312,128
5005251,0.22069342095582312,137
5211800,0.22069342095582312,461
4323770,0.22060828057203072,26
4108452,0.22060828057203072,82
4124202,0.22060828057203072,34
4113106,0.22060828057203072,41
4126009,0.22060828057203072,68
4125605,0.22060828057203072,507
4107603,0.22060828057203072,212
4125456,0.22060828057203072,55
4104402,0.22060828057203072,153
4118105,0.22060828057203072,131
4125308,0.22060828057203072,55
4322327,0.2206082805720307,39
2106359,0.22014837189016426,41
2108801,0.22014837189016423,103
2104305,0.22014837189016423,158
4204707,0.21786435623958883,123
4309555,0.21686873259674885,74
3204005,0.2164602327674016,146
3205176,0.21562573729788526,227
4310850,0.2153823426885766,35
2512077,0.21185120892087902,41
4310553,0.21089009946898735,10
4301750,0.21089009946898732,25
2509602,0.2107416127131546,45
2515906,0.2107416127131546,55
1100262,0.20889793324219386,62
3203908,0.20864527653920442,505
3165206,0.20843315962108253,71
3205069,0.20827680908861343,281
2603926,0.20765954421948093,53
2616183,0.20765954421948093,81
5218052,0.20724253479240515,73
5215207,0.20724253479240515,31
5200829,0.20724253479240515,39
5222203,0.20724253479240515,61
3148509,0.20690387081248496,79
4319109,0.20617661716481508,59
4320321,0.20617661716481508,24
4322558,0.20617661716481508,13
2700904,0.2060491012652534,90
4313391,0.20554107533989777,39
4314423,0.20554107533989777,52
4304952,0.20554107533989777,20
2500734,0.20526862094055556,29
2501104,0.20526862094055556,212
2512507,0.20526862094055556,561
4312203,0.20411180639999293,37
2201002,0.20327257342134958,54
3533700,0.203198714875997,52
3531001,0.203198714875997,26
3551306,0.20319871487599697,34
3542107,0.20319871487599697,112
3203601,0.20319871487599697,69
3539004,0.20319871487599697,103
3202009,0.20319871487599697,103
3546504,0.20319871487599697,47
3204500,0.20319871487599697,99
3204609,0.20319852547103515,235
3103801,0.20191782992952753,26
3159902,0.20191782992952753,161
3119807,0.2019178299295275,29
4107405,0.20177946243316844,66
4122503,0.20177946243316844,141
4105904,0.20177946243316844,204
4111555,0.20177946243316844,83
4125803,0.20177946243316844,72
4120358,0.20177946243316844,55
4123709,0.20177946243316844,107
4107207,0.20177946243316844,530
3148806,0.20172561500494743,34
3103207,0.20172561500494743,18
3111150,0.20172561500494743,37
3158409,0.20172561500494743,23
2302701,0.2012706500403996,204
2313401,0.2012706500403996,1093
2307007,0.2012706500403996,346
4310900,0.20079201827472512,21
4313086,0.20079201827472512,19
4318614,0.20079201827472512,16
4314068,0.20079201827472512,16
4305871,0.20079201827472512,31
4320230,0.20079201827472512,19
4307401,0.20079201827472512,37
2702108,0.20066699079476794,184
3204559,0.19965166223106767,515
4312153,0.1991340708501247,53
5215256,0.1988052535051864,57
5219704,0.1988052535051864,79
5213905,0.1988052535051864,37
2201051,0.19794490580667334,83
2202026,0.19794490580667334,59
3521903,0.19787250228795808,147
3528809,0.19787250228795808,110
3528304,0.19787250228795808,33
3516507,0.19787250228795808,28
3513306,0.19787250228795808,17
3519006,0.19787250228795805,86
1101476,0.19760764305864972,59
4215406,0.19752325973218418,51
4202131,0.19752325973218418,65
4212601,0.19752325973218418,24
4212239,0.19752325973218418,31
2306405,0.1969956313359679,1461
2605400,0.19697301297528397,219
4114203,0.19648127770787227,410
4117214,0.19648127770787227,54
4122305,0.19648127770787227,371
4115002,0.19648127770787227,86
4120309,0.19648127770787224,40
4113734,0.19648127770787224,92
4111407,0.19648127770787224,173
4103354,0.19648127770787224,48
4109104,0.19648127770787224,18
3153004,0.19646277238908263,49
3162948,0.19646277238908263,91
2313351,0.1959825451418662,226
2311603,0.1959825451418662,318
2301901,0.1959825451418662,705
2308104,0.1959825451418662,532
4314753,0.1955475658811634,24
4320453,0.1955475658811634,18
4308250,0.1955475658811634,7
4322525,0.19554756588116337,30
3143500,0.1944137051455403,76
1720150,0.19391650056418064,21
2104073,0.19379297617540134,109
5216304,0.1936001227715086,102
5220603,0.1936001227715086,200
5218805,0.19360012277150856,2546
5220686,0.19360012277150856,64
5210562,0.19360012277150856,76
2202133,0.19275688136682204,72
2204808,0.19275688136682204,72
3535408,0.1926859196103114,171
3544202,0.19268591961031137,85
5103809,0.1926259183801443,36
4107850,0.19132246352281126,62
4112751,0.19132246352281126,62
4121505,0.19132246352281124,193
4112801,0.19132246352281124,165
4128005,0.19132246352281124,254
4126603,0.19132246352281124,266
4127205,0.19132246352281124,217
4123303,0.19132246352281124,107
4119103,0.19132246352281124,188
4103800,0.19132246352281124,91
4103958,0.19132246352281124,78
4123006,0.1913224635228112,168
2514206,0.19091870992641344,84
2509305,0.19091870992641344,178
2311504,0.19083371571820587,175
2309607,0.19083371571820584,667
2306256,0.19083371571820584,771
2306900,0.19083371571820584,335
2309102,0.19083371571820584,108
2301406,0.19083371571820582,176
2104099,0.18868817098963817,198
2105922,0.18868817098963814,79
2105351,0.18868817098963814,162
2110237,0.18868817098963814,60
2109700,0.18868817098963814,67
2107258,0.18868817098963814,70
2112852,0.18868817098963814,167
3126752,0.18340653268574156,46
1300631,0.18169706995359317,227
4314076,0.18088149624495445,52
4321667,0.18072653369189395,114
4207650,0.18044748760400264,87
4315909,0.1801134209819589,69
4305504,0.17862661182741751,31
4301552,0.1766081301753022,27
4314001,0.1765969202268076,98
3165008,0.17590026237074752,94
2910206,0.1758515136828885,42
4322905,0.17554757201910598,36
2609105,0.1727817634232282,123
4217154,0.17274224560320942,19
4209854,0.17274224560320942,46
4200754,0.17274224560320942,27
4205100,0.17274224560320942,54
4313334,0.1707750603162231,25
4305587,0.1707750603162231,25
4305850,0.1707750603162231,12
4315149,0.17077506031622308,46
4321469,0.17077506031622308,33
4310306,0.17077506031622308,29
4301651,0.17077506031622308,32
4316204,0.17077506031622308,32
4304697,0.17077506031622308,33
3100401,0.1704700515682051,25
3144508,0.1704700515682051,88
3159209,0.1704700515682051,66
3171907,0.1704700515682051,31
3104106,0.1704700515682051,56
3124609,0.1704700515682051,21
3161700,0.1704700515682051,58
3156601,0.1704700515682051,61
5220058,0.1697355567556532,24
5206909,0.16973555675565316,23
5215009,0.16973555675565316,118
5220207,0.16973555675565316,275
5215306,0.16973555675565316,164
5204854,0.16973555675565316,129
4313201,0.16940031962464924,245
2207207,0.16897447881610023,86
3540101,0.16891044035587885,33
3549201,0.16891044035587885,10
3505401,0.16891044035587885,55
5105234,0.16885629415558315,58
5104203,0.16885629415558315,117
3203163,0.16780860281910961,69
4107504,0.1676802778798164,121
4103305,0.16768027787981638,77
4103453,0.16768027787981638,289
4117297,0.16768027787981638,35
4123204,0.16768027787981638,35
4124806,0.16768027787981638,134
4106555,0.16768027787981638,58
4113452,0.16768027787981638,75
4117453,0.16768027787981638,71
4110953,0.16768027787981638,173
4103156,0.16768027787981638,42
4113809,0.16768027787981638,32
4121901,0.16768027787981638,156
2513109,0.16731609423605417,37
3200102,0.1673058760562904,277
2313302,0.16723943562757984,527
2307403,0.16723943562757984,278
2303501,0.16723943562757984,957
2301208,0.16723943562757984,317
2303402,0.16723943562757984,226
2308377,0.16723943562757984,151
3203700,0.16636477526790577,175
4323507,0.16510083700450082,22
4322301,0.16158865838892186,76
4119806,0.160949308145008,124
4110805,0.160949308145008,153
2313708,0.1605227491324013,53
2106003,0.15982403938359485,131
4303806,0.15825330802192464,48
2705903,0.15671546523280244,28
4315206,0.1561494727764982,29
4316501,0.1561494727764982,61
4321626,0.1561494727764982,19
4312179,0.1561494727764982,12
5210307,0.15518233442956306,27
5205406,0.15518233442956306,164
5219456,0.15518233442956306,23
2209559,0.15447437071352235,66
2201919,0.15447437071352235,37
2205151,0.15447437071352235,51
3518909,0.15441480645455258,42
3204658,0.15441480645455258,96
5103601,0.15436444392356138,82
4108205,0.15327074513527447,67
4121406,0.15327074513527447,208
4110508,0.15327074513527447,196
4125209,0.15327074513527447,99
4109005,0.15327074513527447,69
4121257,0.15327074513527447,62
2300101,0.1528608289098142,95
2307601,0.1528608289098142,524
2314102,0.1528608289098142,765
2301000,0.1528608289098142,1053
2311306,0.1528608289098142,811
2305704,0.1528608289098142,126
2709301,0.1524172770743783,633
4312757,0.15232060344978238,34
4303202,0.15156593126268564,19
4323200,0.15156593126268564,16
4303301,0.15156593126268564,24
4304655,0.15156593126268564,21
3155009,0.15118215903623436,21
3150000,0.15118215903623436,58
3107000,0.15118215903623436,29
3128501,0.15118215903623436,33
5215900,0.1505909631331041,36
5222005,0.1505909631331041,156
5220280,0.1505909631331041,22
4316006,0.15035838028489593,190
2210805,0.14990022926150462,120
2208908,0.14990022926150462,93
2101350,0.149860990417264,18
2104909,0.149860990417264,127
2110104,0.149860990417264,189
2104503,0.149860990417264,93
2108900,0.149860990417264,80
4119004,0.1487568084010887,61
4122008,0.1487568084010887,188
4117404,0.1487568084010887,40
4101903,0.1487568084010887,160
4117271,0.1487568084010887,41
4116059,0.1487568084010887,136
4126108,0.1487568084010887,73
4107538,0.1487568084010887,50
4122800,0.14875680840108868,58
4307203,0.14791019451356047,53
2301950,0.14755643256913126,305
2313104,0.14755643256913126,253
2309458,0.14755643256913126,321
2301109,0.14755643256913126,848
2312106,0.14755643256913126,172
2306801,0.14755643256913126,98
2313559,0.14755643256913126,232
2309805,0.14755643256913126,136
4214151,0.1472502468611788,36
4219150,0.1472502468611788,24
5106851,0.1471756893449571,27
5104542,0.1471756893449571,112
3554904,0.14642486156039014,76
3514957,0.14642486156039014,26
3520806,0.14642486156039014,39
3519501,0.14642486156039014,65
4111100,0.14612042379274262,63
2105948,0.1459712269584235,78
4211652,0.14583098760950094,23
2510600,0.14576453909277634,29
4323408,0.14554906045159263,33
2313500,0.14493769972388224,813
5206305,0.1440302249068099,50
3112000,0.14333112943954138,93
3129400,0.14333112943954138,50
4316758,0.14285261153525955,79
5000856,0.14280900782713418,201
4206603,0.14081092479812612,93
4301701,0.13894357443133348,75
5202353,0.13099608901772064,31
5214705,0.13099608901772064,21
5221452,0.13099608901772064,37
2200202,0.12915870388655773,187
2203420,0.12915870388655773,45
2202109,0.12915870388655773,32
2201804,0.12915870388655773,20
2200301,0.12915870388655773,84
2107803,0.12912406978462354,322
2100808,0.12912406978462354,109
2106805,0.12912406978462354,143
2100402,0.12912406978462354,52
4306452,0.12889017526613192,36
4303673,0.12889017526613192,21
4304713,0.12889017526613192,48
4323309,0.12889017526613192,26
4319364,0.12889017526613192,10
4313011,0.12889017526613192,35
4309704,0.12889017526613192,49
2517407,0.12783097837539972,24
4127809,0.12643869334939561,67
4114351,0.12643869334939561,31
4120705,0.12643869334939561,94
4115853,0.12643869334939561,103
4101309,0.12643869334939561,93
4118709,0.12643869334939561,83
4101150,0.12643869334939561,43
4102505,0.12643869334939561,93
4118451,0.12643869334939561,77
4119251,0.12643869334939561,34
4113403,0.12643869334939561,39
4124509,0.12643869334939561,86
4126900,0.12643869334939561,44
2311207,0.12593315126192287,67
2309508,0.12593315126192287,224
2306306,0.12593315126192287,491
2306207,0.12593315126192287,92
2301604,0.12593315126192287,260
2310852,0.12593315126192287,272
2303204,0.12593315126192287,338
4317954,0.1257086715033429,23
5107107,0.12495837461959017,182
5103957,0.12495837461959017,49
3552601,0.12435402716219125,85
3512100,0.12435402716219124,107
3532504,0.12435402716219124,78
3548302,0.12435402716219124,28
3546108,0.12435402716219124,26
4207858,0.12423785644345395,25
4201604,0.12423785644345395,45
4217550,0.12423785644345395,40
4215604,0.12423785644345393,37
3306156,0.12303600781718924,60
3167301,0.12275660013639866,22
3141207,0.12111390653061593,37
3117702,0.12111390653061593,129
3160959,0.12111390653061593,94
3158904,0.12111390653061593,70
3117405,0.12111390653061593,24
3110400,0.12111390653061593,30
3136579,0.12111390653061593,33
5214101,0.11284013197166695,52
5212907,0.11284013197166694,48
5219738,0.11284013197166694,101
5201306,0.11284013197166694,159
5214879,0.11284013197166694,40
2603900,0.11236978829385257,252
4319703,0.11098881770439062,23
4315131,0.1109888177043906,17
4303707,0.1109888177043906,44
4307864,0.1109888177043906,26
3137106,0.11030120697948838,37
3106408,0.11030120697948838,78
3118106,0.11030120697948836,35
3162807,0.11030120697948836,151
2103158,0.10968705652563841,117
2105708,0.1096870565256384,410
4110656,0.10883527890196311,27
4113429,0.1088352789019631,43
4102208,0.1088352789019631,44
4120853,0.1088352789019631,68
4126272,0.1088352789019631,98
4126405,0.1088352789019631,65
4108650,0.1088352789019631,63
3203304,0.10861567524402763,163
3200136,0.10861567524402763,146
3515657,0.10861567524402763,25
2501203,0.10856434871321005,101
2302503,0.1069174962343196,532
2310704,0.1069174962343196,357
2304285,0.1069174962343196,949
2311801,0.1069174962343196,763
2306553,0.1069174962343196,456
4308458,0.10383066627676919,22
4316477,0.10383066627676919,36
4319752,0.1005842525979873,31
2612109,0.09641146476551414,51
2611903,0.09641146476551414,209
4300455,0.09468168227292928,33
5210158,0.08758211799848066,28
5206800,0.08758211799848065,33
3102050,0.08738433563977965,93
2308609,0.08724276444562103,211
4319711,0.08615351855412032,15
4312005,0.0861535185541203,12
3555109,0.08601514391648359,122
3529104,0.08601514391648359,13
3507704,0.08601514391648359,54
3518008,0.08601514391648359,14
3532702,0.08601514391648359,57
2703007,0.0847521081594157,79
2702306,0.0847521081594157,787
2211407,0.08373243665004293,42
2210631,0.08373243665004293,52
2210201,0.08373243665004293,34
2203230,0.08373243665004293,39
2110500,0.08370881277132589,309
2110039,0.08370881277132589,243
5100359,0.08335345698465735,96
3142205,0.08271834996240833,94
2308500,0.08153512282857009,415
2305233,0.08153512282857009,914
2304707,0.08153512282857009,675
2304202,0.08153512282857009,1210
2311108,0.08153512282857009,252
4119657,0.08083060815223522,35
4103008,0.08083060815223522,54
4114005,0.08083060815223522,133
4124905,0.08083060815223522,58
3120805,0.07756467697441612,137
4215356,0.07689758704382058,24
4209177,0.07615016979170919,19
5003454,0.07593306631632436,179
2102002,0.07441581551486615,332
5203939,0.07025267444109656,30
3122801,0.07009102005481245,20
3166956,0.07009102005481245,26
3136108,0.07009102005481245,27
4308854,0.069085342094427,14
4301073,0.069085342094427,22
4306551,0.069085342094427,14
4323606,0.069085342094427,14
3507753,0.06897231228723438,24
3547106,0.06897231228723438,36
3528858,0.06897231228723438,37
3540853,0.06897231228723438,10
3512902,0.06897231228723438,68
3537107,0.06897231228723438,411
2210300,0.06710868601655402,58
2211506,0.06710868601655402,35
2209807,0.06710868601655402,53
2200806,0.06710868601655402,42
2209104,0.06710868601655402,54
2511004,0.06692247479180301,40
2515203,0.06692247479180301,33
2513943,0.06692247479180301,40
5108204,0.06679946144978553,35
5107750,0.06679946144978553,38
2105658,0.06624057898397509,87
2111748,0.06624057898397509,101
2107100,0.06624057898397509,239
2305803,0.06448856697126776,441
2302602,0.06448856697126776,745
2305308,0.06448856697126776,313
2310803,0.06448856697126776,246
2310209,0.06448856697126776,568
2313252,0.06448856697126776,97
2304608,0.06448856697126776,85
2302305,0.06448856697126776,275
2306702,0.06448856697126776,174
2313906,0.06448856697126776,200
2307809,0.06448856697126776,445
2314003,0.06448856697126776,420
2304806,0.06448856697126776,59
2300200,0.06448856697126776,835
2311009,0.06417622264028353,136
4216255,0.06382595703341619,65
1700350,0.06301833825868644,65
4122107,0.06101919998930989,36
4125555,0.06101919998930989,26
4106852,0.06101919998930989,36
4108551,0.06101919998930988,27
3137908,0.059005152208493866,19
3547650,0.059005152208493866,22
5214051,0.055704433561061535,101
5215405,0.05570443356106153,59
5211404,0.05570443356106152,91
5216908,0.05570443356106152,26
5207600,0.05570443356106152,39
5219605,0.05570443356106152,36
3143609,0.05557425430970736,28
3100708,0.05557425430970736,20
4307815,0.05478743258040139,25
3508207,0.05467362288419191,49
3542503,0.05467362288419191,71
3552551,0.05467362288419191,32
2312304,0.05399622962847734,570
2304103,0.051508136715323054,674
2302800,0.05127464504552319,815
2205532,0.05115120105452582,61
2201945,0.05115120105452582,63
2209450,0.05115120105452582,23
2516904,0.049457485301008575,124
2306108,0.04912130339747157,340
2305332,0.04912130339747157,89
2303303,0.04912130339747156,168
2303006,0.04912130339747156,157
2313609,0.04912130339747156,451
2303808,0.04912130339747156,162
2309300,0.04912130339747156,273
2311959,0.04912130339747156,253
2302057,0.049121303397471554,254
2306504,0.049121303397471554,174
3530201,0.04728381611958309,116
3171105,0.04668416682007746,34
2512309,0.04003630602005838,193
4307450,0.03648128255747268,35
5212600,0.03328717466477688,28
5212006,0.03328717466477688,17
5208152,0.03328717466477688,59
5221908,0.03328717466477688,46
3113602,0.03322158837328889,70
3120839,0.03322158837328889,52
3141603,0.03322158837328889,74
3130309,0.03322158837328889,66
3515608,0.03267067105480895,64
3521606,0.03267067105480895,47
2204303,0.030520052519534033,88
2203453,0.03052005251953403,55
2208858,0.03052005251953403,66
2205607,0.030520052519534026,58
2100873,0.03010997372478559,145
2105203,0.030109973724785587,97
2104628,0.030109973724785587,96
4123600,0.0299780982182297,15
2305902,0.029283618846157454,433
2312205,0.029283618846157454,385
2305654,0.02928361884615745,124
2301802,0.02928361884615745,36
2304236,0.02928361884615745,233
2308203,0.02928361884615745,222
2307635,0.02928361884615745,187
2310258,0.02928361884615745,453
2303956,0.02928361884615745,244
2304459,0.02928361884615745,225
2313005,0.02928361884615745,192
2304301,0.02928361884615745,175
2309003,0.02928361884615745,170
2313203,0.02928361884615745,236
2300507,0.02928361884615745,105
2307908,0.02928361884615745,132
2309904,0.02928361884615745,73
2300804,0.02928361884615745,91
2311405,0.029283618846157447,876
2303931,0.029283618846157447,152
2304657,0.029283618846157447,157
2311264,0.026704340237411636,209
2305605,0.02263362254838773,143
2308807,0.02263362254838773,84
2305001,0.02263362254838773,620
2308906,0.02263362254838773,269
2304905,0.02263362254838773,125
2304277,0.02263362254838773,59
2301257,0.02263362254838773,154
2309409,0.02263362254838773,334
2310951,0.02263362254838773,68
2306009,0.02263362254838773,177
2312908,0.02263362254838773,2307
2312809,0.02263362254838773,113
2312007,0.02263362254838773,287
2310100,0.02263362254838773,123
2310407,0.02263362254838773,69
2305209,0.02263362254838773,179
2304269,0.02263362254838773,85
1101104,0.022475869866370613,160
2112704,0.021699074218069228,526
2208700,0.02122578744630898,77
2205953,0.02122578744630898,139
2201903,0.02122578744630898,285
2511707,0.02097557006510599,38
4116950,0.016118339129059057,84
2708105,0.013305410415891929,86
2304350,0.005315653895231505,229
2312700,0.005315653895231505,191
2307254,0.005315653895231504,452
2306603,0.005315653895231504,222
2308351,0.005315653895231504,144
2308005,0.005315653895231504,422
2310902,0.005315653895231504,152
2311231,0.005315653895231504,79
2304251,0.005315653895231504,477
2304004,0.005315653895231504,277
2311702,0.005315653895231504,199
2300606,0.005315653895231504,113
2300705,0.005315653895231504,187
2303659,0.005315653895231504,64
2303105,0.005315653895231504,162
2310506,0.005315653895231504,335
2304509,0.0053156538952315036,221
2309201,0.0053156538952315036,213
2313955,0.0053156538952315036,205
3166204,0.004934237180748878,83
4312955,0.003191842234530152,24
4321493,0.003191842234530152,16
4321634,0.003191842234530152,15
4312351,0.003191842234530152,12
4302584,0.003191842234530152,22
4322343,0.003191842234530152,9
4311643,0.003191842234530152,17
5101001,0.0022217163689769344,37
5212055,0.0020774582289227843,35
5213855,0.0020774582289227843,32
5207105,0.0020774582289227843,22
2103125,0.0020389442096860892,88
2105807,0.0020389442096860892,68
2102077,0.0020389442096860892,105
2106672,0.0020389442096860892,33
2111722,0.0020389442096860892,62
3124708,0.002022820772060352,18
3555208,0.002022820772060352,15
3506201,0.002022820772060352,32
3515905,0.002022820772060352,27
3519105,0.002022820772060352,88
3119609,0.002022820772060352,24
3504701,0.002022820772060352,10
3554755,0.002022820772060352,19
3534757,0.002022820772060352,121
3100807,0.002022820772060352,46
3156502,0.002022820772060352,37
3109253,0.002022820772060352,20
2211605,0.0019935981753951685,20
2205904,0.0019935981753951685,68
2207751,0.0019935981753951685,42
2207793,0.0019935981753951685,27
2203859,0.0019935981753951685,22
2202091,0.0019935981753951685,22
2207553,0.0019935981753951685,34
2202075,0.0019935981753951685,24
2209302,0.0019935981753951685,34
2201572,0.0019935981753951685,26
2210052,0.0019935981753951685,68
2210359,0.0019935981753951685,26
2206506,0.0019935981753951685,87
2509156,0.001982332415804157,55
4120150,0.0013680443160332227,28
4123105,0.0013680443160332227,35
4126355,0.0013680443160332227,52
